[0m12:39:56.397828 [debug] [MainThread]: Sending event: {'category': 'dbt', 'action': 'invocation', 'label': 'start', 'context': [<snowplow_tracker.self_describing_json.SelfDescribingJson object at 0x000001B72374E3C0>, <snowplow_tracker.self_describing_json.SelfDescribingJson object at 0x000001B721095090>, <snowplow_tracker.self_describing_json.SelfDescribingJson object at 0x000001B7260479D0>]}


============================== 12:39:56.403426 | f6c183a4-2bfb-4d87-b1a4-8ab35a028fbe ==============================
[0m12:39:56.403426 [info ] [MainThread]: Running with dbt=1.12.3
[0m12:39:56.404176 [debug] [MainThread]: running dbt with arguments {'maximum_seed_size_mib': '1', 'no_print': 'None', 'version_check': 'True', 'warn_error_options': 'WarnErrorOptionsV2(error=[], warn=[], silence=[])', 'target_path': 'None', 'static_parser': 'True', 'printer_width': '80', 'write_json': 'True', 'introspect': 'True', 'log_cache_events': 'False', 'empty': 'None', 'cache_selected_only': 'False', 'log_format': 'default', 'debug': 'False', 'fail_fast': 'False', 'partial_parse': 'True', 'send_anonymous_usage_stats': 'True', 'quiet': 'False', 'warn_error': 'None', 'profiles_dir': 'C:\\Users\\Dell\\.dbt', 'use_colors': 'True', 'hints_enabled': 'True', 'invocation_command': 'dbt init project_dbt', 'use_experimental_parser': 'False', 'indirect_selection': 'eager', 'log_path': 'logs'}
[0m12:39:56.424450 [info ] [MainThread]: Creating dbt configuration folder at C:\Users\Dell\.dbt
[0m12:39:56.427115 [debug] [MainThread]: Starter project path: D:\Local Projects\DBT\.dbt_venv\Lib\site-packages\dbt\include\starter_project
[0m12:39:56.454450 [info ] [MainThread]: Setting up your profile.
[0m12:41:39.534763 [info ] [MainThread]: Profile project_dbt written to C:\Users\Dell\.dbt\profiles.yml using target's profile_template.yml and your supplied values.
[0m12:41:39.539313 [info ] [MainThread]: Running dbt debug to validate the project...
[0m12:41:39.540387 [info ] [MainThread]: dbt version: 1.12.3
[0m12:41:39.541074 [info ] [MainThread]: python version: 3.14.4
[0m12:41:39.541770 [info ] [MainThread]: python path: D:\Local Projects\DBT\.dbt_venv\Scripts\python.exe
[0m12:41:39.542539 [info ] [MainThread]: os info: Windows-10-10.0.19045-SP0
[0m12:41:39.630431 [info ] [MainThread]: Using profiles dir at C:\Users\Dell\.dbt
[0m12:41:39.631113 [info ] [MainThread]: Using profiles.yml file at C:\Users\Dell\.dbt\profiles.yml
[0m12:41:39.631972 [info ] [MainThread]: Using dbt_project.yml file at D:\Local Projects\DBT\project_dbt\dbt_project.yml
[0m12:41:39.632883 [info ] [MainThread]: adapter type: sqlserver
[0m12:41:39.633535 [info ] [MainThread]: adapter version: 1.11.1
[0m12:41:39.747065 [info ] [MainThread]: Configuration:
[0m12:41:39.747812 [info ] [MainThread]:   profiles.yml file [[32mOK found and valid[0m]
[0m12:41:39.748568 [info ] [MainThread]:   dbt_project.yml file [[32mOK found and valid[0m]
[0m12:41:39.749367 [info ] [MainThread]: Required dependencies:
[0m12:41:39.750201 [debug] [MainThread]: Executing "git --help"
[0m12:41:39.754993 [info ] [MainThread]:  - git [[31mERROR[0m]

[0m12:41:39.755667 [info ] [MainThread]: Connection:
[0m12:41:39.756292 [info ] [MainThread]:   driver: None
[0m12:41:39.756804 [info ] [MainThread]:   server: harsh
[0m12:41:39.757603 [info ] [MainThread]:   port: 1433
[0m12:41:39.758409 [info ] [MainThread]:   database: sql_local
[0m12:41:39.759124 [info ] [MainThread]:   schema: None
[0m12:41:39.759862 [info ] [MainThread]:   UID: harsh
[0m12:41:39.760426 [info ] [MainThread]:   authentication: sql
[0m12:41:39.760922 [info ] [MainThread]:   windows_login: False
[0m12:41:39.761649 [info ] [MainThread]:   retries: 3
[0m12:41:39.762767 [info ] [MainThread]:   login_timeout: 0
[0m12:41:39.796083 [info ] [MainThread]:   query_timeout: 0
[0m12:41:39.797591 [info ] [MainThread]:   trace_flag: False
[0m12:41:39.798426 [info ] [MainThread]:   encrypt: True
[0m12:41:39.799466 [info ] [MainThread]:   trust_cert: False
[0m12:41:39.800150 [info ] [MainThread]:   backend: pyodbc
[0m12:41:39.800718 [info ] [MainThread]:   xact_abort: True
[0m12:41:39.801720 [info ] [MainThread]: Registered adapter: sqlserver=1.11.1
[0m12:41:40.072090 [warn ] [MainThread]: [[33mWARNING[0m]: When True, uses SQL Server-native string type mappings: STRING -> VARCHAR(MAX), NCHAR -> NCHAR(1), NVARCHAR -> NVARCHAR(4000). When False (default), preserves legacy mappings: STRING and NVARCHAR -> VARCHAR(8000), NCHAR -> CHAR(1). The new behaviour is intended to become the default in a future release.
You may opt into the new behavior sooner by setting `flags.dbt_sqlserver_use_native_string_types` to `True` in `dbt_project.yml`.
Visit https://docs.getdbt.com/reference/global-configs/behavior-changes for more information.
[0m12:41:40.072964 [debug] [MainThread]: Sending event: {'category': 'dbt', 'action': 'BehaviorChangeEvent', 'label': 'f6c183a4-2bfb-4d87-b1a4-8ab35a028fbe', 'context': [<snowplow_tracker.self_describing_json.SelfDescribingJson object at 0x000001B726880180>]}
[0m12:41:40.073434 [warn ] [MainThread]: [[33mWARNING[0m]: When True, dbt transaction hooks (begin/commit) emit real T-SQL BEGIN TRANSACTION / COMMIT TRANSACTION statements. When False (default and legacy), begin/commit are no-ops and each statement is auto-committed by the driver. This means earlier successful statements are not rolled back if a later statement fails. This behavior is intended to become the default in a future release.
You may opt into the new behavior sooner by setting `flags.dbt_sqlserver_use_dbt_transactions` to `True` in `dbt_project.yml`.
Visit https://docs.getdbt.com/reference/global-configs/behavior-changes for more information.
[0m12:41:40.074436 [debug] [MainThread]: Sending event: {'category': 'dbt', 'action': 'BehaviorChangeEvent', 'label': 'f6c183a4-2bfb-4d87-b1a4-8ab35a028fbe', 'context': [<snowplow_tracker.self_describing_json.SelfDescribingJson object at 0x000001B726708E20>]}
[0m12:41:40.074924 [debug] [MainThread]: Acquiring new sqlserver connection 'debug'
[0m12:41:40.075207 [debug] [MainThread]: Using sqlserver connection "debug"
[0m12:41:40.075456 [debug] [MainThread]: On debug: select 1 as id
[0m12:41:40.075690 [debug] [MainThread]: Opening a new connection, currently in state init
[0m12:41:40.076017 [debug] [MainThread]: sqlserver adapter: SQL execution raised DbtRuntimeError: Runtime Error
  The `schema` profile field is required for SQL Server connections.
[0m12:41:40.076269 [debug] [MainThread]: sqlserver adapter: Error running SQL: select 1 as id
[0m12:41:40.076502 [debug] [MainThread]: sqlserver adapter: Rolling back transaction.
[0m12:41:40.076763 [info ] [MainThread]:   Connection test: [[31mERROR[0m]

[0m12:41:40.077366 [info ] [MainThread]: [31m2 checks failed:[0m
[0m12:41:40.078047 [info ] [MainThread]: Error from git --help: Could not find command, ensure it is in the user's PATH and that the user has permissions to run it: "git"

[0m12:41:40.078835 [info ] [MainThread]: dbt was unable to connect to the specified database.
The database returned the following error:

  >Runtime Error
  The `schema` profile field is required for SQL Server connections.

Check your database credentials and try again. For more information, visit:
https://docs.getdbt.com/docs/configure-your-profile


[0m12:41:40.079804 [info ] [MainThread]: Your new dbt project "project_dbt" was created!
Initialized new project in D:\Local Projects\DBT\project_dbt\project_dbt

For more information on how to configure the profiles.yml file,
please consult the dbt documentation here:

  https://docs.getdbt.com/docs/configure-your-profile

One more thing:

Need help? Don't hesitate to reach out to us via GitHub issues or on Slack:

  https://community.getdbt.com/

Happy modeling!

[0m12:41:40.081039 [info ] [MainThread]: [31mYour profile may need adjustments. You can find the logs of `dbt debug` above[0m
[0m12:41:40.082810 [debug] [MainThread]: Command `dbt init` succeeded at 12:41:40.082682 after 103.87 seconds
[0m12:41:40.083105 [debug] [MainThread]: Connection 'debug' was properly closed.
[0m12:41:40.083449 [debug] [MainThread]: Sending event: {'category': 'dbt', 'action': 'invocation', 'label': 'end', 'context': [<snowplow_tracker.self_describing_json.SelfDescribingJson object at 0x000001B726581950>, <snowplow_tracker.self_describing_json.SelfDescribingJson object at 0x000001B726581550>, <snowplow_tracker.self_describing_json.SelfDescribingJson object at 0x000001B7266BEB70>]}
[0m12:41:40.083769 [debug] [MainThread]: Flushing usage events
[0m12:41:41.623573 [debug] [MainThread]: An error was encountered while trying to flush usage events
[0m19:04:08.443895 [debug] [MainThread]: Sending event: {'category': 'dbt', 'action': 'invocation', 'label': 'start', 'context': [<snowplow_tracker.self_describing_json.SelfDescribingJson object at 0x000001A918C3E3C0>, <snowplow_tracker.self_describing_json.SelfDescribingJson object at 0x000001A9165A0F50>, <snowplow_tracker.self_describing_json.SelfDescribingJson object at 0x000001A91B5379D0>]}


============================== 19:04:08.452759 | 98e17436-046c-4eaa-b024-3459e5cb32fb ==============================
[0m19:04:08.452759 [info ] [MainThread]: Running with dbt=1.12.3
[0m19:04:08.453784 [debug] [MainThread]: running dbt with arguments {'static_parser': 'True', 'no_print': 'None', 'maximum_seed_size_mib': '1', 'warn_error_options': 'WarnErrorOptionsV2(error=[], warn=[], silence=[])', 'target_path': 'None', 'version_check': 'True', 'printer_width': '80', 'write_json': 'True', 'introspect': 'True', 'log_cache_events': 'False', 'empty': 'None', 'cache_selected_only': 'False', 'log_format': 'default', 'debug': 'False', 'fail_fast': 'False', 'profiles_dir': 'C:\\Users\\Dell\\.dbt', 'send_anonymous_usage_stats': 'True', 'quiet': 'False', 'warn_error': 'None', 'partial_parse': 'True', 'indirect_selection': 'eager', 'hints_enabled': 'True', 'invocation_command': 'dbt debug', 'use_experimental_parser': 'False', 'use_colors': 'True', 'log_path': 'logs'}
[0m19:04:08.493256 [info ] [MainThread]: dbt version: 1.12.3
[0m19:04:08.493906 [info ] [MainThread]: python version: 3.14.4
[0m19:04:08.494818 [info ] [MainThread]: python path: D:\Local Projects\DBT\.dbt_venv\Scripts\python.exe
[0m19:04:08.495643 [info ] [MainThread]: os info: Windows-10-10.0.19045-SP0
[0m19:04:08.667472 [info ] [MainThread]: Using profiles dir at C:\Users\Dell\.dbt
[0m19:04:08.668260 [info ] [MainThread]: Using profiles.yml file at C:\Users\Dell\.dbt\profiles.yml
[0m19:04:08.669108 [info ] [MainThread]: Using dbt_project.yml file at D:\Local Projects\DBT\dbt_project.yml
[0m19:04:08.669835 [info ] [MainThread]: adapter type: sqlserver
[0m19:04:08.670530 [info ] [MainThread]: adapter version: 1.11.1
[0m19:04:08.671396 [info ] [MainThread]: Configuration:
[0m19:04:08.672195 [info ] [MainThread]:   profiles.yml file [[32mOK found and valid[0m]
[0m19:04:08.672933 [info ] [MainThread]:   dbt_project.yml file [[31mERROR not found[0m]
[0m19:04:08.673575 [info ] [MainThread]: Required dependencies:
[0m19:04:08.674469 [debug] [MainThread]: Executing "git --help"
[0m19:04:08.685160 [info ] [MainThread]:  - git [[31mERROR[0m]

[0m19:04:08.685983 [info ] [MainThread]: Connection:
[0m19:04:08.687063 [info ] [MainThread]:   driver: ODBC Driver 18 for SQL Server
[0m19:04:08.687837 [info ] [MainThread]:   server: HONEY\SQLEXPRESS
[0m19:04:08.688513 [info ] [MainThread]:   port: 1433
[0m19:04:08.689255 [info ] [MainThread]:   database: sql_local
[0m19:04:08.689887 [info ] [MainThread]:   schema: dbo
[0m19:04:08.690600 [info ] [MainThread]:   UID: harsh_dbt
[0m19:04:08.691575 [info ] [MainThread]:   authentication: sql
[0m19:04:08.692738 [info ] [MainThread]:   windows_login: False
[0m19:04:08.693827 [info ] [MainThread]:   retries: 3
[0m19:04:08.694838 [info ] [MainThread]:   login_timeout: 0
[0m19:04:08.695699 [info ] [MainThread]:   query_timeout: 0
[0m19:04:08.696392 [info ] [MainThread]:   trace_flag: False
[0m19:04:08.697222 [info ] [MainThread]:   encrypt: True
[0m19:04:08.700798 [info ] [MainThread]:   trust_cert: True
[0m19:04:08.702079 [info ] [MainThread]:   backend: pyodbc
[0m19:04:08.702900 [info ] [MainThread]:   xact_abort: True
[0m19:04:08.703985 [info ] [MainThread]: Registered adapter: sqlserver=1.11.1
[0m19:04:09.055619 [warn ] [MainThread]: [[33mWARNING[0m]: When True, uses SQL Server-native string type mappings: STRING -> VARCHAR(MAX), NCHAR -> NCHAR(1), NVARCHAR -> NVARCHAR(4000). When False (default), preserves legacy mappings: STRING and NVARCHAR -> VARCHAR(8000), NCHAR -> CHAR(1). The new behaviour is intended to become the default in a future release.
You may opt into the new behavior sooner by setting `flags.dbt_sqlserver_use_native_string_types` to `True` in `dbt_project.yml`.
Visit https://docs.getdbt.com/reference/global-configs/behavior-changes for more information.
[0m19:04:09.056947 [debug] [MainThread]: Sending event: {'category': 'dbt', 'action': 'BehaviorChangeEvent', 'label': '98e17436-046c-4eaa-b024-3459e5cb32fb', 'context': [<snowplow_tracker.self_describing_json.SelfDescribingJson object at 0x000001A91B65E780>]}
[0m19:04:09.057503 [warn ] [MainThread]: [[33mWARNING[0m]: When True, dbt transaction hooks (begin/commit) emit real T-SQL BEGIN TRANSACTION / COMMIT TRANSACTION statements. When False (default and legacy), begin/commit are no-ops and each statement is auto-committed by the driver. This means earlier successful statements are not rolled back if a later statement fails. This behavior is intended to become the default in a future release.
You may opt into the new behavior sooner by setting `flags.dbt_sqlserver_use_dbt_transactions` to `True` in `dbt_project.yml`.
Visit https://docs.getdbt.com/reference/global-configs/behavior-changes for more information.
[0m19:04:09.058439 [debug] [MainThread]: Sending event: {'category': 'dbt', 'action': 'BehaviorChangeEvent', 'label': '98e17436-046c-4eaa-b024-3459e5cb32fb', 'context': [<snowplow_tracker.self_describing_json.SelfDescribingJson object at 0x000001A91B6FBDF0>]}
[0m19:04:09.059116 [debug] [MainThread]: Acquiring new sqlserver connection 'debug'
[0m19:04:09.059502 [debug] [MainThread]: Using sqlserver connection "debug"
[0m19:04:09.059929 [debug] [MainThread]: On debug: select 1 as id
[0m19:04:09.060269 [debug] [MainThread]: Opening a new connection, currently in state init
[0m19:04:09.067186 [debug] [MainThread]: sqlserver adapter: Using connection string: DRIVER={ODBC Driver 18 for SQL Server};SERVER=HONEY\SQLEXPRESS;Database=sql_local;UID=***;PWD=***;encrypt=Yes;TrustServerCertificate=Yes;APP=dbt-sqlserver/1.11.1;Pooling=true;SQL_ATTR_TRACE=SQL_OPT_TRACE_OFF;ConnectRetryCount=3;ConnectRetryInterval=10
[0m19:04:09.516655 [debug] [MainThread]: sqlserver adapter: SQL execution raised FailedToConnectError: Database Error
  ('28000', '[28000] [Microsoft][ODBC Driver 18 for SQL Server][SQL Server]Login failed for user \'harsh_dbt\'. (18456) (SQLDriverConnect); [28000] [Microsoft][ODBC Driver 18 for SQL Server][SQL Server]Cannot open database "sql_local" requested by the login. The login failed. (4060); [28000] [Microsoft][ODBC Driver 18 for SQL Server]Invalid connection string attribute (0); [28000] [Microsoft][ODBC Driver 18 for SQL Server][SQL Server]Login failed for user \'harsh_dbt\'. (18456); [28000] [Microsoft][ODBC Driver 18 for SQL Server][SQL Server]Cannot open database "sql_local" requested by the login. The login failed. (4060); [28000] [Microsoft][ODBC Driver 18 for SQL Server]Invalid connection string attribute (0)')
[0m19:04:09.517286 [debug] [MainThread]: sqlserver adapter: Error running SQL: select 1 as id
[0m19:04:09.517756 [debug] [MainThread]: sqlserver adapter: Rolling back transaction.
[0m19:04:09.518233 [debug] [MainThread]: On debug: No close available on handle
[0m19:04:09.518690 [info ] [MainThread]:   Connection test: [[31mERROR[0m]

[0m19:04:09.519439 [info ] [MainThread]: [31m3 checks failed:[0m
[0m19:04:09.520126 [info ] [MainThread]: Project loading failed for the following reason:
 project path <D:\Local Projects\DBT\dbt_project.yml> not found

[0m19:04:09.521190 [info ] [MainThread]: Error from git --help: Could not find command, ensure it is in the user's PATH and that the user has permissions to run it: "git"

[0m19:04:09.522104 [info ] [MainThread]: dbt was unable to connect to the specified database.
The database returned the following error:

  >Database Error
  ('28000', '[28000] [Microsoft][ODBC Driver 18 for SQL Server][SQL Server]Login failed for user \'harsh_dbt\'. (18456) (SQLDriverConnect); [28000] [Microsoft][ODBC Driver 18 for SQL Server][SQL Server]Cannot open database "sql_local" requested by the login. The login failed. (4060); [28000] [Microsoft][ODBC Driver 18 for SQL Server]Invalid connection string attribute (0); [28000] [Microsoft][ODBC Driver 18 for SQL Server][SQL Server]Login failed for user \'harsh_dbt\'. (18456); [28000] [Microsoft][ODBC Driver 18 for SQL Server][SQL Server]Cannot open database "sql_local" requested by the login. The login failed. (4060); [28000] [Microsoft][ODBC Driver 18 for SQL Server]Invalid connection string attribute (0)')

Check your database credentials and try again. For more information, visit:
https://docs.getdbt.com/docs/configure-your-profile


[0m19:04:09.523843 [debug] [MainThread]: Command `dbt debug` failed at 19:04:09.523593 after 1.29 seconds
[0m19:04:09.524368 [debug] [MainThread]: Connection 'debug' was properly closed.
[0m19:04:09.524867 [debug] [MainThread]: Sending event: {'category': 'dbt', 'action': 'invocation', 'label': 'end', 'context': [<snowplow_tracker.self_describing_json.SelfDescribingJson object at 0x000001A91B927750>, <snowplow_tracker.self_describing_json.SelfDescribingJson object at 0x000001A91B927E50>, <snowplow_tracker.self_describing_json.SelfDescribingJson object at 0x000001A91B92B890>]}
[0m19:04:09.525494 [debug] [MainThread]: Flushing usage events
[0m19:04:11.033568 [debug] [MainThread]: An error was encountered while trying to flush usage events
[0m19:10:00.184179 [debug] [MainThread]: Sending event: {'category': 'dbt', 'action': 'invocation', 'label': 'start', 'context': [<snowplow_tracker.self_describing_json.SelfDescribingJson object at 0x000001E3BA97E3C0>, <snowplow_tracker.self_describing_json.SelfDescribingJson object at 0x000001E3B82D9090>, <snowplow_tracker.self_describing_json.SelfDescribingJson object at 0x000001E3BD2779D0>]}


============================== 19:10:00.190385 | 01955d8c-011f-49ec-aba1-25d94ed2a7f1 ==============================
[0m19:10:00.190385 [info ] [MainThread]: Running with dbt=1.12.3
[0m19:10:00.191555 [debug] [MainThread]: running dbt with arguments {'maximum_seed_size_mib': '1', 'no_print': 'None', 'static_parser': 'True', 'target_path': 'None', 'warn_error_options': 'WarnErrorOptionsV2(error=[], warn=[], silence=[])', 'version_check': 'True', 'printer_width': '80', 'write_json': 'True', 'empty': 'None', 'log_cache_events': 'False', 'introspect': 'True', 'cache_selected_only': 'False', 'log_format': 'default', 'debug': 'False', 'fail_fast': 'False', 'partial_parse': 'True', 'send_anonymous_usage_stats': 'True', 'quiet': 'False', 'warn_error': 'None', 'profiles_dir': 'C:\\Users\\Dell\\.dbt', 'use_colors': 'True', 'hints_enabled': 'True', 'indirect_selection': 'eager', 'use_experimental_parser': 'False', 'invocation_command': 'dbt debug', 'log_path': 'logs'}
[0m19:10:00.225117 [info ] [MainThread]: dbt version: 1.12.3
[0m19:10:00.225714 [info ] [MainThread]: python version: 3.14.4
[0m19:10:00.226141 [info ] [MainThread]: python path: D:\Local Projects\DBT\.dbt_venv\Scripts\python.exe
[0m19:10:00.226722 [info ] [MainThread]: os info: Windows-10-10.0.19045-SP0
[0m19:10:00.379612 [info ] [MainThread]: Using profiles dir at C:\Users\Dell\.dbt
[0m19:10:00.380330 [info ] [MainThread]: Using profiles.yml file at C:\Users\Dell\.dbt\profiles.yml
[0m19:10:00.381159 [info ] [MainThread]: Using dbt_project.yml file at D:\Local Projects\DBT\dbt_project.yml
[0m19:10:00.381933 [info ] [MainThread]: adapter type: sqlserver
[0m19:10:00.382601 [info ] [MainThread]: adapter version: 1.11.1
[0m19:10:00.383514 [info ] [MainThread]: Configuration:
[0m19:10:00.384317 [info ] [MainThread]:   profiles.yml file [[32mOK found and valid[0m]
[0m19:10:00.385037 [info ] [MainThread]:   dbt_project.yml file [[31mERROR not found[0m]
[0m19:10:00.385637 [info ] [MainThread]: Required dependencies:
[0m19:10:00.386684 [debug] [MainThread]: Executing "git --help"
[0m19:10:00.400703 [info ] [MainThread]:  - git [[31mERROR[0m]

[0m19:10:00.401615 [info ] [MainThread]: Connection:
[0m19:10:00.402662 [info ] [MainThread]:   driver: ODBC Driver 18 for SQL Server
[0m19:10:00.403496 [info ] [MainThread]:   server: HONEY\SQLEXPRESS
[0m19:10:00.404232 [info ] [MainThread]:   port: 1433
[0m19:10:00.405179 [info ] [MainThread]:   database: sql_local
[0m19:10:00.406438 [info ] [MainThread]:   schema: dbo
[0m19:10:00.407191 [info ] [MainThread]:   UID: harsh_dbt
[0m19:10:00.407819 [info ] [MainThread]:   authentication: sql
[0m19:10:00.408530 [info ] [MainThread]:   windows_login: False
[0m19:10:00.409344 [info ] [MainThread]:   retries: 3
[0m19:10:00.410130 [info ] [MainThread]:   login_timeout: 0
[0m19:10:00.410872 [info ] [MainThread]:   query_timeout: 0
[0m19:10:00.412214 [info ] [MainThread]:   trace_flag: False
[0m19:10:00.414229 [info ] [MainThread]:   encrypt: True
[0m19:10:00.415382 [info ] [MainThread]:   trust_cert: True
[0m19:10:00.416099 [info ] [MainThread]:   backend: pyodbc
[0m19:10:00.416801 [info ] [MainThread]:   xact_abort: True
[0m19:10:00.417728 [info ] [MainThread]: Registered adapter: sqlserver=1.11.1
[0m19:10:00.666546 [warn ] [MainThread]: [[33mWARNING[0m]: When True, uses SQL Server-native string type mappings: STRING -> VARCHAR(MAX), NCHAR -> NCHAR(1), NVARCHAR -> NVARCHAR(4000). When False (default), preserves legacy mappings: STRING and NVARCHAR -> VARCHAR(8000), NCHAR -> CHAR(1). The new behaviour is intended to become the default in a future release.
You may opt into the new behavior sooner by setting `flags.dbt_sqlserver_use_native_string_types` to `True` in `dbt_project.yml`.
Visit https://docs.getdbt.com/reference/global-configs/behavior-changes for more information.
[0m19:10:00.667630 [debug] [MainThread]: Sending event: {'category': 'dbt', 'action': 'BehaviorChangeEvent', 'label': '01955d8c-011f-49ec-aba1-25d94ed2a7f1', 'context': [<snowplow_tracker.self_describing_json.SelfDescribingJson object at 0x000001E3BD39A780>]}
[0m19:10:00.668173 [warn ] [MainThread]: [[33mWARNING[0m]: When True, dbt transaction hooks (begin/commit) emit real T-SQL BEGIN TRANSACTION / COMMIT TRANSACTION statements. When False (default and legacy), begin/commit are no-ops and each statement is auto-committed by the driver. This means earlier successful statements are not rolled back if a later statement fails. This behavior is intended to become the default in a future release.
You may opt into the new behavior sooner by setting `flags.dbt_sqlserver_use_dbt_transactions` to `True` in `dbt_project.yml`.
Visit https://docs.getdbt.com/reference/global-configs/behavior-changes for more information.
[0m19:10:00.668980 [debug] [MainThread]: Sending event: {'category': 'dbt', 'action': 'BehaviorChangeEvent', 'label': '01955d8c-011f-49ec-aba1-25d94ed2a7f1', 'context': [<snowplow_tracker.self_describing_json.SelfDescribingJson object at 0x000001E3BD427DF0>]}
[0m19:10:00.669579 [debug] [MainThread]: Acquiring new sqlserver connection 'debug'
[0m19:10:00.669982 [debug] [MainThread]: Using sqlserver connection "debug"
[0m19:10:00.670330 [debug] [MainThread]: On debug: select 1 as id
[0m19:10:00.670672 [debug] [MainThread]: Opening a new connection, currently in state init
[0m19:10:00.674912 [debug] [MainThread]: sqlserver adapter: Using connection string: DRIVER={ODBC Driver 18 for SQL Server};SERVER=HONEY\SQLEXPRESS;Database=sql_local;UID=***;PWD=***;encrypt=Yes;TrustServerCertificate=Yes;APP=dbt-sqlserver/1.11.1;Pooling=true;SQL_ATTR_TRACE=SQL_OPT_TRACE_OFF;ConnectRetryCount=3;ConnectRetryInterval=10
[0m19:10:01.105639 [debug] [MainThread]: sqlserver adapter: SQL execution raised FailedToConnectError: Database Error
  ('28000', '[28000] [Microsoft][ODBC Driver 18 for SQL Server][SQL Server]Login failed for user \'harsh_dbt\'. (18456) (SQLDriverConnect); [28000] [Microsoft][ODBC Driver 18 for SQL Server][SQL Server]Cannot open database "sql_local" requested by the login. The login failed. (4060); [28000] [Microsoft][ODBC Driver 18 for SQL Server]Invalid connection string attribute (0); [28000] [Microsoft][ODBC Driver 18 for SQL Server][SQL Server]Login failed for user \'harsh_dbt\'. (18456); [28000] [Microsoft][ODBC Driver 18 for SQL Server][SQL Server]Cannot open database "sql_local" requested by the login. The login failed. (4060); [28000] [Microsoft][ODBC Driver 18 for SQL Server]Invalid connection string attribute (0)')
[0m19:10:01.106768 [debug] [MainThread]: sqlserver adapter: Error running SQL: select 1 as id
[0m19:10:01.108103 [debug] [MainThread]: sqlserver adapter: Rolling back transaction.
[0m19:10:01.108643 [debug] [MainThread]: On debug: No close available on handle
[0m19:10:01.109443 [info ] [MainThread]:   Connection test: [[31mERROR[0m]

[0m19:10:01.110715 [info ] [MainThread]: [31m3 checks failed:[0m
[0m19:10:01.111346 [info ] [MainThread]: Project loading failed for the following reason:
 project path <D:\Local Projects\DBT\dbt_project.yml> not found

[0m19:10:01.111913 [info ] [MainThread]: Error from git --help: Could not find command, ensure it is in the user's PATH and that the user has permissions to run it: "git"

[0m19:10:01.112479 [info ] [MainThread]: dbt was unable to connect to the specified database.
The database returned the following error:

  >Database Error
  ('28000', '[28000] [Microsoft][ODBC Driver 18 for SQL Server][SQL Server]Login failed for user \'harsh_dbt\'. (18456) (SQLDriverConnect); [28000] [Microsoft][ODBC Driver 18 for SQL Server][SQL Server]Cannot open database "sql_local" requested by the login. The login failed. (4060); [28000] [Microsoft][ODBC Driver 18 for SQL Server]Invalid connection string attribute (0); [28000] [Microsoft][ODBC Driver 18 for SQL Server][SQL Server]Login failed for user \'harsh_dbt\'. (18456); [28000] [Microsoft][ODBC Driver 18 for SQL Server][SQL Server]Cannot open database "sql_local" requested by the login. The login failed. (4060); [28000] [Microsoft][ODBC Driver 18 for SQL Server]Invalid connection string attribute (0)')

Check your database credentials and try again. For more information, visit:
https://docs.getdbt.com/docs/configure-your-profile


[0m19:10:01.113625 [debug] [MainThread]: Command `dbt debug` failed at 19:10:01.113498 after 1.12 seconds
[0m19:10:01.113944 [debug] [MainThread]: Connection 'debug' was properly closed.
[0m19:10:01.114230 [debug] [MainThread]: Sending event: {'category': 'dbt', 'action': 'invocation', 'label': 'end', 'context': [<snowplow_tracker.self_describing_json.SelfDescribingJson object at 0x000001E3BD677750>, <snowplow_tracker.self_describing_json.SelfDescribingJson object at 0x000001E3BD677E50>, <snowplow_tracker.self_describing_json.SelfDescribingJson object at 0x000001E3BD67B890>]}
[0m19:10:01.114545 [debug] [MainThread]: Flushing usage events
[0m19:10:02.842389 [debug] [MainThread]: An error was encountered while trying to flush usage events
[0m12:03:21.877158 [debug] [MainThread]: Sending event: {'category': 'dbt', 'action': 'invocation', 'label': 'start', 'context': [<snowplow_tracker.self_describing_json.SelfDescribingJson object at 0x000002255F93E3C0>, <snowplow_tracker.self_describing_json.SelfDescribingJson object at 0x000002255D290F50>, <snowplow_tracker.self_describing_json.SelfDescribingJson object at 0x00000225622379D0>]}


============================== 12:03:21.882899 | df7729b3-bb2a-48dd-bbbf-f6310c612ee9 ==============================
[0m12:03:21.882899 [info ] [MainThread]: Running with dbt=1.12.3
[0m12:03:21.883683 [debug] [MainThread]: running dbt with arguments {'version_check': 'True', 'no_print': 'None', 'static_parser': 'True', 'warn_error_options': 'WarnErrorOptionsV2(error=[], warn=[], silence=[])', 'maximum_seed_size_mib': '1', 'target_path': 'None', 'printer_width': '80', 'write_json': 'True', 'empty': 'None', 'log_cache_events': 'False', 'introspect': 'True', 'cache_selected_only': 'False', 'fail_fast': 'False', 'debug': 'False', 'log_format': 'default', 'partial_parse': 'True', 'send_anonymous_usage_stats': 'True', 'quiet': 'False', 'warn_error': 'None', 'profiles_dir': 'C:\\Users\\Dell\\.dbt', 'use_colors': 'True', 'hints_enabled': 'True', 'indirect_selection': 'eager', 'use_experimental_parser': 'False', 'invocation_command': 'dbt debug', 'log_path': 'logs'}
[0m12:03:21.922813 [info ] [MainThread]: dbt version: 1.12.3
[0m12:03:21.923488 [info ] [MainThread]: python version: 3.14.4
[0m12:03:21.924235 [info ] [MainThread]: python path: D:\Local Projects\DBT\.dbt_venv\Scripts\python.exe
[0m12:03:21.925048 [info ] [MainThread]: os info: Windows-10-10.0.19045-SP0
[0m12:03:26.351171 [info ] [MainThread]: Using profiles dir at C:\Users\Dell\.dbt
[0m12:03:26.351944 [info ] [MainThread]: Using profiles.yml file at C:\Users\Dell\.dbt\profiles.yml
[0m12:03:26.352957 [info ] [MainThread]: Using dbt_project.yml file at D:\Local Projects\DBT\dbt_project.yml
[0m12:03:26.354001 [info ] [MainThread]: adapter type: sqlserver
[0m12:03:26.354709 [info ] [MainThread]: adapter version: 1.11.1
[0m12:03:26.355508 [info ] [MainThread]: Configuration:
[0m12:03:26.356178 [info ] [MainThread]:   profiles.yml file [[32mOK found and valid[0m]
[0m12:03:26.356750 [info ] [MainThread]:   dbt_project.yml file [[31mERROR not found[0m]
[0m12:03:26.357323 [info ] [MainThread]: Required dependencies:
[0m12:03:26.358027 [debug] [MainThread]: Executing "git --help"
[0m12:03:26.364907 [info ] [MainThread]:  - git [[31mERROR[0m]

[0m12:03:26.365607 [info ] [MainThread]: Connection:
[0m12:03:26.366241 [info ] [MainThread]:   driver: ODBC Driver 18 for SQL Server
[0m12:03:26.368448 [info ] [MainThread]:   server: HONEY\SQLEXPRESS
[0m12:03:26.369921 [info ] [MainThread]:   port: 1433
[0m12:03:26.370470 [info ] [MainThread]:   database: sql_local
[0m12:03:26.371010 [info ] [MainThread]:   schema: dbo
[0m12:03:26.371762 [info ] [MainThread]:   UID: dbt_harsh
[0m12:03:26.372465 [info ] [MainThread]:   authentication: sql
[0m12:03:26.373010 [info ] [MainThread]:   windows_login: False
[0m12:03:26.373573 [info ] [MainThread]:   retries: 3
[0m12:03:26.374027 [info ] [MainThread]:   login_timeout: 0
[0m12:03:26.374498 [info ] [MainThread]:   query_timeout: 0
[0m12:03:26.375085 [info ] [MainThread]:   trace_flag: False
[0m12:03:26.376117 [info ] [MainThread]:   encrypt: True
[0m12:03:26.377657 [info ] [MainThread]:   trust_cert: True
[0m12:03:26.379529 [info ] [MainThread]:   backend: pyodbc
[0m12:03:26.380897 [info ] [MainThread]:   xact_abort: True
[0m12:03:26.381997 [info ] [MainThread]: Registered adapter: sqlserver=1.11.1
[0m12:03:26.803534 [warn ] [MainThread]: [[33mWARNING[0m]: When True, uses SQL Server-native string type mappings: STRING -> VARCHAR(MAX), NCHAR -> NCHAR(1), NVARCHAR -> NVARCHAR(4000). When False (default), preserves legacy mappings: STRING and NVARCHAR -> VARCHAR(8000), NCHAR -> CHAR(1). The new behaviour is intended to become the default in a future release.
You may opt into the new behavior sooner by setting `flags.dbt_sqlserver_use_native_string_types` to `True` in `dbt_project.yml`.
Visit https://docs.getdbt.com/reference/global-configs/behavior-changes for more information.
[0m12:03:26.805642 [debug] [MainThread]: Sending event: {'category': 'dbt', 'action': 'BehaviorChangeEvent', 'label': 'df7729b3-bb2a-48dd-bbbf-f6310c612ee9', 'context': [<snowplow_tracker.self_describing_json.SelfDescribingJson object at 0x000002256235A780>]}
[0m12:03:26.806055 [warn ] [MainThread]: [[33mWARNING[0m]: When True, dbt transaction hooks (begin/commit) emit real T-SQL BEGIN TRANSACTION / COMMIT TRANSACTION statements. When False (default and legacy), begin/commit are no-ops and each statement is auto-committed by the driver. This means earlier successful statements are not rolled back if a later statement fails. This behavior is intended to become the default in a future release.
You may opt into the new behavior sooner by setting `flags.dbt_sqlserver_use_dbt_transactions` to `True` in `dbt_project.yml`.
Visit https://docs.getdbt.com/reference/global-configs/behavior-changes for more information.
[0m12:03:26.806748 [debug] [MainThread]: Sending event: {'category': 'dbt', 'action': 'BehaviorChangeEvent', 'label': 'df7729b3-bb2a-48dd-bbbf-f6310c612ee9', 'context': [<snowplow_tracker.self_describing_json.SelfDescribingJson object at 0x000002256240BDF0>]}
[0m12:03:26.807342 [debug] [MainThread]: Acquiring new sqlserver connection 'debug'
[0m12:03:26.807652 [debug] [MainThread]: Using sqlserver connection "debug"
[0m12:03:26.807890 [debug] [MainThread]: On debug: select 1 as id
[0m12:03:26.808115 [debug] [MainThread]: Opening a new connection, currently in state init
[0m12:03:26.841740 [debug] [MainThread]: sqlserver adapter: Using connection string: DRIVER={ODBC Driver 18 for SQL Server};SERVER=HONEY\SQLEXPRESS;Database=sql_local;UID=***;PWD=***;encrypt=Yes;TrustServerCertificate=Yes;APP=dbt-sqlserver/1.11.1;Pooling=true;SQL_ATTR_TRACE=SQL_OPT_TRACE_OFF;ConnectRetryCount=3;ConnectRetryInterval=10
[0m12:03:27.198530 [debug] [MainThread]: sqlserver adapter: Connected to db: sql_local
[0m12:03:27.201464 [debug] [MainThread]: SQL status: OK in 0.000 seconds
[0m12:03:27.203672 [debug] [MainThread]: On debug: Close
[0m12:03:27.204728 [info ] [MainThread]:   Connection test: [[32mOK connection ok[0m]

[0m12:03:27.205914 [info ] [MainThread]: [31m2 checks failed:[0m
[0m12:03:27.206496 [info ] [MainThread]: Project loading failed for the following reason:
 project path <D:\Local Projects\DBT\dbt_project.yml> not found

[0m12:03:27.207106 [info ] [MainThread]: Error from git --help: Could not find command, ensure it is in the user's PATH and that the user has permissions to run it: "git"

[0m12:03:27.208264 [debug] [MainThread]: Command `dbt debug` failed at 12:03:27.208143 after 5.50 seconds
[0m12:03:27.208647 [debug] [MainThread]: Connection 'debug' was properly closed.
[0m12:03:27.208932 [debug] [MainThread]: Sending event: {'category': 'dbt', 'action': 'invocation', 'label': 'end', 'context': [<snowplow_tracker.self_describing_json.SelfDescribingJson object at 0x0000022562637750>, <snowplow_tracker.self_describing_json.SelfDescribingJson object at 0x0000022562637E50>, <snowplow_tracker.self_describing_json.SelfDescribingJson object at 0x000002256263B890>]}
[0m12:03:27.209246 [debug] [MainThread]: Flushing usage events
[0m12:03:28.641056 [debug] [MainThread]: An error was encountered while trying to flush usage events
[0m12:06:37.784513 [debug] [MainThread]: Sending event: {'category': 'dbt', 'action': 'invocation', 'label': 'start', 'context': [<snowplow_tracker.self_describing_json.SelfDescribingJson object at 0x0000021B2270E3C0>, <snowplow_tracker.self_describing_json.SelfDescribingJson object at 0x0000021B20059090>, <snowplow_tracker.self_describing_json.SelfDescribingJson object at 0x0000021B250079D0>]}


============================== 12:06:37.789645 | 832d6c86-79f3-401e-9efd-7d8194bf59d6 ==============================
[0m12:06:37.789645 [info ] [MainThread]: Running with dbt=1.12.3
[0m12:06:37.790553 [debug] [MainThread]: running dbt with arguments {'version_check': 'True', 'no_print': 'None', 'maximum_seed_size_mib': '1', 'warn_error_options': 'WarnErrorOptionsV2(error=[], warn=[], silence=[])', 'target_path': 'None', 'static_parser': 'True', 'printer_width': '80', 'write_json': 'True', 'empty': 'None', 'log_cache_events': 'False', 'introspect': 'True', 'cache_selected_only': 'False', 'log_format': 'default', 'debug': 'False', 'fail_fast': 'False', 'profiles_dir': 'C:\\Users\\Dell\\.dbt', 'send_anonymous_usage_stats': 'True', 'quiet': 'False', 'warn_error': 'None', 'partial_parse': 'True', 'use_colors': 'True', 'hints_enabled': 'True', 'indirect_selection': 'eager', 'use_experimental_parser': 'False', 'invocation_command': 'dbt debug', 'log_path': 'D:\\Local Projects\\DBT\\logs'}
[0m12:06:37.819372 [info ] [MainThread]: dbt version: 1.12.3
[0m12:06:37.820042 [info ] [MainThread]: python version: 3.14.4
[0m12:06:37.820852 [info ] [MainThread]: python path: D:\Local Projects\DBT\.dbt_venv\Scripts\python.exe
[0m12:06:37.821551 [info ] [MainThread]: os info: Windows-10-10.0.19045-SP0
[0m12:06:37.990999 [info ] [MainThread]: Using profiles dir at C:\Users\Dell\.dbt
[0m12:06:37.991863 [info ] [MainThread]: Using profiles.yml file at C:\Users\Dell\.dbt\profiles.yml
[0m12:06:37.992392 [info ] [MainThread]: Using dbt_project.yml file at D:\Local Projects\DBT\dbt_project.yml
[0m12:06:37.992986 [info ] [MainThread]: adapter type: sqlserver
[0m12:06:37.993429 [info ] [MainThread]: adapter version: 1.11.1
[0m12:06:38.134679 [info ] [MainThread]: Configuration:
[0m12:06:38.135333 [info ] [MainThread]:   profiles.yml file [[32mOK found and valid[0m]
[0m12:06:38.136221 [info ] [MainThread]:   dbt_project.yml file [[32mOK found and valid[0m]
[0m12:06:38.137086 [info ] [MainThread]: Required dependencies:
[0m12:06:38.137749 [debug] [MainThread]: Executing "git --help"
[0m12:06:38.143248 [info ] [MainThread]:  - git [[31mERROR[0m]

[0m12:06:38.143888 [info ] [MainThread]: Connection:
[0m12:06:38.144663 [info ] [MainThread]:   driver: ODBC Driver 18 for SQL Server
[0m12:06:38.145425 [info ] [MainThread]:   server: HONEY\SQLEXPRESS
[0m12:06:38.146127 [info ] [MainThread]:   port: 1433
[0m12:06:38.146807 [info ] [MainThread]:   database: sql_local
[0m12:06:38.147362 [info ] [MainThread]:   schema: dbo
[0m12:06:38.148076 [info ] [MainThread]:   UID: dbt_harsh
[0m12:06:38.148636 [info ] [MainThread]:   authentication: sql
[0m12:06:38.149451 [info ] [MainThread]:   windows_login: False
[0m12:06:38.150236 [info ] [MainThread]:   retries: 3
[0m12:06:38.150996 [info ] [MainThread]:   login_timeout: 0
[0m12:06:38.151542 [info ] [MainThread]:   query_timeout: 0
[0m12:06:38.151982 [info ] [MainThread]:   trace_flag: False
[0m12:06:38.152423 [info ] [MainThread]:   encrypt: True
[0m12:06:38.152911 [info ] [MainThread]:   trust_cert: True
[0m12:06:38.153762 [info ] [MainThread]:   backend: pyodbc
[0m12:06:38.154704 [info ] [MainThread]:   xact_abort: True
[0m12:06:38.156606 [info ] [MainThread]: Registered adapter: sqlserver=1.11.1
[0m12:06:38.377890 [warn ] [MainThread]: [[33mWARNING[0m]: When True, uses SQL Server-native string type mappings: STRING -> VARCHAR(MAX), NCHAR -> NCHAR(1), NVARCHAR -> NVARCHAR(4000). When False (default), preserves legacy mappings: STRING and NVARCHAR -> VARCHAR(8000), NCHAR -> CHAR(1). The new behaviour is intended to become the default in a future release.
You may opt into the new behavior sooner by setting `flags.dbt_sqlserver_use_native_string_types` to `True` in `dbt_project.yml`.
Visit https://docs.getdbt.com/reference/global-configs/behavior-changes for more information.
[0m12:06:38.378891 [debug] [MainThread]: Sending event: {'category': 'dbt', 'action': 'BehaviorChangeEvent', 'label': '832d6c86-79f3-401e-9efd-7d8194bf59d6', 'context': [<snowplow_tracker.self_describing_json.SelfDescribingJson object at 0x0000021B2512EB10>]}
[0m12:06:38.379479 [warn ] [MainThread]: [[33mWARNING[0m]: When True, dbt transaction hooks (begin/commit) emit real T-SQL BEGIN TRANSACTION / COMMIT TRANSACTION statements. When False (default and legacy), begin/commit are no-ops and each statement is auto-committed by the driver. This means earlier successful statements are not rolled back if a later statement fails. This behavior is intended to become the default in a future release.
You may opt into the new behavior sooner by setting `flags.dbt_sqlserver_use_dbt_transactions` to `True` in `dbt_project.yml`.
Visit https://docs.getdbt.com/reference/global-configs/behavior-changes for more information.
[0m12:06:38.380252 [debug] [MainThread]: Sending event: {'category': 'dbt', 'action': 'BehaviorChangeEvent', 'label': '832d6c86-79f3-401e-9efd-7d8194bf59d6', 'context': [<snowplow_tracker.self_describing_json.SelfDescribingJson object at 0x0000021B256479B0>]}
[0m12:06:38.380868 [debug] [MainThread]: Acquiring new sqlserver connection 'debug'
[0m12:06:38.381146 [debug] [MainThread]: Using sqlserver connection "debug"
[0m12:06:38.381387 [debug] [MainThread]: On debug: select 1 as id
[0m12:06:38.381611 [debug] [MainThread]: Opening a new connection, currently in state init
[0m12:06:38.384206 [debug] [MainThread]: sqlserver adapter: Using connection string: DRIVER={ODBC Driver 18 for SQL Server};SERVER=HONEY\SQLEXPRESS;Database=sql_local;UID=***;PWD=***;encrypt=Yes;TrustServerCertificate=Yes;APP=dbt-sqlserver/1.11.1;Pooling=true;SQL_ATTR_TRACE=SQL_OPT_TRACE_OFF;ConnectRetryCount=3;ConnectRetryInterval=10
[0m12:06:38.705357 [debug] [MainThread]: sqlserver adapter: Connected to db: sql_local
[0m12:06:38.706408 [debug] [MainThread]: SQL status: OK in 0.000 seconds
[0m12:06:38.707345 [debug] [MainThread]: On debug: Close
[0m12:06:38.707682 [info ] [MainThread]:   Connection test: [[32mOK connection ok[0m]

[0m12:06:38.708152 [info ] [MainThread]: [31m1 check failed:[0m
[0m12:06:38.708576 [info ] [MainThread]: Error from git --help: Could not find command, ensure it is in the user's PATH and that the user has permissions to run it: "git"

[0m12:06:38.709537 [debug] [MainThread]: Command `dbt debug` failed at 12:06:38.709396 after 1.05 seconds
[0m12:06:38.709897 [debug] [MainThread]: Connection 'debug' was properly closed.
[0m12:06:38.710221 [debug] [MainThread]: Sending event: {'category': 'dbt', 'action': 'invocation', 'label': 'end', 'context': [<snowplow_tracker.self_describing_json.SelfDescribingJson object at 0x0000021B25780150>, <snowplow_tracker.self_describing_json.SelfDescribingJson object at 0x0000021B25780650>, <snowplow_tracker.self_describing_json.SelfDescribingJson object at 0x0000021B256A98B0>]}
[0m12:06:38.710561 [debug] [MainThread]: Flushing usage events
[0m12:06:40.078375 [debug] [MainThread]: An error was encountered while trying to flush usage events
[0m12:15:49.107890 [debug] [MainThread]: Sending event: {'category': 'dbt', 'action': 'invocation', 'label': 'start', 'context': [<snowplow_tracker.self_describing_json.SelfDescribingJson object at 0x00000248D5C5E3C0>, <snowplow_tracker.self_describing_json.SelfDescribingJson object at 0x00000248D35B9090>, <snowplow_tracker.self_describing_json.SelfDescribingJson object at 0x00000248D85579D0>]}


============================== 12:15:49.113965 | 05339a6f-425d-4112-8f61-e936f1955044 ==============================
[0m12:15:49.113965 [info ] [MainThread]: Running with dbt=1.12.3
[0m12:15:49.114656 [debug] [MainThread]: running dbt with arguments {'version_check': 'True', 'no_print': 'None', 'static_parser': 'True', 'warn_error_options': 'WarnErrorOptionsV2(error=[], warn=[], silence=[])', 'maximum_seed_size_mib': '1', 'target_path': 'None', 'printer_width': '80', 'write_json': 'True', 'introspect': 'True', 'log_cache_events': 'False', 'empty': 'None', 'cache_selected_only': 'False', 'log_format': 'default', 'debug': 'False', 'fail_fast': 'False', 'partial_parse': 'True', 'send_anonymous_usage_stats': 'True', 'quiet': 'False', 'warn_error': 'None', 'profiles_dir': 'C:\\Users\\Dell\\.dbt', 'invocation_command': 'dbt debug', 'hints_enabled': 'True', 'use_colors': 'True', 'use_experimental_parser': 'False', 'indirect_selection': 'eager', 'log_path': 'D:\\Local Projects\\DBT\\logs'}
[0m12:15:49.147706 [info ] [MainThread]: dbt version: 1.12.3
[0m12:15:49.148313 [info ] [MainThread]: python version: 3.14.4
[0m12:15:49.148780 [info ] [MainThread]: python path: D:\Local Projects\DBT\.dbt_venv\Scripts\python.exe
[0m12:15:49.149158 [info ] [MainThread]: os info: Windows-10-10.0.19045-SP0
[0m12:15:49.344987 [info ] [MainThread]: Using profiles dir at C:\Users\Dell\.dbt
[0m12:15:49.345589 [info ] [MainThread]: Using profiles.yml file at C:\Users\Dell\.dbt\profiles.yml
[0m12:15:49.346034 [info ] [MainThread]: Using dbt_project.yml file at D:\Local Projects\DBT\dbt_project.yml
[0m12:15:49.346499 [info ] [MainThread]: adapter type: sqlserver
[0m12:15:49.347004 [info ] [MainThread]: adapter version: 1.11.1
[0m12:15:49.489998 [info ] [MainThread]: Configuration:
[0m12:15:49.491009 [info ] [MainThread]:   profiles.yml file [[32mOK found and valid[0m]
[0m12:15:49.491802 [info ] [MainThread]:   dbt_project.yml file [[32mOK found and valid[0m]
[0m12:15:49.492806 [info ] [MainThread]: Required dependencies:
[0m12:15:49.493940 [debug] [MainThread]: Executing "git --help"
[0m12:15:49.501725 [info ] [MainThread]:  - git [[31mERROR[0m]

[0m12:15:49.502544 [info ] [MainThread]: Connection:
[0m12:15:49.503950 [info ] [MainThread]:   driver: ODBC Driver 18 for SQL Server
[0m12:15:49.504916 [info ] [MainThread]:   server: HONEY\SQLEXPRESS
[0m12:15:49.505845 [info ] [MainThread]:   port: 1433
[0m12:15:49.506689 [info ] [MainThread]:   database: sql_local
[0m12:15:49.507924 [info ] [MainThread]:   schema: dbo
[0m12:15:49.509279 [info ] [MainThread]:   UID: dbt_harsh
[0m12:15:49.512982 [info ] [MainThread]:   authentication: sql
[0m12:15:49.515377 [info ] [MainThread]:   windows_login: False
[0m12:15:49.516075 [info ] [MainThread]:   retries: 3
[0m12:15:49.517048 [info ] [MainThread]:   login_timeout: 0
[0m12:15:49.517679 [info ] [MainThread]:   query_timeout: 0
[0m12:15:49.518381 [info ] [MainThread]:   trace_flag: False
[0m12:15:49.519136 [info ] [MainThread]:   encrypt: True
[0m12:15:49.519762 [info ] [MainThread]:   trust_cert: True
[0m12:15:49.520370 [info ] [MainThread]:   backend: pyodbc
[0m12:15:49.521080 [info ] [MainThread]:   xact_abort: True
[0m12:15:49.522188 [info ] [MainThread]: Registered adapter: sqlserver=1.11.1
[0m12:15:49.830650 [warn ] [MainThread]: [[33mWARNING[0m]: When True, uses SQL Server-native string type mappings: STRING -> VARCHAR(MAX), NCHAR -> NCHAR(1), NVARCHAR -> NVARCHAR(4000). When False (default), preserves legacy mappings: STRING and NVARCHAR -> VARCHAR(8000), NCHAR -> CHAR(1). The new behaviour is intended to become the default in a future release.
You may opt into the new behavior sooner by setting `flags.dbt_sqlserver_use_native_string_types` to `True` in `dbt_project.yml`.
Visit https://docs.getdbt.com/reference/global-configs/behavior-changes for more information.
[0m12:15:49.831926 [debug] [MainThread]: Sending event: {'category': 'dbt', 'action': 'BehaviorChangeEvent', 'label': '05339a6f-425d-4112-8f61-e936f1955044', 'context': [<snowplow_tracker.self_describing_json.SelfDescribingJson object at 0x00000248D867EB10>]}
[0m12:15:49.832375 [warn ] [MainThread]: [[33mWARNING[0m]: When True, dbt transaction hooks (begin/commit) emit real T-SQL BEGIN TRANSACTION / COMMIT TRANSACTION statements. When False (default and legacy), begin/commit are no-ops and each statement is auto-committed by the driver. This means earlier successful statements are not rolled back if a later statement fails. This behavior is intended to become the default in a future release.
You may opt into the new behavior sooner by setting `flags.dbt_sqlserver_use_dbt_transactions` to `True` in `dbt_project.yml`.
Visit https://docs.getdbt.com/reference/global-configs/behavior-changes for more information.
[0m12:15:49.833098 [debug] [MainThread]: Sending event: {'category': 'dbt', 'action': 'BehaviorChangeEvent', 'label': '05339a6f-425d-4112-8f61-e936f1955044', 'context': [<snowplow_tracker.self_describing_json.SelfDescribingJson object at 0x00000248D8B339B0>]}
[0m12:15:49.833618 [debug] [MainThread]: Acquiring new sqlserver connection 'debug'
[0m12:15:49.833970 [debug] [MainThread]: Using sqlserver connection "debug"
[0m12:15:49.834215 [debug] [MainThread]: On debug: select 1 as id
[0m12:15:49.834447 [debug] [MainThread]: Opening a new connection, currently in state init
[0m12:15:49.840654 [debug] [MainThread]: sqlserver adapter: Using connection string: DRIVER={ODBC Driver 18 for SQL Server};SERVER=HONEY\SQLEXPRESS;Database=sql_local;UID=***;PWD=***;encrypt=Yes;TrustServerCertificate=Yes;APP=dbt-sqlserver/1.11.1;Pooling=true;SQL_ATTR_TRACE=SQL_OPT_TRACE_OFF;ConnectRetryCount=3;ConnectRetryInterval=10
[0m12:15:50.348483 [debug] [MainThread]: sqlserver adapter: Connected to db: sql_local
[0m12:15:50.352050 [debug] [MainThread]: SQL status: OK in 1.000 seconds
[0m12:15:50.354046 [debug] [MainThread]: On debug: Close
[0m12:15:50.354784 [info ] [MainThread]:   Connection test: [[32mOK connection ok[0m]

[0m12:15:50.355617 [info ] [MainThread]: [31m1 check failed:[0m
[0m12:15:50.356380 [info ] [MainThread]: Error from git --help: Could not find command, ensure it is in the user's PATH and that the user has permissions to run it: "git"

[0m12:15:50.357680 [debug] [MainThread]: Command `dbt debug` failed at 12:15:50.357546 after 1.40 seconds
[0m12:15:50.357989 [debug] [MainThread]: Connection 'debug' was properly closed.
[0m12:15:50.358272 [debug] [MainThread]: Sending event: {'category': 'dbt', 'action': 'invocation', 'label': 'end', 'context': [<snowplow_tracker.self_describing_json.SelfDescribingJson object at 0x00000248D8C6C150>, <snowplow_tracker.self_describing_json.SelfDescribingJson object at 0x00000248D8C6C650>, <snowplow_tracker.self_describing_json.SelfDescribingJson object at 0x00000248D8B998B0>]}
[0m12:15:50.358661 [debug] [MainThread]: Flushing usage events
[0m12:15:51.790744 [debug] [MainThread]: An error was encountered while trying to flush usage events
[0m12:25:50.685441 [debug] [MainThread]: Sending event: {'category': 'dbt', 'action': 'invocation', 'label': 'start', 'context': [<snowplow_tracker.self_describing_json.SelfDescribingJson object at 0x00000258227CE3C0>, <snowplow_tracker.self_describing_json.SelfDescribingJson object at 0x0000025820130F50>, <snowplow_tracker.self_describing_json.SelfDescribingJson object at 0x00000258250C79D0>]}


============================== 12:25:50.691385 | 4748623f-b81a-4097-b692-3aba83de1c97 ==============================
[0m12:25:50.691385 [info ] [MainThread]: Running with dbt=1.12.3
[0m12:25:50.692130 [debug] [MainThread]: running dbt with arguments {'maximum_seed_size_mib': '1', 'no_print': 'None', 'static_parser': 'True', 'target_path': 'None', 'version_check': 'True', 'warn_error_options': 'WarnErrorOptionsV2(error=[], warn=[], silence=[])', 'printer_width': '80', 'write_json': 'True', 'introspect': 'True', 'log_cache_events': 'False', 'empty': 'None', 'cache_selected_only': 'False', 'fail_fast': 'False', 'debug': 'False', 'log_format': 'default', 'partial_parse': 'True', 'send_anonymous_usage_stats': 'True', 'quiet': 'False', 'warn_error': 'None', 'profiles_dir': 'C:\\Users\\Dell\\.dbt', 'use_colors': 'True', 'hints_enabled': 'True', 'invocation_command': 'dbt debug', 'use_experimental_parser': 'False', 'indirect_selection': 'eager', 'log_path': 'D:\\Local Projects\\DBT\\logs'}
[0m12:25:50.731611 [info ] [MainThread]: dbt version: 1.12.3
[0m12:25:50.732372 [info ] [MainThread]: python version: 3.14.4
[0m12:25:50.733027 [info ] [MainThread]: python path: D:\Local Projects\DBT\.dbt_venv\Scripts\python.exe
[0m12:25:50.733531 [info ] [MainThread]: os info: Windows-10-10.0.19045-SP0
[0m12:25:54.738499 [info ] [MainThread]: Using profiles dir at C:\Users\Dell\.dbt
[0m12:25:54.739149 [info ] [MainThread]: Using profiles.yml file at C:\Users\Dell\.dbt\profiles.yml
[0m12:25:54.739624 [info ] [MainThread]: Using dbt_project.yml file at D:\Local Projects\DBT\dbt_project.yml
[0m12:25:54.740124 [info ] [MainThread]: adapter type: sqlserver
[0m12:25:54.740662 [info ] [MainThread]: adapter version: 1.11.1
[0m12:25:54.979150 [info ] [MainThread]: Configuration:
[0m12:25:54.980338 [info ] [MainThread]:   profiles.yml file [[32mOK found and valid[0m]
[0m12:25:54.981426 [info ] [MainThread]:   dbt_project.yml file [[32mOK found and valid[0m]
[0m12:25:54.982646 [info ] [MainThread]: Required dependencies:
[0m12:25:54.983282 [debug] [MainThread]: Executing "git --help"
[0m12:25:55.041814 [debug] [MainThread]: STDOUT: "b"usage: git [-v | --version] [-h | --help] [-C <path>] [-c <name>=<value>]\n           [--exec-path[=<path>]] [--html-path] [--man-path] [--info-path]\n           [-p | --paginate | -P | --no-pager] [--no-replace-objects] [--no-lazy-fetch]\n           [--no-optional-locks] [--no-advice] [--bare] [--git-dir=<path>]\n           [--work-tree=<path>] [--namespace=<name>] [--config-env=<name>=<envvar>]\n           <command> [<args>]\n\nThese are common Git commands used in various situations:\n\nstart a working area (see also: git help tutorial)\n   clone      Clone a repository into a new directory\n   init       Create an empty Git repository or reinitialize an existing one\n\nwork on the current change (see also: git help everyday)\n   add        Add file contents to the index\n   mv         Move or rename a file, a directory, or a symlink\n   restore    Restore working tree files\n   rm         Remove files from the working tree and from the index\n\nexamine the history and state (see also: git help revisions)\n   bisect     Use binary search to find the commit that introduced a bug\n   diff       Show changes between commits, commit and working tree, etc\n   grep       Print lines matching a pattern\n   log        Show commit logs\n   show       Show various types of objects\n   status     Show the working tree status\n\ngrow, mark and tweak your common history\n   backfill   Download missing objects in a partial clone\n   branch     List, create, or delete branches\n   commit     Record changes to the repository\n   history    EXPERIMENTAL: Rewrite history\n   merge      Join two or more development histories together\n   rebase     Reapply commits on top of another base tip\n   reset      Set `HEAD` or the index to a known state\n   switch     Switch branches\n   tag        Create, list, delete or verify tags\n\ncollaborate (see also: git help workflows)\n   fetch      Download objects and refs from another repository\n   pull       Fetch from and integrate with another repository or a local branch\n   push       Update remote refs along with associated objects\n\n'git help -a' and 'git help -g' list available subcommands and some\nconcept guides. See 'git help <command>' or 'git help <concept>'\nto read about a specific subcommand or concept.\nSee 'git help git' for an overview of the system.\n""
[0m12:25:55.042669 [debug] [MainThread]: STDERR: "b''"
[0m12:25:55.043138 [info ] [MainThread]:  - git [[32mOK found[0m]

[0m12:25:55.043933 [info ] [MainThread]: Connection:
[0m12:25:55.044612 [info ] [MainThread]:   driver: ODBC Driver 18 for SQL Server
[0m12:25:55.045046 [info ] [MainThread]:   server: HONEY\SQLEXPRESS
[0m12:25:55.045534 [info ] [MainThread]:   port: 1433
[0m12:25:55.046098 [info ] [MainThread]:   database: sql_local
[0m12:25:55.046672 [info ] [MainThread]:   schema: dbo
[0m12:25:55.047106 [info ] [MainThread]:   UID: dbt_harsh
[0m12:25:55.047656 [info ] [MainThread]:   authentication: sql
[0m12:25:55.048279 [info ] [MainThread]:   windows_login: False
[0m12:25:55.049017 [info ] [MainThread]:   retries: 3
[0m12:25:55.049806 [info ] [MainThread]:   login_timeout: 0
[0m12:25:55.050946 [info ] [MainThread]:   query_timeout: 0
[0m12:25:55.051922 [info ] [MainThread]:   trace_flag: False
[0m12:25:55.052830 [info ] [MainThread]:   encrypt: True
[0m12:25:55.053844 [info ] [MainThread]:   trust_cert: True
[0m12:25:55.055070 [info ] [MainThread]:   backend: pyodbc
[0m12:25:55.055906 [info ] [MainThread]:   xact_abort: True
[0m12:25:55.057166 [info ] [MainThread]: Registered adapter: sqlserver=1.11.1
[0m12:25:55.576658 [warn ] [MainThread]: [[33mWARNING[0m]: When True, uses SQL Server-native string type mappings: STRING -> VARCHAR(MAX), NCHAR -> NCHAR(1), NVARCHAR -> NVARCHAR(4000). When False (default), preserves legacy mappings: STRING and NVARCHAR -> VARCHAR(8000), NCHAR -> CHAR(1). The new behaviour is intended to become the default in a future release.
You may opt into the new behavior sooner by setting `flags.dbt_sqlserver_use_native_string_types` to `True` in `dbt_project.yml`.
Visit https://docs.getdbt.com/reference/global-configs/behavior-changes for more information.
[0m12:25:55.578729 [debug] [MainThread]: Sending event: {'category': 'dbt', 'action': 'BehaviorChangeEvent', 'label': '4748623f-b81a-4097-b692-3aba83de1c97', 'context': [<snowplow_tracker.self_describing_json.SelfDescribingJson object at 0x00000258251EEB10>]}
[0m12:25:55.579636 [warn ] [MainThread]: [[33mWARNING[0m]: When True, dbt transaction hooks (begin/commit) emit real T-SQL BEGIN TRANSACTION / COMMIT TRANSACTION statements. When False (default and legacy), begin/commit are no-ops and each statement is auto-committed by the driver. This means earlier successful statements are not rolled back if a later statement fails. This behavior is intended to become the default in a future release.
You may opt into the new behavior sooner by setting `flags.dbt_sqlserver_use_dbt_transactions` to `True` in `dbt_project.yml`.
Visit https://docs.getdbt.com/reference/global-configs/behavior-changes for more information.
[0m12:25:55.580501 [debug] [MainThread]: Sending event: {'category': 'dbt', 'action': 'BehaviorChangeEvent', 'label': '4748623f-b81a-4097-b692-3aba83de1c97', 'context': [<snowplow_tracker.self_describing_json.SelfDescribingJson object at 0x00000258257079B0>]}
[0m12:25:55.581115 [debug] [MainThread]: Acquiring new sqlserver connection 'debug'
[0m12:25:55.581475 [debug] [MainThread]: Using sqlserver connection "debug"
[0m12:25:55.581777 [debug] [MainThread]: On debug: select 1 as id
[0m12:25:55.582033 [debug] [MainThread]: Opening a new connection, currently in state init
[0m12:25:55.624286 [debug] [MainThread]: sqlserver adapter: Using connection string: DRIVER={ODBC Driver 18 for SQL Server};SERVER=HONEY\SQLEXPRESS;Database=sql_local;UID=***;PWD=***;encrypt=Yes;TrustServerCertificate=Yes;APP=dbt-sqlserver/1.11.1;Pooling=true;SQL_ATTR_TRACE=SQL_OPT_TRACE_OFF;ConnectRetryCount=3;ConnectRetryInterval=10
[0m12:25:56.044458 [debug] [MainThread]: sqlserver adapter: Connected to db: sql_local
[0m12:25:56.046264 [debug] [MainThread]: SQL status: OK in 0.000 seconds
[0m12:25:56.047413 [debug] [MainThread]: On debug: Close
[0m12:25:56.047945 [info ] [MainThread]:   Connection test: [[32mOK connection ok[0m]

[0m12:25:56.048538 [info ] [MainThread]: [32mAll checks passed![0m
[0m12:25:56.049919 [debug] [MainThread]: Command `dbt debug` succeeded at 12:25:56.049719 after 5.51 seconds
[0m12:25:56.050343 [debug] [MainThread]: Connection 'debug' was properly closed.
[0m12:25:56.050701 [debug] [MainThread]: Sending event: {'category': 'dbt', 'action': 'invocation', 'label': 'end', 'context': [<snowplow_tracker.self_describing_json.SelfDescribingJson object at 0x000002582583C350>, <snowplow_tracker.self_describing_json.SelfDescribingJson object at 0x000002582583C250>, <snowplow_tracker.self_describing_json.SelfDescribingJson object at 0x0000025825769E50>]}
[0m12:25:56.051097 [debug] [MainThread]: Flushing usage events
[0m12:25:57.640786 [debug] [MainThread]: An error was encountered while trying to flush usage events
[0m12:39:41.379957 [debug] [MainThread]: Sending event: {'category': 'dbt', 'action': 'invocation', 'label': 'start', 'context': [<snowplow_tracker.self_describing_json.SelfDescribingJson object at 0x000001DCE75CE3C0>, <snowplow_tracker.self_describing_json.SelfDescribingJson object at 0x000001DCE4F30F50>, <snowplow_tracker.self_describing_json.SelfDescribingJson object at 0x000001DCE9EC79D0>]}


============================== 12:39:41.385593 | 5d52b4b4-b05b-478a-999d-7e48b298d53c ==============================
[0m12:39:41.385593 [info ] [MainThread]: Running with dbt=1.12.3
[0m12:39:41.386314 [debug] [MainThread]: running dbt with arguments {'version_check': 'True', 'no_print': 'None', 'maximum_seed_size_mib': '1', 'warn_error_options': 'WarnErrorOptionsV2(error=[], warn=[], silence=[])', 'target_path': 'None', 'static_parser': 'True', 'printer_width': '80', 'write_json': 'True', 'empty': 'None', 'log_cache_events': 'False', 'introspect': 'True', 'cache_selected_only': 'False', 'fail_fast': 'False', 'debug': 'False', 'log_format': 'default', 'partial_parse': 'True', 'send_anonymous_usage_stats': 'True', 'quiet': 'False', 'warn_error': 'None', 'profiles_dir': 'C:\\Users\\Dell\\.dbt', 'use_colors': 'True', 'hints_enabled': 'True', 'invocation_command': 'dbt debug', 'use_experimental_parser': 'False', 'indirect_selection': 'eager', 'log_path': 'D:\\Local Projects\\DBT\\logs'}
[0m12:39:41.420495 [info ] [MainThread]: dbt version: 1.12.3
[0m12:39:41.421753 [info ] [MainThread]: python version: 3.14.4
[0m12:39:41.422467 [info ] [MainThread]: python path: D:\Local Projects\DBT\.dbt_venv\Scripts\python.exe
[0m12:39:41.422897 [info ] [MainThread]: os info: Windows-10-10.0.19045-SP0
[0m12:39:45.678173 [info ] [MainThread]: Using profiles dir at C:\Users\Dell\.dbt
[0m12:39:45.678751 [info ] [MainThread]: Using profiles.yml file at C:\Users\Dell\.dbt\profiles.yml
[0m12:39:45.679175 [info ] [MainThread]: Using dbt_project.yml file at D:\Local Projects\DBT\dbt_project.yml
[0m12:39:45.679549 [info ] [MainThread]: adapter type: sqlserver
[0m12:39:45.679883 [info ] [MainThread]: adapter version: 1.11.1
[0m12:39:45.808113 [info ] [MainThread]: Configuration:
[0m12:39:45.808663 [info ] [MainThread]:   profiles.yml file [[32mOK found and valid[0m]
[0m12:39:45.809110 [info ] [MainThread]:   dbt_project.yml file [[32mOK found and valid[0m]
[0m12:39:45.809482 [info ] [MainThread]: Required dependencies:
[0m12:39:45.809852 [debug] [MainThread]: Executing "git --help"
[0m12:39:45.859617 [debug] [MainThread]: STDOUT: "b"usage: git [-v | --version] [-h | --help] [-C <path>] [-c <name>=<value>]\n           [--exec-path[=<path>]] [--html-path] [--man-path] [--info-path]\n           [-p | --paginate | -P | --no-pager] [--no-replace-objects] [--no-lazy-fetch]\n           [--no-optional-locks] [--no-advice] [--bare] [--git-dir=<path>]\n           [--work-tree=<path>] [--namespace=<name>] [--config-env=<name>=<envvar>]\n           <command> [<args>]\n\nThese are common Git commands used in various situations:\n\nstart a working area (see also: git help tutorial)\n   clone      Clone a repository into a new directory\n   init       Create an empty Git repository or reinitialize an existing one\n\nwork on the current change (see also: git help everyday)\n   add        Add file contents to the index\n   mv         Move or rename a file, a directory, or a symlink\n   restore    Restore working tree files\n   rm         Remove files from the working tree and from the index\n\nexamine the history and state (see also: git help revisions)\n   bisect     Use binary search to find the commit that introduced a bug\n   diff       Show changes between commits, commit and working tree, etc\n   grep       Print lines matching a pattern\n   log        Show commit logs\n   show       Show various types of objects\n   status     Show the working tree status\n\ngrow, mark and tweak your common history\n   backfill   Download missing objects in a partial clone\n   branch     List, create, or delete branches\n   commit     Record changes to the repository\n   history    EXPERIMENTAL: Rewrite history\n   merge      Join two or more development histories together\n   rebase     Reapply commits on top of another base tip\n   reset      Set `HEAD` or the index to a known state\n   switch     Switch branches\n   tag        Create, list, delete or verify tags\n\ncollaborate (see also: git help workflows)\n   fetch      Download objects and refs from another repository\n   pull       Fetch from and integrate with another repository or a local branch\n   push       Update remote refs along with associated objects\n\n'git help -a' and 'git help -g' list available subcommands and some\nconcept guides. See 'git help <command>' or 'git help <concept>'\nto read about a specific subcommand or concept.\nSee 'git help git' for an overview of the system.\n""
[0m12:39:45.860136 [debug] [MainThread]: STDERR: "b''"
[0m12:39:45.860610 [info ] [MainThread]:  - git [[32mOK found[0m]

[0m12:39:45.861145 [info ] [MainThread]: Connection:
[0m12:39:45.861656 [info ] [MainThread]:   driver: ODBC Driver 18 for SQL Server
[0m12:39:45.862187 [info ] [MainThread]:   server: HONEY\SQLEXPRESS
[0m12:39:45.862765 [info ] [MainThread]:   port: 1433
[0m12:39:45.863357 [info ] [MainThread]:   database: sql_local
[0m12:39:45.863872 [info ] [MainThread]:   schema: dbo
[0m12:39:45.864345 [info ] [MainThread]:   UID: dbt_harsh
[0m12:39:45.864830 [info ] [MainThread]:   authentication: sql
[0m12:39:45.865304 [info ] [MainThread]:   windows_login: False
[0m12:39:45.865784 [info ] [MainThread]:   retries: 3
[0m12:39:45.866258 [info ] [MainThread]:   login_timeout: 0
[0m12:39:45.866750 [info ] [MainThread]:   query_timeout: 0
[0m12:39:45.867459 [info ] [MainThread]:   trace_flag: False
[0m12:39:45.868082 [info ] [MainThread]:   encrypt: True
[0m12:39:45.868707 [info ] [MainThread]:   trust_cert: True
[0m12:39:45.869453 [info ] [MainThread]:   backend: pyodbc
[0m12:39:45.870179 [info ] [MainThread]:   xact_abort: True
[0m12:39:45.871101 [info ] [MainThread]: Registered adapter: sqlserver=1.11.1
[0m12:39:46.354963 [warn ] [MainThread]: [[33mWARNING[0m]: When True, uses SQL Server-native string type mappings: STRING -> VARCHAR(MAX), NCHAR -> NCHAR(1), NVARCHAR -> NVARCHAR(4000). When False (default), preserves legacy mappings: STRING and NVARCHAR -> VARCHAR(8000), NCHAR -> CHAR(1). The new behaviour is intended to become the default in a future release.
You may opt into the new behavior sooner by setting `flags.dbt_sqlserver_use_native_string_types` to `True` in `dbt_project.yml`.
Visit https://docs.getdbt.com/reference/global-configs/behavior-changes for more information.
[0m12:39:46.356942 [debug] [MainThread]: Sending event: {'category': 'dbt', 'action': 'BehaviorChangeEvent', 'label': '5d52b4b4-b05b-478a-999d-7e48b298d53c', 'context': [<snowplow_tracker.self_describing_json.SelfDescribingJson object at 0x000001DCE9FEEB10>]}
[0m12:39:46.358323 [warn ] [MainThread]: [[33mWARNING[0m]: When True, dbt transaction hooks (begin/commit) emit real T-SQL BEGIN TRANSACTION / COMMIT TRANSACTION statements. When False (default and legacy), begin/commit are no-ops and each statement is auto-committed by the driver. This means earlier successful statements are not rolled back if a later statement fails. This behavior is intended to become the default in a future release.
You may opt into the new behavior sooner by setting `flags.dbt_sqlserver_use_dbt_transactions` to `True` in `dbt_project.yml`.
Visit https://docs.getdbt.com/reference/global-configs/behavior-changes for more information.
[0m12:39:46.359914 [debug] [MainThread]: Sending event: {'category': 'dbt', 'action': 'BehaviorChangeEvent', 'label': '5d52b4b4-b05b-478a-999d-7e48b298d53c', 'context': [<snowplow_tracker.self_describing_json.SelfDescribingJson object at 0x000001DCEA4A79B0>]}
[0m12:39:46.361261 [debug] [MainThread]: Acquiring new sqlserver connection 'debug'
[0m12:39:46.362220 [debug] [MainThread]: Using sqlserver connection "debug"
[0m12:39:46.362900 [debug] [MainThread]: On debug: select 1 as id
[0m12:39:46.363520 [debug] [MainThread]: Opening a new connection, currently in state init
[0m12:39:46.404103 [debug] [MainThread]: sqlserver adapter: Using connection string: DRIVER={ODBC Driver 18 for SQL Server};SERVER=HONEY\SQLEXPRESS;Database=sql_local;UID=***;PWD=***;encrypt=Yes;TrustServerCertificate=Yes;APP=dbt-sqlserver/1.11.1;Pooling=true;SQL_ATTR_TRACE=SQL_OPT_TRACE_OFF;ConnectRetryCount=3;ConnectRetryInterval=10
[0m12:39:46.821751 [debug] [MainThread]: sqlserver adapter: Connected to db: sql_local
[0m12:39:46.823080 [debug] [MainThread]: SQL status: OK in 0.000 seconds
[0m12:39:46.823906 [debug] [MainThread]: On debug: Close
[0m12:39:46.824192 [info ] [MainThread]:   Connection test: [[32mOK connection ok[0m]

[0m12:39:46.824716 [info ] [MainThread]: [32mAll checks passed![0m
[0m12:39:46.826114 [debug] [MainThread]: Command `dbt debug` succeeded at 12:39:46.825989 after 5.64 seconds
[0m12:39:46.826401 [debug] [MainThread]: Connection 'debug' was properly closed.
[0m12:39:46.826683 [debug] [MainThread]: Sending event: {'category': 'dbt', 'action': 'invocation', 'label': 'end', 'context': [<snowplow_tracker.self_describing_json.SelfDescribingJson object at 0x000001DCEA5DC350>, <snowplow_tracker.self_describing_json.SelfDescribingJson object at 0x000001DCEA5DC250>, <snowplow_tracker.self_describing_json.SelfDescribingJson object at 0x000001DCEA509E50>]}
[0m12:39:46.826999 [debug] [MainThread]: Flushing usage events
[0m12:39:48.231486 [debug] [MainThread]: An error was encountered while trying to flush usage events
[0m12:56:07.500047 [debug] [MainThread]: Sending event: {'category': 'dbt', 'action': 'invocation', 'label': 'start', 'context': [<snowplow_tracker.self_describing_json.SelfDescribingJson object at 0x000002672DE9E3C0>, <snowplow_tracker.self_describing_json.SelfDescribingJson object at 0x000002672B7F9090>, <snowplow_tracker.self_describing_json.SelfDescribingJson object at 0x00000267307F39D0>]}


============================== 12:56:07.504538 | 974b73fd-d0a5-43aa-9e1a-24ce3a1f444f ==============================
[0m12:56:07.504538 [info ] [MainThread]: Running with dbt=1.12.3
[0m12:56:07.505141 [debug] [MainThread]: running dbt with arguments {'maximum_seed_size_mib': '1', 'no_print': 'None', 'static_parser': 'True', 'warn_error_options': 'WarnErrorOptionsV2(error=[], warn=[], silence=[])', 'target_path': 'None', 'version_check': 'True', 'printer_width': '80', 'write_json': 'True', 'introspect': 'True', 'log_cache_events': 'False', 'empty': 'False', 'cache_selected_only': 'False', 'log_format': 'default', 'debug': 'False', 'fail_fast': 'False', 'profiles_dir': 'C:\\Users\\Dell\\.dbt', 'send_anonymous_usage_stats': 'True', 'quiet': 'False', 'warn_error': 'None', 'partial_parse': 'True', 'use_colors': 'True', 'hints_enabled': 'True', 'invocation_command': 'dbt run --select employee_view.sql', 'use_experimental_parser': 'False', 'indirect_selection': 'eager', 'log_path': 'D:\\Local Projects\\DBT\\logs'}
[0m12:56:07.882719 [debug] [MainThread]: Sending event: {'category': 'dbt', 'action': 'project_id', 'label': '974b73fd-d0a5-43aa-9e1a-24ce3a1f444f', 'context': [<snowplow_tracker.self_describing_json.SelfDescribingJson object at 0x00000267308716E0>]}
[0m12:56:07.951974 [debug] [MainThread]: Sending event: {'category': 'dbt', 'action': 'adapter_info', 'label': '974b73fd-d0a5-43aa-9e1a-24ce3a1f444f', 'context': [<snowplow_tracker.self_describing_json.SelfDescribingJson object at 0x000002672C07DF20>]}
[0m12:56:07.953250 [info ] [MainThread]: Registered adapter: sqlserver=1.11.1
[0m12:56:08.212622 [warn ] [MainThread]: [[33mWARNING[0m]: When True, uses SQL Server-native string type mappings: STRING -> VARCHAR(MAX), NCHAR -> NCHAR(1), NVARCHAR -> NVARCHAR(4000). When False (default), preserves legacy mappings: STRING and NVARCHAR -> VARCHAR(8000), NCHAR -> CHAR(1). The new behaviour is intended to become the default in a future release.
You may opt into the new behavior sooner by setting `flags.dbt_sqlserver_use_native_string_types` to `True` in `dbt_project.yml`.
Visit https://docs.getdbt.com/reference/global-configs/behavior-changes for more information.
[0m12:56:08.213466 [debug] [MainThread]: Sending event: {'category': 'dbt', 'action': 'BehaviorChangeEvent', 'label': '974b73fd-d0a5-43aa-9e1a-24ce3a1f444f', 'context': [<snowplow_tracker.self_describing_json.SelfDescribingJson object at 0x0000026730B81C50>]}
[0m12:56:08.214074 [warn ] [MainThread]: [[33mWARNING[0m]: When True, dbt transaction hooks (begin/commit) emit real T-SQL BEGIN TRANSACTION / COMMIT TRANSACTION statements. When False (default and legacy), begin/commit are no-ops and each statement is auto-committed by the driver. This means earlier successful statements are not rolled back if a later statement fails. This behavior is intended to become the default in a future release.
You may opt into the new behavior sooner by setting `flags.dbt_sqlserver_use_dbt_transactions` to `True` in `dbt_project.yml`.
Visit https://docs.getdbt.com/reference/global-configs/behavior-changes for more information.
[0m12:56:08.214774 [debug] [MainThread]: Sending event: {'category': 'dbt', 'action': 'BehaviorChangeEvent', 'label': '974b73fd-d0a5-43aa-9e1a-24ce3a1f444f', 'context': [<snowplow_tracker.self_describing_json.SelfDescribingJson object at 0x0000026730EE97C0>]}
[0m12:56:08.255982 [debug] [MainThread]: checksum: 61fa0cb8ebbab08e6306b916b7eee9c1bd2f4ae870aa253f37d5f612939c7047, vars: {}, profile: project_dbt, target: dev, version: 1.12.3
[0m12:56:08.257037 [info ] [MainThread]: Unable to do partial parsing because saved manifest not found. Starting full parse.
[0m12:56:08.257658 [debug] [MainThread]: Sending event: {'category': 'dbt', 'action': 'partial_parser', 'label': '974b73fd-d0a5-43aa-9e1a-24ce3a1f444f', 'context': [<snowplow_tracker.self_describing_json.SelfDescribingJson object at 0x0000026730EE12B0>]}
[0m12:56:11.913883 [warn ] [MainThread]: [[33mWARNING[0m]: Configuration paths exist in your dbt_project.yml file which do not apply to any resources.
There are 1 unused configuration paths:
- models.project_dbt.example
[0m12:56:11.919395 [debug] [MainThread]: Sending event: {'category': 'dbt', 'action': 'load_project', 'label': '974b73fd-d0a5-43aa-9e1a-24ce3a1f444f', 'context': [<snowplow_tracker.self_describing_json.SelfDescribingJson object at 0x0000026731563AD0>]}
[0m12:56:11.981673 [debug] [MainThread]: Wrote artifact WritableManifest to D:\Local Projects\DBT\target\manifest.json
[0m12:56:12.019537 [debug] [MainThread]: Wrote artifact SemanticManifest to D:\Local Projects\DBT\target\semantic_manifest.json
[0m12:56:12.064292 [debug] [MainThread]: Wrote artifact OsiDocument to D:\Local Projects\DBT\target\osi_document.json
[0m12:56:12.082830 [debug] [MainThread]: Sending event: {'category': 'dbt', 'action': 'resource_counts', 'label': '974b73fd-d0a5-43aa-9e1a-24ce3a1f444f', 'context': [<snowplow_tracker.self_describing_json.SelfDescribingJson object at 0x0000026731A2EED0>]}
[0m12:56:12.083574 [info ] [MainThread]: Found 556 macros
[0m12:56:12.084372 [debug] [MainThread]: Sending event: {'category': 'dbt', 'action': 'runnable_timing', 'label': '974b73fd-d0a5-43aa-9e1a-24ce3a1f444f', 'context': [<snowplow_tracker.self_describing_json.SelfDescribingJson object at 0x0000026731A0CD60>]}
[0m12:56:12.084957 [warn ] [MainThread]: [[33mWARNING[0m]: The selection criterion 'employee_view.sql' does not match any enabled nodes
[0m12:56:12.086643 [warn ] [MainThread]: [[33mWARNING[0m]: Nothing to do. Try checking your model configs and model specification args
[0m12:56:12.087499 [debug] [MainThread]: Command end result
[0m12:56:12.123431 [debug] [MainThread]: Wrote artifact WritableManifest to D:\Local Projects\DBT\target\manifest.json
[0m12:56:12.127074 [debug] [MainThread]: Wrote artifact SemanticManifest to D:\Local Projects\DBT\target\semantic_manifest.json
[0m12:56:12.130634 [debug] [MainThread]: Wrote artifact OsiDocument to D:\Local Projects\DBT\target\osi_document.json
[0m12:56:12.134813 [debug] [MainThread]: Wrote artifact RunExecutionResult to D:\Local Projects\DBT\target\run_results.json
[0m12:56:12.135832 [debug] [MainThread]: Command `dbt run` succeeded at 12:56:12.135693 after 4.78 seconds
[0m12:56:12.136208 [debug] [MainThread]: Sending event: {'category': 'dbt', 'action': 'invocation', 'label': 'end', 'context': [<snowplow_tracker.self_describing_json.SelfDescribingJson object at 0x0000026730D0F250>, <snowplow_tracker.self_describing_json.SelfDescribingJson object at 0x000002673195B380>, <snowplow_tracker.self_describing_json.SelfDescribingJson object at 0x000002672E3D3AD0>]}
[0m12:56:12.136531 [debug] [MainThread]: Flushing usage events
[0m12:56:13.603171 [debug] [MainThread]: An error was encountered while trying to flush usage events
[0m12:59:11.780668 [debug] [MainThread]: Sending event: {'category': 'dbt', 'action': 'invocation', 'label': 'start', 'context': [<snowplow_tracker.self_describing_json.SelfDescribingJson object at 0x00000223AFAFE3C0>, <snowplow_tracker.self_describing_json.SelfDescribingJson object at 0x00000223AD460F50>, <snowplow_tracker.self_describing_json.SelfDescribingJson object at 0x00000223B244F9D0>]}


============================== 12:59:11.785203 | 54a63ed4-62db-4c67-be0e-166078e4626c ==============================
[0m12:59:11.785203 [info ] [MainThread]: Running with dbt=1.12.3
[0m12:59:11.785953 [debug] [MainThread]: running dbt with arguments {'maximum_seed_size_mib': '1', 'no_print': 'None', 'static_parser': 'True', 'warn_error_options': 'WarnErrorOptionsV2(error=[], warn=[], silence=[])', 'target_path': 'None', 'version_check': 'True', 'printer_width': '80', 'write_json': 'True', 'introspect': 'True', 'log_cache_events': 'False', 'empty': 'False', 'cache_selected_only': 'False', 'log_format': 'default', 'debug': 'False', 'fail_fast': 'False', 'partial_parse': 'True', 'send_anonymous_usage_stats': 'True', 'quiet': 'False', 'warn_error': 'None', 'profiles_dir': 'C:\\Users\\Dell\\.dbt', 'invocation_command': 'dbt run --select employee_view', 'hints_enabled': 'True', 'use_colors': 'True', 'use_experimental_parser': 'False', 'indirect_selection': 'eager', 'log_path': 'D:\\Local Projects\\DBT\\logs'}
[0m12:59:12.157005 [debug] [MainThread]: Sending event: {'category': 'dbt', 'action': 'project_id', 'label': '54a63ed4-62db-4c67-be0e-166078e4626c', 'context': [<snowplow_tracker.self_describing_json.SelfDescribingJson object at 0x00000223B24D96E0>]}
[0m12:59:12.248802 [debug] [MainThread]: Sending event: {'category': 'dbt', 'action': 'adapter_info', 'label': '54a63ed4-62db-4c67-be0e-166078e4626c', 'context': [<snowplow_tracker.self_describing_json.SelfDescribingJson object at 0x00000223ADCDDF20>]}
[0m12:59:12.249668 [info ] [MainThread]: Registered adapter: sqlserver=1.11.1
[0m12:59:12.523024 [warn ] [MainThread]: [[33mWARNING[0m]: When True, uses SQL Server-native string type mappings: STRING -> VARCHAR(MAX), NCHAR -> NCHAR(1), NVARCHAR -> NVARCHAR(4000). When False (default), preserves legacy mappings: STRING and NVARCHAR -> VARCHAR(8000), NCHAR -> CHAR(1). The new behaviour is intended to become the default in a future release.
You may opt into the new behavior sooner by setting `flags.dbt_sqlserver_use_native_string_types` to `True` in `dbt_project.yml`.
Visit https://docs.getdbt.com/reference/global-configs/behavior-changes for more information.
[0m12:59:12.524152 [debug] [MainThread]: Sending event: {'category': 'dbt', 'action': 'BehaviorChangeEvent', 'label': '54a63ed4-62db-4c67-be0e-166078e4626c', 'context': [<snowplow_tracker.self_describing_json.SelfDescribingJson object at 0x00000223B2851C50>]}
[0m12:59:12.524616 [warn ] [MainThread]: [[33mWARNING[0m]: When True, dbt transaction hooks (begin/commit) emit real T-SQL BEGIN TRANSACTION / COMMIT TRANSACTION statements. When False (default and legacy), begin/commit are no-ops and each statement is auto-committed by the driver. This means earlier successful statements are not rolled back if a later statement fails. This behavior is intended to become the default in a future release.
You may opt into the new behavior sooner by setting `flags.dbt_sqlserver_use_dbt_transactions` to `True` in `dbt_project.yml`.
Visit https://docs.getdbt.com/reference/global-configs/behavior-changes for more information.
[0m12:59:12.525386 [debug] [MainThread]: Sending event: {'category': 'dbt', 'action': 'BehaviorChangeEvent', 'label': '54a63ed4-62db-4c67-be0e-166078e4626c', 'context': [<snowplow_tracker.self_describing_json.SelfDescribingJson object at 0x00000223B2BB97C0>]}
[0m12:59:12.537198 [debug] [MainThread]: checksum: 61fa0cb8ebbab08e6306b916b7eee9c1bd2f4ae870aa253f37d5f612939c7047, vars: {}, profile: project_dbt, target: dev, version: 1.12.3
[0m12:59:12.693211 [debug] [MainThread]: Partial parsing enabled: 0 files deleted, 0 files added, 0 files changed.
[0m12:59:12.693617 [debug] [MainThread]: Nothing changed, skipping partial parsing.
[0m12:59:12.693878 [debug] [MainThread]: Partial parsing enabled, no changes found, skipping parsing
[0m12:59:12.694266 [warn ] [MainThread]: [[33mWARNING[0m]: Configuration paths exist in your dbt_project.yml file which do not apply to any resources.
There are 1 unused configuration paths:
- models.project_dbt.example
[0m12:59:12.698991 [debug] [MainThread]: Sending event: {'category': 'dbt', 'action': 'load_project', 'label': '54a63ed4-62db-4c67-be0e-166078e4626c', 'context': [<snowplow_tracker.self_describing_json.SelfDescribingJson object at 0x00000223B2F8B5B0>]}
[0m12:59:12.795638 [debug] [MainThread]: Wrote artifact WritableManifest to D:\Local Projects\DBT\target\manifest.json
[0m12:59:12.800249 [debug] [MainThread]: Wrote artifact SemanticManifest to D:\Local Projects\DBT\target\semantic_manifest.json
[0m12:59:12.839881 [debug] [MainThread]: Wrote artifact OsiDocument to D:\Local Projects\DBT\target\osi_document.json
[0m12:59:12.855046 [debug] [MainThread]: Sending event: {'category': 'dbt', 'action': 'resource_counts', 'label': '54a63ed4-62db-4c67-be0e-166078e4626c', 'context': [<snowplow_tracker.self_describing_json.SelfDescribingJson object at 0x00000223B2E45640>]}
[0m12:59:12.855640 [info ] [MainThread]: Found 556 macros
[0m12:59:12.856419 [debug] [MainThread]: Sending event: {'category': 'dbt', 'action': 'runnable_timing', 'label': '54a63ed4-62db-4c67-be0e-166078e4626c', 'context': [<snowplow_tracker.self_describing_json.SelfDescribingJson object at 0x00000223B2FC7110>]}
[0m12:59:12.857108 [warn ] [MainThread]: [[33mWARNING[0m]: The selection criterion 'employee_view' does not match any enabled nodes
[0m12:59:12.858964 [warn ] [MainThread]: [[33mWARNING[0m]: Nothing to do. Try checking your model configs and model specification args
[0m12:59:12.862705 [debug] [MainThread]: Command end result
[0m12:59:12.896281 [debug] [MainThread]: Wrote artifact WritableManifest to D:\Local Projects\DBT\target\manifest.json
[0m12:59:12.899905 [debug] [MainThread]: Wrote artifact SemanticManifest to D:\Local Projects\DBT\target\semantic_manifest.json
[0m12:59:12.903293 [debug] [MainThread]: Wrote artifact OsiDocument to D:\Local Projects\DBT\target\osi_document.json
[0m12:59:12.907594 [debug] [MainThread]: Wrote artifact RunExecutionResult to D:\Local Projects\DBT\target\run_results.json
[0m12:59:12.909441 [debug] [MainThread]: Command `dbt run` succeeded at 12:59:12.909083 after 1.26 seconds
[0m12:59:12.909951 [debug] [MainThread]: Sending event: {'category': 'dbt', 'action': 'invocation', 'label': 'end', 'context': [<snowplow_tracker.self_describing_json.SelfDescribingJson object at 0x00000223B3023490>, <snowplow_tracker.self_describing_json.SelfDescribingJson object at 0x00000223B29DF250>, <snowplow_tracker.self_describing_json.SelfDescribingJson object at 0x00000223B2DB2E90>]}
[0m12:59:12.910286 [debug] [MainThread]: Flushing usage events
[0m12:59:14.317498 [debug] [MainThread]: An error was encountered while trying to flush usage events
[0m13:04:10.658527 [debug] [MainThread]: Sending event: {'category': 'dbt', 'action': 'invocation', 'label': 'start', 'context': [<snowplow_tracker.self_describing_json.SelfDescribingJson object at 0x0000024D7771E3C0>, <snowplow_tracker.self_describing_json.SelfDescribingJson object at 0x0000024D75079090>, <snowplow_tracker.self_describing_json.SelfDescribingJson object at 0x0000024D7A06F9D0>]}


============================== 13:04:10.663061 | fc944854-4f8b-41c4-aefc-5b17871d2f13 ==============================
[0m13:04:10.663061 [info ] [MainThread]: Running with dbt=1.12.3
[0m13:04:10.663703 [debug] [MainThread]: running dbt with arguments {'version_check': 'True', 'no_print': 'None', 'static_parser': 'True', 'warn_error_options': 'WarnErrorOptionsV2(error=[], warn=[], silence=[])', 'target_path': 'None', 'maximum_seed_size_mib': '1', 'printer_width': '80', 'write_json': 'True', 'introspect': 'True', 'log_cache_events': 'False', 'empty': 'False', 'cache_selected_only': 'False', 'log_format': 'default', 'debug': 'False', 'fail_fast': 'False', 'partial_parse': 'True', 'send_anonymous_usage_stats': 'True', 'quiet': 'False', 'warn_error': 'None', 'profiles_dir': 'C:\\Users\\Dell\\.dbt', 'invocation_command': 'dbt run --select employee_view', 'hints_enabled': 'True', 'use_colors': 'True', 'use_experimental_parser': 'False', 'indirect_selection': 'eager', 'log_path': 'D:\\Local Projects\\DBT\\logs'}
[0m13:04:10.974616 [debug] [MainThread]: Sending event: {'category': 'dbt', 'action': 'project_id', 'label': 'fc944854-4f8b-41c4-aefc-5b17871d2f13', 'context': [<snowplow_tracker.self_describing_json.SelfDescribingJson object at 0x0000024D7A1316E0>]}
[0m13:04:11.054763 [debug] [MainThread]: Sending event: {'category': 'dbt', 'action': 'adapter_info', 'label': 'fc944854-4f8b-41c4-aefc-5b17871d2f13', 'context': [<snowplow_tracker.self_describing_json.SelfDescribingJson object at 0x0000024D758FDF20>]}
[0m13:04:11.055731 [info ] [MainThread]: Registered adapter: sqlserver=1.11.1
[0m13:04:11.288910 [warn ] [MainThread]: [[33mWARNING[0m]: When True, uses SQL Server-native string type mappings: STRING -> VARCHAR(MAX), NCHAR -> NCHAR(1), NVARCHAR -> NVARCHAR(4000). When False (default), preserves legacy mappings: STRING and NVARCHAR -> VARCHAR(8000), NCHAR -> CHAR(1). The new behaviour is intended to become the default in a future release.
You may opt into the new behavior sooner by setting `flags.dbt_sqlserver_use_native_string_types` to `True` in `dbt_project.yml`.
Visit https://docs.getdbt.com/reference/global-configs/behavior-changes for more information.
[0m13:04:11.289841 [debug] [MainThread]: Sending event: {'category': 'dbt', 'action': 'BehaviorChangeEvent', 'label': 'fc944854-4f8b-41c4-aefc-5b17871d2f13', 'context': [<snowplow_tracker.self_describing_json.SelfDescribingJson object at 0x0000024D7A491C50>]}
[0m13:04:11.290311 [warn ] [MainThread]: [[33mWARNING[0m]: When True, dbt transaction hooks (begin/commit) emit real T-SQL BEGIN TRANSACTION / COMMIT TRANSACTION statements. When False (default and legacy), begin/commit are no-ops and each statement is auto-committed by the driver. This means earlier successful statements are not rolled back if a later statement fails. This behavior is intended to become the default in a future release.
You may opt into the new behavior sooner by setting `flags.dbt_sqlserver_use_dbt_transactions` to `True` in `dbt_project.yml`.
Visit https://docs.getdbt.com/reference/global-configs/behavior-changes for more information.
[0m13:04:11.291020 [debug] [MainThread]: Sending event: {'category': 'dbt', 'action': 'BehaviorChangeEvent', 'label': 'fc944854-4f8b-41c4-aefc-5b17871d2f13', 'context': [<snowplow_tracker.self_describing_json.SelfDescribingJson object at 0x0000024D7A7F97C0>]}
[0m13:04:11.301863 [debug] [MainThread]: checksum: 61fa0cb8ebbab08e6306b916b7eee9c1bd2f4ae870aa253f37d5f612939c7047, vars: {}, profile: project_dbt, target: dev, version: 1.12.3
[0m13:04:11.412661 [debug] [MainThread]: Partial parsing enabled: 0 files deleted, 0 files added, 0 files changed.
[0m13:04:11.413050 [debug] [MainThread]: Nothing changed, skipping partial parsing.
[0m13:04:11.413311 [debug] [MainThread]: Partial parsing enabled, no changes found, skipping parsing
[0m13:04:11.413690 [warn ] [MainThread]: [[33mWARNING[0m]: Configuration paths exist in your dbt_project.yml file which do not apply to any resources.
There are 1 unused configuration paths:
- models.project_dbt.example
[0m13:04:11.418338 [debug] [MainThread]: Sending event: {'category': 'dbt', 'action': 'load_project', 'label': 'fc944854-4f8b-41c4-aefc-5b17871d2f13', 'context': [<snowplow_tracker.self_describing_json.SelfDescribingJson object at 0x0000024D7ABCB5B0>]}
[0m13:04:11.506825 [debug] [MainThread]: Wrote artifact WritableManifest to D:\Local Projects\DBT\target\manifest.json
[0m13:04:11.510584 [debug] [MainThread]: Wrote artifact SemanticManifest to D:\Local Projects\DBT\target\semantic_manifest.json
[0m13:04:11.548624 [debug] [MainThread]: Wrote artifact OsiDocument to D:\Local Projects\DBT\target\osi_document.json
[0m13:04:11.564602 [debug] [MainThread]: Sending event: {'category': 'dbt', 'action': 'resource_counts', 'label': 'fc944854-4f8b-41c4-aefc-5b17871d2f13', 'context': [<snowplow_tracker.self_describing_json.SelfDescribingJson object at 0x0000024D7AA85640>]}
[0m13:04:11.565314 [info ] [MainThread]: Found 556 macros
[0m13:04:11.566208 [debug] [MainThread]: Sending event: {'category': 'dbt', 'action': 'runnable_timing', 'label': 'fc944854-4f8b-41c4-aefc-5b17871d2f13', 'context': [<snowplow_tracker.self_describing_json.SelfDescribingJson object at 0x0000024D7AC0B110>]}
[0m13:04:11.567056 [warn ] [MainThread]: [[33mWARNING[0m]: The selection criterion 'employee_view' does not match any enabled nodes
[0m13:04:11.568932 [warn ] [MainThread]: [[33mWARNING[0m]: Nothing to do. Try checking your model configs and model specification args
[0m13:04:11.571669 [debug] [MainThread]: Command end result
[0m13:04:11.606789 [debug] [MainThread]: Wrote artifact WritableManifest to D:\Local Projects\DBT\target\manifest.json
[0m13:04:11.610404 [debug] [MainThread]: Wrote artifact SemanticManifest to D:\Local Projects\DBT\target\semantic_manifest.json
[0m13:04:11.614066 [debug] [MainThread]: Wrote artifact OsiDocument to D:\Local Projects\DBT\target\osi_document.json
[0m13:04:11.618083 [debug] [MainThread]: Wrote artifact RunExecutionResult to D:\Local Projects\DBT\target\run_results.json
[0m13:04:11.619720 [debug] [MainThread]: Command `dbt run` succeeded at 13:04:11.619505 after 1.09 seconds
[0m13:04:11.620092 [debug] [MainThread]: Sending event: {'category': 'dbt', 'action': 'invocation', 'label': 'end', 'context': [<snowplow_tracker.self_describing_json.SelfDescribingJson object at 0x0000024D7AC63490>, <snowplow_tracker.self_describing_json.SelfDescribingJson object at 0x0000024D7A61F250>, <snowplow_tracker.self_describing_json.SelfDescribingJson object at 0x0000024D7A9F2E90>]}
[0m13:04:11.620430 [debug] [MainThread]: Flushing usage events
[0m13:04:12.991120 [debug] [MainThread]: An error was encountered while trying to flush usage events
[0m13:07:09.437769 [debug] [MainThread]: Sending event: {'category': 'dbt', 'action': 'invocation', 'label': 'start', 'context': [<snowplow_tracker.self_describing_json.SelfDescribingJson object at 0x0000019BE253E3C0>, <snowplow_tracker.self_describing_json.SelfDescribingJson object at 0x0000019BDFEA0F50>, <snowplow_tracker.self_describing_json.SelfDescribingJson object at 0x0000019BE4E8F9D0>]}


============================== 13:07:09.442287 | cd592ca3-bc6b-4da8-a9d3-3cb0eb8aeaa0 ==============================
[0m13:07:09.442287 [info ] [MainThread]: Running with dbt=1.12.3
[0m13:07:09.443035 [debug] [MainThread]: running dbt with arguments {'maximum_seed_size_mib': '1', 'no_print': 'None', 'version_check': 'True', 'warn_error_options': 'WarnErrorOptionsV2(error=[], warn=[], silence=[])', 'target_path': 'None', 'static_parser': 'True', 'printer_width': '80', 'write_json': 'True', 'empty': 'False', 'log_cache_events': 'False', 'introspect': 'True', 'cache_selected_only': 'False', 'log_format': 'default', 'debug': 'False', 'fail_fast': 'False', 'profiles_dir': 'C:\\Users\\Dell\\.dbt', 'send_anonymous_usage_stats': 'True', 'quiet': 'False', 'warn_error': 'None', 'partial_parse': 'True', 'invocation_command': 'dbt run --select employee_view', 'hints_enabled': 'True', 'use_colors': 'True', 'use_experimental_parser': 'False', 'indirect_selection': 'eager', 'log_path': 'D:\\Local Projects\\DBT\\logs'}
[0m13:07:09.745807 [debug] [MainThread]: Sending event: {'category': 'dbt', 'action': 'project_id', 'label': 'cd592ca3-bc6b-4da8-a9d3-3cb0eb8aeaa0', 'context': [<snowplow_tracker.self_describing_json.SelfDescribingJson object at 0x0000019BE4F116E0>]}
[0m13:07:09.819187 [debug] [MainThread]: Sending event: {'category': 'dbt', 'action': 'adapter_info', 'label': 'cd592ca3-bc6b-4da8-a9d3-3cb0eb8aeaa0', 'context': [<snowplow_tracker.self_describing_json.SelfDescribingJson object at 0x0000019BE071DF20>]}
[0m13:07:09.820097 [info ] [MainThread]: Registered adapter: sqlserver=1.11.1
[0m13:07:10.037086 [warn ] [MainThread]: [[33mWARNING[0m]: When True, uses SQL Server-native string type mappings: STRING -> VARCHAR(MAX), NCHAR -> NCHAR(1), NVARCHAR -> NVARCHAR(4000). When False (default), preserves legacy mappings: STRING and NVARCHAR -> VARCHAR(8000), NCHAR -> CHAR(1). The new behaviour is intended to become the default in a future release.
You may opt into the new behavior sooner by setting `flags.dbt_sqlserver_use_native_string_types` to `True` in `dbt_project.yml`.
Visit https://docs.getdbt.com/reference/global-configs/behavior-changes for more information.
[0m13:07:10.038271 [debug] [MainThread]: Sending event: {'category': 'dbt', 'action': 'BehaviorChangeEvent', 'label': 'cd592ca3-bc6b-4da8-a9d3-3cb0eb8aeaa0', 'context': [<snowplow_tracker.self_describing_json.SelfDescribingJson object at 0x0000019BE5231C50>]}
[0m13:07:10.038648 [warn ] [MainThread]: [[33mWARNING[0m]: When True, dbt transaction hooks (begin/commit) emit real T-SQL BEGIN TRANSACTION / COMMIT TRANSACTION statements. When False (default and legacy), begin/commit are no-ops and each statement is auto-committed by the driver. This means earlier successful statements are not rolled back if a later statement fails. This behavior is intended to become the default in a future release.
You may opt into the new behavior sooner by setting `flags.dbt_sqlserver_use_dbt_transactions` to `True` in `dbt_project.yml`.
Visit https://docs.getdbt.com/reference/global-configs/behavior-changes for more information.
[0m13:07:10.039402 [debug] [MainThread]: Sending event: {'category': 'dbt', 'action': 'BehaviorChangeEvent', 'label': 'cd592ca3-bc6b-4da8-a9d3-3cb0eb8aeaa0', 'context': [<snowplow_tracker.self_describing_json.SelfDescribingJson object at 0x0000019BE55997C0>]}
[0m13:07:10.048635 [debug] [MainThread]: checksum: 61fa0cb8ebbab08e6306b916b7eee9c1bd2f4ae870aa253f37d5f612939c7047, vars: {}, profile: project_dbt, target: dev, version: 1.12.3
[0m13:07:10.156950 [debug] [MainThread]: Partial parsing enabled: 0 files deleted, 0 files added, 0 files changed.
[0m13:07:10.157329 [debug] [MainThread]: Nothing changed, skipping partial parsing.
[0m13:07:10.157589 [debug] [MainThread]: Partial parsing enabled, no changes found, skipping parsing
[0m13:07:10.158006 [warn ] [MainThread]: [[33mWARNING[0m]: Configuration paths exist in your dbt_project.yml file which do not apply to any resources.
There are 1 unused configuration paths:
- models.project_dbt.example
[0m13:07:10.163434 [debug] [MainThread]: Sending event: {'category': 'dbt', 'action': 'load_project', 'label': 'cd592ca3-bc6b-4da8-a9d3-3cb0eb8aeaa0', 'context': [<snowplow_tracker.self_describing_json.SelfDescribingJson object at 0x0000019BE596F5B0>]}
[0m13:07:10.254560 [debug] [MainThread]: Wrote artifact WritableManifest to D:\Local Projects\DBT\target\manifest.json
[0m13:07:10.258155 [debug] [MainThread]: Wrote artifact SemanticManifest to D:\Local Projects\DBT\target\semantic_manifest.json
[0m13:07:10.296317 [debug] [MainThread]: Wrote artifact OsiDocument to D:\Local Projects\DBT\target\osi_document.json
[0m13:07:10.312596 [debug] [MainThread]: Sending event: {'category': 'dbt', 'action': 'resource_counts', 'label': 'cd592ca3-bc6b-4da8-a9d3-3cb0eb8aeaa0', 'context': [<snowplow_tracker.self_describing_json.SelfDescribingJson object at 0x0000019BE5819640>]}
[0m13:07:10.313174 [info ] [MainThread]: Found 556 macros
[0m13:07:10.314020 [debug] [MainThread]: Sending event: {'category': 'dbt', 'action': 'runnable_timing', 'label': 'cd592ca3-bc6b-4da8-a9d3-3cb0eb8aeaa0', 'context': [<snowplow_tracker.self_describing_json.SelfDescribingJson object at 0x0000019BE59A7110>]}
[0m13:07:10.314783 [warn ] [MainThread]: [[33mWARNING[0m]: The selection criterion 'employee_view' does not match any enabled nodes
[0m13:07:10.316396 [warn ] [MainThread]: [[33mWARNING[0m]: Nothing to do. Try checking your model configs and model specification args
[0m13:07:10.318934 [debug] [MainThread]: Command end result
[0m13:07:10.352847 [debug] [MainThread]: Wrote artifact WritableManifest to D:\Local Projects\DBT\target\manifest.json
[0m13:07:10.356550 [debug] [MainThread]: Wrote artifact SemanticManifest to D:\Local Projects\DBT\target\semantic_manifest.json
[0m13:07:10.360352 [debug] [MainThread]: Wrote artifact OsiDocument to D:\Local Projects\DBT\target\osi_document.json
[0m13:07:10.364136 [debug] [MainThread]: Wrote artifact RunExecutionResult to D:\Local Projects\DBT\target\run_results.json
[0m13:07:10.365138 [debug] [MainThread]: Command `dbt run` succeeded at 13:07:10.365002 after 1.06 seconds
[0m13:07:10.365570 [debug] [MainThread]: Sending event: {'category': 'dbt', 'action': 'invocation', 'label': 'end', 'context': [<snowplow_tracker.self_describing_json.SelfDescribingJson object at 0x0000019BE5A03490>, <snowplow_tracker.self_describing_json.SelfDescribingJson object at 0x0000019BE53BF250>, <snowplow_tracker.self_describing_json.SelfDescribingJson object at 0x0000019BE5792E90>]}
[0m13:07:10.365896 [debug] [MainThread]: Flushing usage events
[0m13:07:11.757298 [debug] [MainThread]: An error was encountered while trying to flush usage events
[0m13:08:23.839649 [debug] [MainThread]: Sending event: {'category': 'dbt', 'action': 'invocation', 'label': 'start', 'context': [<snowplow_tracker.self_describing_json.SelfDescribingJson object at 0x000001A09B96E3C0>, <snowplow_tracker.self_describing_json.SelfDescribingJson object at 0x000001A0992C9090>, <snowplow_tracker.self_describing_json.SelfDescribingJson object at 0x000001A09E26B9D0>]}


============================== 13:08:23.844292 | 5c185ddf-50c2-4872-93ee-17af1dc2945a ==============================
[0m13:08:23.844292 [info ] [MainThread]: Running with dbt=1.12.3
[0m13:08:23.844948 [debug] [MainThread]: running dbt with arguments {'maximum_seed_size_mib': '1', 'no_print': 'None', 'static_parser': 'True', 'warn_error_options': 'WarnErrorOptionsV2(error=[], warn=[], silence=[])', 'target_path': 'None', 'version_check': 'True', 'printer_width': '80', 'write_json': 'True', 'empty': 'None', 'log_cache_events': 'False', 'introspect': 'True', 'cache_selected_only': 'False', 'log_format': 'default', 'debug': 'False', 'fail_fast': 'False', 'profiles_dir': 'C:\\Users\\Dell\\.dbt', 'send_anonymous_usage_stats': 'True', 'quiet': 'False', 'warn_error': 'None', 'partial_parse': 'True', 'use_colors': 'True', 'hints_enabled': 'True', 'invocation_command': 'dbt ls', 'use_experimental_parser': 'False', 'indirect_selection': 'eager', 'log_path': 'D:\\Local Projects\\DBT\\logs'}
[0m13:08:24.171674 [debug] [MainThread]: Sending event: {'category': 'dbt', 'action': 'project_id', 'label': '5c185ddf-50c2-4872-93ee-17af1dc2945a', 'context': [<snowplow_tracker.self_describing_json.SelfDescribingJson object at 0x000001A09E2E4B00>]}
[0m13:08:24.242175 [debug] [MainThread]: Sending event: {'category': 'dbt', 'action': 'adapter_info', 'label': '5c185ddf-50c2-4872-93ee-17af1dc2945a', 'context': [<snowplow_tracker.self_describing_json.SelfDescribingJson object at 0x000001A09E6378A0>]}
[0m13:08:24.243020 [info ] [MainThread]: Registered adapter: sqlserver=1.11.1
[0m13:08:24.467709 [warn ] [MainThread]: [[33mWARNING[0m]: When True, uses SQL Server-native string type mappings: STRING -> VARCHAR(MAX), NCHAR -> NCHAR(1), NVARCHAR -> NVARCHAR(4000). When False (default), preserves legacy mappings: STRING and NVARCHAR -> VARCHAR(8000), NCHAR -> CHAR(1). The new behaviour is intended to become the default in a future release.
You may opt into the new behavior sooner by setting `flags.dbt_sqlserver_use_native_string_types` to `True` in `dbt_project.yml`.
Visit https://docs.getdbt.com/reference/global-configs/behavior-changes for more information.
[0m13:08:24.468756 [debug] [MainThread]: Sending event: {'category': 'dbt', 'action': 'BehaviorChangeEvent', 'label': '5c185ddf-50c2-4872-93ee-17af1dc2945a', 'context': [<snowplow_tracker.self_describing_json.SelfDescribingJson object at 0x000001A09E858450>]}
[0m13:08:24.469254 [warn ] [MainThread]: [[33mWARNING[0m]: When True, dbt transaction hooks (begin/commit) emit real T-SQL BEGIN TRANSACTION / COMMIT TRANSACTION statements. When False (default and legacy), begin/commit are no-ops and each statement is auto-committed by the driver. This means earlier successful statements are not rolled back if a later statement fails. This behavior is intended to become the default in a future release.
You may opt into the new behavior sooner by setting `flags.dbt_sqlserver_use_dbt_transactions` to `True` in `dbt_project.yml`.
Visit https://docs.getdbt.com/reference/global-configs/behavior-changes for more information.
[0m13:08:24.470642 [debug] [MainThread]: Sending event: {'category': 'dbt', 'action': 'BehaviorChangeEvent', 'label': '5c185ddf-50c2-4872-93ee-17af1dc2945a', 'context': [<snowplow_tracker.self_describing_json.SelfDescribingJson object at 0x000001A09E232300>]}
[0m13:08:24.480278 [debug] [MainThread]: checksum: 61fa0cb8ebbab08e6306b916b7eee9c1bd2f4ae870aa253f37d5f612939c7047, vars: {}, profile: project_dbt, target: dev, version: 1.12.3
[0m13:08:24.584957 [debug] [MainThread]: Partial parsing enabled: 0 files deleted, 0 files added, 0 files changed.
[0m13:08:24.585343 [debug] [MainThread]: Nothing changed, skipping partial parsing.
[0m13:08:24.585600 [debug] [MainThread]: Partial parsing enabled, no changes found, skipping parsing
[0m13:08:24.585973 [warn ] [MainThread]: [[33mWARNING[0m]: Configuration paths exist in your dbt_project.yml file which do not apply to any resources.
There are 1 unused configuration paths:
- models.project_dbt.example
[0m13:08:24.590629 [debug] [MainThread]: Sending event: {'category': 'dbt', 'action': 'load_project', 'label': '5c185ddf-50c2-4872-93ee-17af1dc2945a', 'context': [<snowplow_tracker.self_describing_json.SelfDescribingJson object at 0x000001A09ED65630>]}
[0m13:08:24.656972 [debug] [MainThread]: Wrote artifact WritableManifest to D:\Local Projects\DBT\target\manifest.json
[0m13:08:24.661528 [debug] [MainThread]: Wrote artifact SemanticManifest to D:\Local Projects\DBT\target\semantic_manifest.json
[0m13:08:24.704314 [debug] [MainThread]: Wrote artifact OsiDocument to D:\Local Projects\DBT\target\osi_document.json
[0m13:08:24.743540 [debug] [MainThread]: Sending event: {'category': 'dbt', 'action': 'resource_counts', 'label': '5c185ddf-50c2-4872-93ee-17af1dc2945a', 'context': [<snowplow_tracker.self_describing_json.SelfDescribingJson object at 0x000001A0986064E0>]}
[0m13:08:24.744252 [info ] [MainThread]: Found 556 macros
[0m13:08:24.744918 [debug] [MainThread]: Sending event: {'category': 'dbt', 'action': 'runnable_timing', 'label': '5c185ddf-50c2-4872-93ee-17af1dc2945a', 'context': [<snowplow_tracker.self_describing_json.SelfDescribingJson object at 0x000001A09EC69550>]}
[0m13:08:24.745635 [warn ] [MainThread]: [[33mWARNING[0m]: No nodes selected!
[0m13:08:24.746832 [debug] [MainThread]: Command `dbt ls` succeeded at 13:08:24.746690 after 1.04 seconds
[0m13:08:24.747261 [debug] [MainThread]: Sending event: {'category': 'dbt', 'action': 'invocation', 'label': 'end', 'context': [<snowplow_tracker.self_describing_json.SelfDescribingJson object at 0x000001A09EDFFA10>, <snowplow_tracker.self_describing_json.SelfDescribingJson object at 0x000001A09EC3A030>, <snowplow_tracker.self_describing_json.SelfDescribingJson object at 0x000001A09EC3A0D0>]}
[0m13:08:24.747594 [debug] [MainThread]: Flushing usage events
[0m13:08:26.135147 [debug] [MainThread]: An error was encountered while trying to flush usage events
[0m13:10:13.472807 [debug] [MainThread]: Sending event: {'category': 'dbt', 'action': 'invocation', 'label': 'start', 'context': [<snowplow_tracker.self_describing_json.SelfDescribingJson object at 0x000001BD2020E3C0>, <snowplow_tracker.self_describing_json.SelfDescribingJson object at 0x000001BD1DB69090>, <snowplow_tracker.self_describing_json.SelfDescribingJson object at 0x000001BD22B639D0>]}


============================== 13:10:13.477292 | 12715b59-a0e7-41b4-8247-1d55cef43a71 ==============================
[0m13:10:13.477292 [info ] [MainThread]: Running with dbt=1.12.3
[0m13:10:13.477954 [debug] [MainThread]: running dbt with arguments {'static_parser': 'True', 'no_print': 'None', 'version_check': 'True', 'target_path': 'None', 'warn_error_options': 'WarnErrorOptionsV2(error=[], warn=[], silence=[])', 'maximum_seed_size_mib': '1', 'printer_width': '80', 'write_json': 'True', 'introspect': 'True', 'log_cache_events': 'False', 'empty': 'False', 'cache_selected_only': 'False', 'fail_fast': 'False', 'debug': 'False', 'log_format': 'default', 'partial_parse': 'True', 'send_anonymous_usage_stats': 'True', 'quiet': 'False', 'warn_error': 'None', 'profiles_dir': 'C:\\Users\\Dell\\.dbt', 'indirect_selection': 'eager', 'hints_enabled': 'True', 'use_colors': 'True', 'use_experimental_parser': 'False', 'invocation_command': 'dbt run --select employee_view', 'log_path': 'D:\\Local Projects\\DBT\\logs'}
[0m13:10:13.772762 [debug] [MainThread]: Sending event: {'category': 'dbt', 'action': 'project_id', 'label': '12715b59-a0e7-41b4-8247-1d55cef43a71', 'context': [<snowplow_tracker.self_describing_json.SelfDescribingJson object at 0x000001BD22C216E0>]}
[0m13:10:13.843998 [debug] [MainThread]: Sending event: {'category': 'dbt', 'action': 'adapter_info', 'label': '12715b59-a0e7-41b4-8247-1d55cef43a71', 'context': [<snowplow_tracker.self_describing_json.SelfDescribingJson object at 0x000001BD1E3EDF20>]}
[0m13:10:13.844845 [info ] [MainThread]: Registered adapter: sqlserver=1.11.1
[0m13:10:14.098380 [warn ] [MainThread]: [[33mWARNING[0m]: When True, uses SQL Server-native string type mappings: STRING -> VARCHAR(MAX), NCHAR -> NCHAR(1), NVARCHAR -> NVARCHAR(4000). When False (default), preserves legacy mappings: STRING and NVARCHAR -> VARCHAR(8000), NCHAR -> CHAR(1). The new behaviour is intended to become the default in a future release.
You may opt into the new behavior sooner by setting `flags.dbt_sqlserver_use_native_string_types` to `True` in `dbt_project.yml`.
Visit https://docs.getdbt.com/reference/global-configs/behavior-changes for more information.
[0m13:10:14.099494 [debug] [MainThread]: Sending event: {'category': 'dbt', 'action': 'BehaviorChangeEvent', 'label': '12715b59-a0e7-41b4-8247-1d55cef43a71', 'context': [<snowplow_tracker.self_describing_json.SelfDescribingJson object at 0x000001BD22F31C50>]}
[0m13:10:14.099990 [warn ] [MainThread]: [[33mWARNING[0m]: When True, dbt transaction hooks (begin/commit) emit real T-SQL BEGIN TRANSACTION / COMMIT TRANSACTION statements. When False (default and legacy), begin/commit are no-ops and each statement is auto-committed by the driver. This means earlier successful statements are not rolled back if a later statement fails. This behavior is intended to become the default in a future release.
You may opt into the new behavior sooner by setting `flags.dbt_sqlserver_use_dbt_transactions` to `True` in `dbt_project.yml`.
Visit https://docs.getdbt.com/reference/global-configs/behavior-changes for more information.
[0m13:10:14.100782 [debug] [MainThread]: Sending event: {'category': 'dbt', 'action': 'BehaviorChangeEvent', 'label': '12715b59-a0e7-41b4-8247-1d55cef43a71', 'context': [<snowplow_tracker.self_describing_json.SelfDescribingJson object at 0x000001BD232997C0>]}
[0m13:10:14.109128 [debug] [MainThread]: checksum: 61fa0cb8ebbab08e6306b916b7eee9c1bd2f4ae870aa253f37d5f612939c7047, vars: {}, profile: project_dbt, target: dev, version: 1.12.3
[0m13:10:14.214755 [debug] [MainThread]: Partial parsing enabled: 0 files deleted, 0 files added, 0 files changed.
[0m13:10:14.215138 [debug] [MainThread]: Nothing changed, skipping partial parsing.
[0m13:10:14.215397 [debug] [MainThread]: Partial parsing enabled, no changes found, skipping parsing
[0m13:10:14.215777 [warn ] [MainThread]: [[33mWARNING[0m]: Configuration paths exist in your dbt_project.yml file which do not apply to any resources.
There are 1 unused configuration paths:
- models.project_dbt.example
[0m13:10:14.220168 [debug] [MainThread]: Sending event: {'category': 'dbt', 'action': 'load_project', 'label': '12715b59-a0e7-41b4-8247-1d55cef43a71', 'context': [<snowplow_tracker.self_describing_json.SelfDescribingJson object at 0x000001BD2366F5B0>]}
[0m13:10:14.310658 [debug] [MainThread]: Wrote artifact WritableManifest to D:\Local Projects\DBT\target\manifest.json
[0m13:10:14.314556 [debug] [MainThread]: Wrote artifact SemanticManifest to D:\Local Projects\DBT\target\semantic_manifest.json
[0m13:10:14.354173 [debug] [MainThread]: Wrote artifact OsiDocument to D:\Local Projects\DBT\target\osi_document.json
[0m13:10:14.368051 [debug] [MainThread]: Sending event: {'category': 'dbt', 'action': 'resource_counts', 'label': '12715b59-a0e7-41b4-8247-1d55cef43a71', 'context': [<snowplow_tracker.self_describing_json.SelfDescribingJson object at 0x000001BD23525640>]}
[0m13:10:14.368957 [info ] [MainThread]: Found 556 macros
[0m13:10:14.369993 [debug] [MainThread]: Sending event: {'category': 'dbt', 'action': 'runnable_timing', 'label': '12715b59-a0e7-41b4-8247-1d55cef43a71', 'context': [<snowplow_tracker.self_describing_json.SelfDescribingJson object at 0x000001BD236A7110>]}
[0m13:10:14.370877 [warn ] [MainThread]: [[33mWARNING[0m]: The selection criterion 'employee_view' does not match any enabled nodes
[0m13:10:14.372553 [warn ] [MainThread]: [[33mWARNING[0m]: Nothing to do. Try checking your model configs and model specification args
[0m13:10:14.375238 [debug] [MainThread]: Command end result
[0m13:10:14.410061 [debug] [MainThread]: Wrote artifact WritableManifest to D:\Local Projects\DBT\target\manifest.json
[0m13:10:14.413456 [debug] [MainThread]: Wrote artifact SemanticManifest to D:\Local Projects\DBT\target\semantic_manifest.json
[0m13:10:14.418324 [debug] [MainThread]: Wrote artifact OsiDocument to D:\Local Projects\DBT\target\osi_document.json
[0m13:10:14.422119 [debug] [MainThread]: Wrote artifact RunExecutionResult to D:\Local Projects\DBT\target\run_results.json
[0m13:10:14.423065 [debug] [MainThread]: Command `dbt run` succeeded at 13:10:14.422933 after 1.08 seconds
[0m13:10:14.423423 [debug] [MainThread]: Sending event: {'category': 'dbt', 'action': 'invocation', 'label': 'end', 'context': [<snowplow_tracker.self_describing_json.SelfDescribingJson object at 0x000001BD23703490>, <snowplow_tracker.self_describing_json.SelfDescribingJson object at 0x000001BD230BF250>, <snowplow_tracker.self_describing_json.SelfDescribingJson object at 0x000001BD23492E90>]}
[0m13:10:14.423754 [debug] [MainThread]: Flushing usage events
[0m13:10:15.796771 [debug] [MainThread]: An error was encountered while trying to flush usage events
[0m13:12:37.289970 [debug] [MainThread]: Sending event: {'category': 'dbt', 'action': 'invocation', 'label': 'start', 'context': [<snowplow_tracker.self_describing_json.SelfDescribingJson object at 0x0000025F2006E3C0>, <snowplow_tracker.self_describing_json.SelfDescribingJson object at 0x0000025F1D9D0F50>, <snowplow_tracker.self_describing_json.SelfDescribingJson object at 0x0000025F229C39D0>]}


============================== 13:12:37.294446 | 7b80e4aa-6f37-4151-9d8e-3beb39c182a4 ==============================
[0m13:12:37.294446 [info ] [MainThread]: Running with dbt=1.12.3
[0m13:12:37.295093 [debug] [MainThread]: running dbt with arguments {'maximum_seed_size_mib': '1', 'no_print': 'None', 'version_check': 'True', 'warn_error_options': 'WarnErrorOptionsV2(error=[], warn=[], silence=[])', 'static_parser': 'True', 'target_path': 'None', 'printer_width': '80', 'write_json': 'True', 'introspect': 'True', 'log_cache_events': 'False', 'empty': 'False', 'cache_selected_only': 'False', 'fail_fast': 'False', 'debug': 'False', 'log_format': 'default', 'profiles_dir': 'C:\\Users\\Dell\\.dbt', 'send_anonymous_usage_stats': 'True', 'quiet': 'False', 'warn_error': 'None', 'partial_parse': 'True', 'invocation_command': 'dbt run --select employee_view', 'hints_enabled': 'True', 'use_colors': 'True', 'use_experimental_parser': 'False', 'indirect_selection': 'eager', 'log_path': 'D:\\Local Projects\\DBT\\logs'}
[0m13:12:37.580914 [debug] [MainThread]: Sending event: {'category': 'dbt', 'action': 'project_id', 'label': '7b80e4aa-6f37-4151-9d8e-3beb39c182a4', 'context': [<snowplow_tracker.self_describing_json.SelfDescribingJson object at 0x0000025F22A816E0>]}
[0m13:12:37.651506 [debug] [MainThread]: Sending event: {'category': 'dbt', 'action': 'adapter_info', 'label': '7b80e4aa-6f37-4151-9d8e-3beb39c182a4', 'context': [<snowplow_tracker.self_describing_json.SelfDescribingJson object at 0x0000025F1E24DF20>]}
[0m13:12:37.652404 [info ] [MainThread]: Registered adapter: sqlserver=1.11.1
[0m13:12:37.874835 [warn ] [MainThread]: [[33mWARNING[0m]: When True, uses SQL Server-native string type mappings: STRING -> VARCHAR(MAX), NCHAR -> NCHAR(1), NVARCHAR -> NVARCHAR(4000). When False (default), preserves legacy mappings: STRING and NVARCHAR -> VARCHAR(8000), NCHAR -> CHAR(1). The new behaviour is intended to become the default in a future release.
You may opt into the new behavior sooner by setting `flags.dbt_sqlserver_use_native_string_types` to `True` in `dbt_project.yml`.
Visit https://docs.getdbt.com/reference/global-configs/behavior-changes for more information.
[0m13:12:37.875691 [debug] [MainThread]: Sending event: {'category': 'dbt', 'action': 'BehaviorChangeEvent', 'label': '7b80e4aa-6f37-4151-9d8e-3beb39c182a4', 'context': [<snowplow_tracker.self_describing_json.SelfDescribingJson object at 0x0000025F22DE1C50>]}
[0m13:12:37.876323 [warn ] [MainThread]: [[33mWARNING[0m]: When True, dbt transaction hooks (begin/commit) emit real T-SQL BEGIN TRANSACTION / COMMIT TRANSACTION statements. When False (default and legacy), begin/commit are no-ops and each statement is auto-committed by the driver. This means earlier successful statements are not rolled back if a later statement fails. This behavior is intended to become the default in a future release.
You may opt into the new behavior sooner by setting `flags.dbt_sqlserver_use_dbt_transactions` to `True` in `dbt_project.yml`.
Visit https://docs.getdbt.com/reference/global-configs/behavior-changes for more information.
[0m13:12:37.877322 [debug] [MainThread]: Sending event: {'category': 'dbt', 'action': 'BehaviorChangeEvent', 'label': '7b80e4aa-6f37-4151-9d8e-3beb39c182a4', 'context': [<snowplow_tracker.self_describing_json.SelfDescribingJson object at 0x0000025F231497C0>]}
[0m13:12:37.888031 [debug] [MainThread]: checksum: 61fa0cb8ebbab08e6306b916b7eee9c1bd2f4ae870aa253f37d5f612939c7047, vars: {}, profile: project_dbt, target: dev, version: 1.12.3
[0m13:12:37.944781 [info ] [MainThread]: Unable to do partial parsing because a project config has changed
[0m13:12:37.945579 [debug] [MainThread]: Sending event: {'category': 'dbt', 'action': 'partial_parser', 'label': '7b80e4aa-6f37-4151-9d8e-3beb39c182a4', 'context': [<snowplow_tracker.self_describing_json.SelfDescribingJson object at 0x0000025F2351ECF0>]}
[0m13:12:39.238986 [warn ] [MainThread]: [[33mWARNING[0m]: When True, uses dbt-core's standard schema concatenation (`target.schema` + `_` + `custom_schema_name`). When False (default), uses legacy adapter behaviour: `custom_schema_name` is used directly without prefixing `target.schema`. For a permanent solution, override the `sqlserver__generate_schema_name` macro in your project instead.
You may opt into the new behavior sooner by setting `flags.dbt_sqlserver_use_default_schema_concat` to `True` in `dbt_project.yml`.
Visit https://docs.getdbt.com/reference/global-configs/behavior-changes for more information.
[0m13:12:39.240110 [debug] [MainThread]: Sending event: {'category': 'dbt', 'action': 'BehaviorChangeEvent', 'label': '7b80e4aa-6f37-4151-9d8e-3beb39c182a4', 'context': [<snowplow_tracker.self_describing_json.SelfDescribingJson object at 0x0000025F23B85570>]}
[0m13:12:39.817575 [debug] [MainThread]: Sending event: {'category': 'dbt', 'action': 'load_project', 'label': '7b80e4aa-6f37-4151-9d8e-3beb39c182a4', 'context': [<snowplow_tracker.self_describing_json.SelfDescribingJson object at 0x0000025F25280A10>]}
[0m13:12:39.932021 [debug] [MainThread]: Wrote artifact WritableManifest to D:\Local Projects\DBT\target\manifest.json
[0m13:12:39.935728 [debug] [MainThread]: Wrote artifact SemanticManifest to D:\Local Projects\DBT\target\semantic_manifest.json
[0m13:12:39.974365 [debug] [MainThread]: Wrote artifact OsiDocument to D:\Local Projects\DBT\target\osi_document.json
[0m13:12:39.990968 [debug] [MainThread]: Sending event: {'category': 'dbt', 'action': 'resource_counts', 'label': '7b80e4aa-6f37-4151-9d8e-3beb39c182a4', 'context': [<snowplow_tracker.self_describing_json.SelfDescribingJson object at 0x0000025F2536B490>]}
[0m13:12:39.991619 [info ] [MainThread]: Found 3 models, 4 data tests, 1 source, 556 macros
[0m13:12:39.992194 [debug] [MainThread]: Sending event: {'category': 'dbt', 'action': 'runnable_timing', 'label': '7b80e4aa-6f37-4151-9d8e-3beb39c182a4', 'context': [<snowplow_tracker.self_describing_json.SelfDescribingJson object at 0x0000025F253AC0F0>]}
[0m13:12:39.994973 [info ] [MainThread]: 
[0m13:12:39.995758 [info ] [MainThread]: Concurrency: 3 threads (target='dev')
[0m13:12:39.996631 [info ] [MainThread]: 
[0m13:12:39.997690 [debug] [MainThread]: Acquiring new sqlserver connection 'master'
[0m13:12:39.999363 [debug] [ThreadPool]: Acquiring new sqlserver connection 'list_sql_local'
[0m13:12:40.025070 [debug] [ThreadPool]: dbt-sqlserver
[0m13:12:40.027809 [debug] [ThreadPool]: Using sqlserver connection "list_sql_local"
[0m13:12:40.028124 [debug] [ThreadPool]: On list_sql_local: /* {"app": "dbt", "dbt_version": "1.12.3", "profile_name": "project_dbt", "target_name": "dev", "connection_name": "list_sql_local"} */
USE [sql_local];
    select  name as [schema]
    from sys.schemas with (nolock) 
    OPTION (LABEL = 'dbt-sqlserver');

  
[0m13:12:40.028382 [debug] [ThreadPool]: Opening a new connection, currently in state init
[0m13:12:40.032849 [debug] [ThreadPool]: sqlserver adapter: Using connection string: DRIVER={ODBC Driver 18 for SQL Server};SERVER=HONEY\SQLEXPRESS;Database=sql_local;UID=***;PWD=***;encrypt=Yes;TrustServerCertificate=Yes;APP=dbt-sqlserver/1.11.1;Pooling=true;SQL_ATTR_TRACE=SQL_OPT_TRACE_OFF;ConnectRetryCount=3;ConnectRetryInterval=10
[0m13:12:40.310324 [debug] [ThreadPool]: sqlserver adapter: Connected to db: sql_local
[0m13:12:40.314930 [debug] [ThreadPool]: SQL status: OK in 0.000 seconds
[0m13:12:40.316837 [debug] [ThreadPool]: On list_sql_local: Close
[0m13:12:40.322757 [debug] [ThreadPool]: Acquiring new sqlserver connection 'list_sql_local_dbo'
[0m13:12:40.329016 [debug] [ThreadPool]: dbt-sqlserver
[0m13:12:40.330620 [debug] [ThreadPool]: Using sqlserver connection "list_sql_local_dbo"
[0m13:12:40.331128 [debug] [ThreadPool]: On list_sql_local_dbo: /* {"app": "dbt", "dbt_version": "1.12.3", "profile_name": "project_dbt", "target_name": "dev", "connection_name": "list_sql_local_dbo"} */
USE [sql_local];
    declare @schema_id int = schema_id('dbo');
    select
      DB_NAME() as [database],
      t.name as [name],
      'dbo' as [schema],
      'table' as table_type
    from sys.tables as t with (nolock)
    where t.schema_id = @schema_id
    union all
    select
      DB_NAME() as [database],
      v.name as [name],
      'dbo' as [schema],
      'view' as table_type
    from sys.views as v with (nolock)
    where v.schema_id = @schema_id
    
    OPTION (LABEL = 'dbt-sqlserver');

  
[0m13:12:40.331482 [debug] [ThreadPool]: Opening a new connection, currently in state init
[0m13:12:40.331833 [debug] [ThreadPool]: sqlserver adapter: Using connection string: DRIVER={ODBC Driver 18 for SQL Server};SERVER=HONEY\SQLEXPRESS;Database=sql_local;UID=***;PWD=***;encrypt=Yes;TrustServerCertificate=Yes;APP=dbt-sqlserver/1.11.1;Pooling=true;SQL_ATTR_TRACE=SQL_OPT_TRACE_OFF;ConnectRetryCount=3;ConnectRetryInterval=10
[0m13:12:40.332994 [debug] [ThreadPool]: sqlserver adapter: Connected to db: sql_local
[0m13:12:40.390986 [debug] [ThreadPool]: SQL status: OK in 0.000 seconds
[0m13:12:40.394583 [debug] [ThreadPool]: On list_sql_local_dbo: ROLLBACK
[0m13:12:40.395812 [debug] [ThreadPool]: On list_sql_local_dbo: Close
[0m13:12:40.398116 [debug] [MainThread]: Sending event: {'category': 'dbt', 'action': 'runnable_timing', 'label': '7b80e4aa-6f37-4151-9d8e-3beb39c182a4', 'context': [<snowplow_tracker.self_describing_json.SelfDescribingJson object at 0x0000025F24EE7150>]}
[0m13:12:40.398684 [debug] [MainThread]: On master: COMMIT
[0m13:12:40.406553 [debug] [Thread-1 (]: Began running node model.project_dbt.employee_view
[0m13:12:40.407089 [info ] [Thread-1 (]: 1 of 1 START sql view model dbo.employee_view .................................. [RUN]
[0m13:12:40.408206 [debug] [Thread-1 (]: Acquiring new sqlserver connection 'model.project_dbt.employee_view'
[0m13:12:40.408548 [debug] [Thread-1 (]: Began compiling node model.project_dbt.employee_view
[0m13:12:40.414321 [debug] [Thread-1 (]: Writing injected SQL for node "model.project_dbt.employee_view"
[0m13:12:40.416237 [debug] [Thread-1 (]: Began executing node model.project_dbt.employee_view
[0m13:12:40.469134 [debug] [Thread-1 (]: Writing runtime sql for node "model.project_dbt.employee_view"
[0m13:12:40.471302 [debug] [Thread-1 (]: Using sqlserver connection "model.project_dbt.employee_view"
[0m13:12:40.471834 [debug] [Thread-1 (]: On model.project_dbt.employee_view: /* {"app": "dbt", "dbt_version": "1.12.3", "profile_name": "project_dbt", "target_name": "dev", "node_id": "model.project_dbt.employee_view"} */
USE [sql_local];
    
    

    

    USE [sql_local];
    EXEC('
        CREATE OR ALTER VIEW "dbo"."employee_view" AS 

select
    *
from "sql_local"."dbo"."employees";
    ')


[0m13:12:40.472494 [debug] [Thread-1 (]: Opening a new connection, currently in state init
[0m13:12:40.473589 [debug] [Thread-1 (]: sqlserver adapter: Using connection string: DRIVER={ODBC Driver 18 for SQL Server};SERVER=HONEY\SQLEXPRESS;Database=sql_local;UID=***;PWD=***;encrypt=Yes;TrustServerCertificate=Yes;APP=dbt-sqlserver/1.11.1;Pooling=true;SQL_ATTR_TRACE=SQL_OPT_TRACE_OFF;ConnectRetryCount=3;ConnectRetryInterval=10
[0m13:12:40.689021 [debug] [Thread-1 (]: sqlserver adapter: Connected to db: sql_local
[0m13:12:40.697836 [debug] [Thread-1 (]: SQL status: OK in 0.000 seconds
[0m13:12:40.715186 [debug] [Thread-1 (]: On model.project_dbt.employee_view: COMMIT
[0m13:12:40.721537 [debug] [Thread-1 (]: Applying DROP to: "sql_local"."dbo"."employee_view__dbt_backup"
[0m13:12:40.728643 [debug] [Thread-1 (]: dbt-sqlserver
[0m13:12:40.729458 [debug] [Thread-1 (]: Using sqlserver connection "model.project_dbt.employee_view"
[0m13:12:40.729806 [debug] [Thread-1 (]: On model.project_dbt.employee_view: /* {"app": "dbt", "dbt_version": "1.12.3", "profile_name": "project_dbt", "target_name": "dev", "node_id": "model.project_dbt.employee_view"} */

        USE [sql_local];
        select
            sch.name as schema_name,
            obj.name as view_name
        from sys.sql_expression_dependencies refs with (nolock)
        inner join sys.objects obj with (nolock)
        on refs.referencing_id = obj.object_id
        inner join sys.schemas sch with (nolock)
        on obj.schema_id = sch.schema_id
        where refs.referenced_database_name = 'sql_local'
        and refs.referenced_schema_name = 'dbo'
        and refs.referenced_entity_name = 'employee_view__dbt_backup'
        and obj.type = 'V'
        
    OPTION (LABEL = 'dbt-sqlserver');

      
[0m13:12:40.764867 [debug] [Thread-1 (]: SQL status: OK in 0.000 seconds
[0m13:12:40.766302 [debug] [Thread-1 (]: Using sqlserver connection "model.project_dbt.employee_view"
[0m13:12:40.766688 [debug] [Thread-1 (]: On model.project_dbt.employee_view: /* {"app": "dbt", "dbt_version": "1.12.3", "profile_name": "project_dbt", "target_name": "dev", "node_id": "model.project_dbt.employee_view"} */

      
      
    
    USE [sql_local];
    EXEC('DROP view IF EXISTS "dbo"."employee_view__dbt_backup";');

[0m13:12:40.769246 [debug] [Thread-1 (]: SQL status: OK in 0.000 seconds
[0m13:12:40.772146 [debug] [Thread-1 (]: On model.project_dbt.employee_view: Close
[0m13:12:40.774684 [debug] [Thread-1 (]: Sending event: {'category': 'dbt', 'action': 'run_model', 'label': '7b80e4aa-6f37-4151-9d8e-3beb39c182a4', 'context': [<snowplow_tracker.self_describing_json.SelfDescribingJson object at 0x0000025F229E4050>]}
[0m13:12:40.775345 [info ] [Thread-1 (]: 1 of 1 OK created sql view model dbo.employee_view ............................. [[32mOK[0m in 0.36s]
[0m13:12:40.776526 [debug] [Thread-1 (]: Finished running node model.project_dbt.employee_view
[0m13:12:40.778415 [debug] [MainThread]: On master: COMMIT
[0m13:12:40.778966 [debug] [MainThread]: Connection 'master' was properly closed.
[0m13:12:40.779396 [debug] [MainThread]: Connection 'list_sql_local' was properly closed.
[0m13:12:40.779654 [debug] [MainThread]: Connection 'list_sql_local_dbo' was properly closed.
[0m13:12:40.779873 [debug] [MainThread]: Connection 'model.project_dbt.employee_view' was properly closed.
[0m13:12:40.780244 [info ] [MainThread]: 
[0m13:12:40.780833 [info ] [MainThread]: Finished running 1 view model in 0 hours 0 minutes and 0.78 seconds (0.78s).
[0m13:12:40.782000 [debug] [MainThread]: Command end result
[0m13:12:40.820574 [debug] [MainThread]: Wrote artifact WritableManifest to D:\Local Projects\DBT\target\manifest.json
[0m13:12:40.824313 [debug] [MainThread]: Wrote artifact SemanticManifest to D:\Local Projects\DBT\target\semantic_manifest.json
[0m13:12:40.828083 [debug] [MainThread]: Wrote artifact OsiDocument to D:\Local Projects\DBT\target\osi_document.json
[0m13:12:40.837065 [debug] [MainThread]: Wrote artifact RunExecutionResult to D:\Local Projects\DBT\target\run_results.json
[0m13:12:40.837475 [info ] [MainThread]: 
[0m13:12:40.838462 [info ] [MainThread]: [32mCompleted successfully[0m
[0m13:12:40.839066 [info ] [MainThread]: 
[0m13:12:40.839826 [info ] [MainThread]: Done. PASS=1 WARN=0 ERROR=0 SKIP=0 NO-OP=0 REUSED=0 TOTAL=1
[0m13:12:40.841287 [debug] [MainThread]: Command `dbt run` succeeded at 13:12:40.841136 after 3.68 seconds
[0m13:12:40.841808 [debug] [MainThread]: Sending event: {'category': 'dbt', 'action': 'invocation', 'label': 'end', 'context': [<snowplow_tracker.self_describing_json.SelfDescribingJson object at 0x0000025F229BF4D0>, <snowplow_tracker.self_describing_json.SelfDescribingJson object at 0x0000025F24E0D1F0>, <snowplow_tracker.self_describing_json.SelfDescribingJson object at 0x0000025F25443E90>]}
[0m13:12:40.842132 [debug] [MainThread]: Flushing usage events
[0m13:12:42.646883 [debug] [MainThread]: An error was encountered while trying to flush usage events
[0m13:29:00.810503 [debug] [MainThread]: Sending event: {'category': 'dbt', 'action': 'invocation', 'label': 'start', 'context': [<snowplow_tracker.self_describing_json.SelfDescribingJson object at 0x000001A785D2E3C0>, <snowplow_tracker.self_describing_json.SelfDescribingJson object at 0x000001A7836D9090>, <snowplow_tracker.self_describing_json.SelfDescribingJson object at 0x000001A7886279D0>]}


============================== 13:29:00.816489 | b0fdd213-cd13-479d-8233-6f486fd29e43 ==============================
[0m13:29:00.816489 [info ] [MainThread]: Running with dbt=1.12.3
[0m13:29:00.817146 [debug] [MainThread]: running dbt with arguments {'version_check': 'True', 'no_print': 'None', 'static_parser': 'True', 'warn_error_options': 'WarnErrorOptionsV2(error=[], warn=[], silence=[])', 'target_path': 'None', 'maximum_seed_size_mib': '1', 'printer_width': '80', 'write_json': 'True', 'introspect': 'True', 'log_cache_events': 'False', 'empty': 'None', 'cache_selected_only': 'False', 'log_format': 'default', 'debug': 'False', 'fail_fast': 'False', 'partial_parse': 'True', 'send_anonymous_usage_stats': 'True', 'quiet': 'False', 'warn_error': 'None', 'profiles_dir': 'C:\\Users\\Dell\\.dbt', 'invocation_command': 'dbt debug', 'hints_enabled': 'True', 'use_colors': 'True', 'use_experimental_parser': 'False', 'indirect_selection': 'eager', 'log_path': 'D:\\Local Projects\\DBT\\logs'}
[0m13:29:00.848981 [info ] [MainThread]: dbt version: 1.12.3
[0m13:29:00.849998 [info ] [MainThread]: python version: 3.14.4
[0m13:29:00.850588 [info ] [MainThread]: python path: D:\Local Projects\DBT\.dbt_venv\Scripts\python.exe
[0m13:29:00.851046 [info ] [MainThread]: os info: Windows-10-10.0.19045-SP0
[0m13:29:05.098470 [info ] [MainThread]: Using profiles dir at C:\Users\Dell\.dbt
[0m13:29:05.099173 [info ] [MainThread]: Using profiles.yml file at C:\Users\Dell\.dbt\profiles.yml
[0m13:29:05.100050 [info ] [MainThread]: Using dbt_project.yml file at D:\Local Projects\DBT\dbt_project.yml
[0m13:29:05.101258 [info ] [MainThread]: adapter type: sqlserver
[0m13:29:05.101983 [info ] [MainThread]: adapter version: 1.11.1
[0m13:29:05.225515 [info ] [MainThread]: Configuration:
[0m13:29:05.226167 [info ] [MainThread]:   profiles.yml file [[32mOK found and valid[0m]
[0m13:29:05.226646 [info ] [MainThread]:   dbt_project.yml file [[32mOK found and valid[0m]
[0m13:29:05.227140 [info ] [MainThread]: Required dependencies:
[0m13:29:05.227668 [debug] [MainThread]: Executing "git --help"
[0m13:29:05.283971 [debug] [MainThread]: STDOUT: "b"usage: git [-v | --version] [-h | --help] [-C <path>] [-c <name>=<value>]\n           [--exec-path[=<path>]] [--html-path] [--man-path] [--info-path]\n           [-p | --paginate | -P | --no-pager] [--no-replace-objects] [--no-lazy-fetch]\n           [--no-optional-locks] [--no-advice] [--bare] [--git-dir=<path>]\n           [--work-tree=<path>] [--namespace=<name>] [--config-env=<name>=<envvar>]\n           <command> [<args>]\n\nThese are common Git commands used in various situations:\n\nstart a working area (see also: git help tutorial)\n   clone      Clone a repository into a new directory\n   init       Create an empty Git repository or reinitialize an existing one\n\nwork on the current change (see also: git help everyday)\n   add        Add file contents to the index\n   mv         Move or rename a file, a directory, or a symlink\n   restore    Restore working tree files\n   rm         Remove files from the working tree and from the index\n\nexamine the history and state (see also: git help revisions)\n   bisect     Use binary search to find the commit that introduced a bug\n   diff       Show changes between commits, commit and working tree, etc\n   grep       Print lines matching a pattern\n   log        Show commit logs\n   show       Show various types of objects\n   status     Show the working tree status\n\ngrow, mark and tweak your common history\n   backfill   Download missing objects in a partial clone\n   branch     List, create, or delete branches\n   commit     Record changes to the repository\n   history    EXPERIMENTAL: Rewrite history\n   merge      Join two or more development histories together\n   rebase     Reapply commits on top of another base tip\n   reset      Set `HEAD` or the index to a known state\n   switch     Switch branches\n   tag        Create, list, delete or verify tags\n\ncollaborate (see also: git help workflows)\n   fetch      Download objects and refs from another repository\n   pull       Fetch from and integrate with another repository or a local branch\n   push       Update remote refs along with associated objects\n\n'git help -a' and 'git help -g' list available subcommands and some\nconcept guides. See 'git help <command>' or 'git help <concept>'\nto read about a specific subcommand or concept.\nSee 'git help git' for an overview of the system.\n""
[0m13:29:05.284732 [debug] [MainThread]: STDERR: "b''"
[0m13:29:05.285262 [info ] [MainThread]:  - git [[32mOK found[0m]

[0m13:29:05.285949 [info ] [MainThread]: Connection:
[0m13:29:05.286566 [info ] [MainThread]:   driver: ODBC Driver 18 for SQL Server
[0m13:29:05.287147 [info ] [MainThread]:   server: HONEY\SQLEXPRESS
[0m13:29:05.287638 [info ] [MainThread]:   port: 1433
[0m13:29:05.288130 [info ] [MainThread]:   database: sql_local
[0m13:29:05.288607 [info ] [MainThread]:   schema: dbo
[0m13:29:05.289086 [info ] [MainThread]:   UID: dbt_harsh
[0m13:29:05.289526 [info ] [MainThread]:   authentication: sql
[0m13:29:05.289929 [info ] [MainThread]:   windows_login: False
[0m13:29:05.290359 [info ] [MainThread]:   retries: 3
[0m13:29:05.290885 [info ] [MainThread]:   login_timeout: 0
[0m13:29:05.291694 [info ] [MainThread]:   query_timeout: 0
[0m13:29:05.292670 [info ] [MainThread]:   trace_flag: False
[0m13:29:05.293348 [info ] [MainThread]:   encrypt: True
[0m13:29:05.293894 [info ] [MainThread]:   trust_cert: True
[0m13:29:05.294392 [info ] [MainThread]:   backend: pyodbc
[0m13:29:05.294900 [info ] [MainThread]:   xact_abort: True
[0m13:29:05.295938 [info ] [MainThread]: Registered adapter: sqlserver=1.11.1
[0m13:29:05.684742 [warn ] [MainThread]: [[33mWARNING[0m]: When True, uses SQL Server-native string type mappings: STRING -> VARCHAR(MAX), NCHAR -> NCHAR(1), NVARCHAR -> NVARCHAR(4000). When False (default), preserves legacy mappings: STRING and NVARCHAR -> VARCHAR(8000), NCHAR -> CHAR(1). The new behaviour is intended to become the default in a future release.
You may opt into the new behavior sooner by setting `flags.dbt_sqlserver_use_native_string_types` to `True` in `dbt_project.yml`.
Visit https://docs.getdbt.com/reference/global-configs/behavior-changes for more information.
[0m13:29:05.686940 [debug] [MainThread]: Sending event: {'category': 'dbt', 'action': 'BehaviorChangeEvent', 'label': 'b0fdd213-cd13-479d-8233-6f486fd29e43', 'context': [<snowplow_tracker.self_describing_json.SelfDescribingJson object at 0x000001A78874EB10>]}
[0m13:29:05.687369 [warn ] [MainThread]: [[33mWARNING[0m]: When True, dbt transaction hooks (begin/commit) emit real T-SQL BEGIN TRANSACTION / COMMIT TRANSACTION statements. When False (default and legacy), begin/commit are no-ops and each statement is auto-committed by the driver. This means earlier successful statements are not rolled back if a later statement fails. This behavior is intended to become the default in a future release.
You may opt into the new behavior sooner by setting `flags.dbt_sqlserver_use_dbt_transactions` to `True` in `dbt_project.yml`.
Visit https://docs.getdbt.com/reference/global-configs/behavior-changes for more information.
[0m13:29:05.688049 [debug] [MainThread]: Sending event: {'category': 'dbt', 'action': 'BehaviorChangeEvent', 'label': 'b0fdd213-cd13-479d-8233-6f486fd29e43', 'context': [<snowplow_tracker.self_describing_json.SelfDescribingJson object at 0x000001A788C579B0>]}
[0m13:29:05.688499 [debug] [MainThread]: Acquiring new sqlserver connection 'debug'
[0m13:29:05.688782 [debug] [MainThread]: Using sqlserver connection "debug"
[0m13:29:05.689111 [debug] [MainThread]: On debug: select 1 as id
[0m13:29:05.689425 [debug] [MainThread]: Opening a new connection, currently in state init
[0m13:29:05.723355 [debug] [MainThread]: sqlserver adapter: Using connection string: DRIVER={ODBC Driver 18 for SQL Server};SERVER=HONEY\SQLEXPRESS;Database=sql_local;UID=***;PWD=***;encrypt=Yes;TrustServerCertificate=Yes;APP=dbt-sqlserver/1.11.1;Pooling=true;SQL_ATTR_TRACE=SQL_OPT_TRACE_OFF;ConnectRetryCount=3;ConnectRetryInterval=10
[0m13:29:06.147157 [debug] [MainThread]: sqlserver adapter: Connected to db: sql_local
[0m13:29:06.149536 [debug] [MainThread]: SQL status: OK in 0.000 seconds
[0m13:29:06.151286 [debug] [MainThread]: On debug: Close
[0m13:29:06.151969 [info ] [MainThread]:   Connection test: [[32mOK connection ok[0m]

[0m13:29:06.152607 [info ] [MainThread]: [32mAll checks passed![0m
[0m13:29:06.154088 [debug] [MainThread]: Command `dbt debug` succeeded at 13:29:06.153876 after 5.56 seconds
[0m13:29:06.154583 [debug] [MainThread]: Connection 'debug' was properly closed.
[0m13:29:06.155079 [debug] [MainThread]: Sending event: {'category': 'dbt', 'action': 'invocation', 'label': 'end', 'context': [<snowplow_tracker.self_describing_json.SelfDescribingJson object at 0x000001A788D90350>, <snowplow_tracker.self_describing_json.SelfDescribingJson object at 0x000001A788D90250>, <snowplow_tracker.self_describing_json.SelfDescribingJson object at 0x000001A788CBDE50>]}
[0m13:29:06.155550 [debug] [MainThread]: Flushing usage events
[0m13:29:07.669439 [debug] [MainThread]: An error was encountered while trying to flush usage events
[0m14:36:28.565214 [debug] [MainThread]: Sending event: {'category': 'dbt', 'action': 'invocation', 'label': 'start', 'context': [<snowplow_tracker.self_describing_json.SelfDescribingJson object at 0x0000020D9D90E3C0>, <snowplow_tracker.self_describing_json.SelfDescribingJson object at 0x0000020D9B259090>, <snowplow_tracker.self_describing_json.SelfDescribingJson object at 0x0000020DA02079D0>]}


============================== 14:36:28.570683 | 9a4eb004-9f1f-4954-b210-a547133cf4de ==============================
[0m14:36:28.570683 [info ] [MainThread]: Running with dbt=1.12.3
[0m14:36:28.571349 [debug] [MainThread]: running dbt with arguments {'version_check': 'True', 'no_print': 'None', 'static_parser': 'True', 'target_path': 'None', 'maximum_seed_size_mib': '1', 'warn_error_options': 'WarnErrorOptionsV2(error=[], warn=[], silence=[])', 'printer_width': '80', 'write_json': 'True', 'introspect': 'True', 'log_cache_events': 'False', 'empty': 'None', 'cache_selected_only': 'False', 'log_format': 'default', 'debug': 'False', 'fail_fast': 'False', 'profiles_dir': 'C:\\Users\\Dell\\.dbt', 'send_anonymous_usage_stats': 'True', 'quiet': 'False', 'warn_error': 'None', 'partial_parse': 'True', 'use_colors': 'True', 'hints_enabled': 'True', 'invocation_command': 'dbt debug', 'use_experimental_parser': 'False', 'indirect_selection': 'eager', 'log_path': 'D:\\Local Projects\\DBT\\logs'}
[0m14:36:28.600120 [info ] [MainThread]: dbt version: 1.12.3
[0m14:36:28.600676 [info ] [MainThread]: python version: 3.14.4
[0m14:36:28.601216 [info ] [MainThread]: python path: D:\Local Projects\DBT\.dbt_venv\Scripts\python.exe
[0m14:36:28.601948 [info ] [MainThread]: os info: Windows-10-10.0.19045-SP0
[0m14:36:28.755729 [info ] [MainThread]: Using profiles dir at C:\Users\Dell\.dbt
[0m14:36:28.756438 [info ] [MainThread]: Using profiles.yml file at C:\Users\Dell\.dbt\profiles.yml
[0m14:36:28.757073 [info ] [MainThread]: Using dbt_project.yml file at D:\Local Projects\DBT\dbt_project.yml
[0m14:36:28.757690 [info ] [MainThread]: adapter type: sqlserver
[0m14:36:28.758528 [info ] [MainThread]: adapter version: 1.11.1
[0m14:36:28.878944 [info ] [MainThread]: Configuration:
[0m14:36:28.879682 [info ] [MainThread]:   profiles.yml file [[32mOK found and valid[0m]
[0m14:36:28.880378 [info ] [MainThread]:   dbt_project.yml file [[32mOK found and valid[0m]
[0m14:36:28.881209 [info ] [MainThread]: Required dependencies:
[0m14:36:28.881827 [debug] [MainThread]: Executing "git --help"
[0m14:36:28.953312 [debug] [MainThread]: STDOUT: "b"usage: git [-v | --version] [-h | --help] [-C <path>] [-c <name>=<value>]\n           [--exec-path[=<path>]] [--html-path] [--man-path] [--info-path]\n           [-p | --paginate | -P | --no-pager] [--no-replace-objects] [--no-lazy-fetch]\n           [--no-optional-locks] [--no-advice] [--bare] [--git-dir=<path>]\n           [--work-tree=<path>] [--namespace=<name>] [--config-env=<name>=<envvar>]\n           <command> [<args>]\n\nThese are common Git commands used in various situations:\n\nstart a working area (see also: git help tutorial)\n   clone      Clone a repository into a new directory\n   init       Create an empty Git repository or reinitialize an existing one\n\nwork on the current change (see also: git help everyday)\n   add        Add file contents to the index\n   mv         Move or rename a file, a directory, or a symlink\n   restore    Restore working tree files\n   rm         Remove files from the working tree and from the index\n\nexamine the history and state (see also: git help revisions)\n   bisect     Use binary search to find the commit that introduced a bug\n   diff       Show changes between commits, commit and working tree, etc\n   grep       Print lines matching a pattern\n   log        Show commit logs\n   show       Show various types of objects\n   status     Show the working tree status\n\ngrow, mark and tweak your common history\n   backfill   Download missing objects in a partial clone\n   branch     List, create, or delete branches\n   commit     Record changes to the repository\n   history    EXPERIMENTAL: Rewrite history\n   merge      Join two or more development histories together\n   rebase     Reapply commits on top of another base tip\n   reset      Set `HEAD` or the index to a known state\n   switch     Switch branches\n   tag        Create, list, delete or verify tags\n\ncollaborate (see also: git help workflows)\n   fetch      Download objects and refs from another repository\n   pull       Fetch from and integrate with another repository or a local branch\n   push       Update remote refs along with associated objects\n\n'git help -a' and 'git help -g' list available subcommands and some\nconcept guides. See 'git help <command>' or 'git help <concept>'\nto read about a specific subcommand or concept.\nSee 'git help git' for an overview of the system.\n""
[0m14:36:28.953784 [debug] [MainThread]: STDERR: "b''"
[0m14:36:28.954120 [info ] [MainThread]:  - git [[32mOK found[0m]

[0m14:36:28.954673 [info ] [MainThread]: Connection:
[0m14:36:28.955660 [info ] [MainThread]:   driver: ODBC Driver 18 for SQL Server
[0m14:36:28.956315 [info ] [MainThread]:   server: HONEY\SQLEXPRESS
[0m14:36:28.957076 [info ] [MainThread]:   port: 1433
[0m14:36:28.957875 [info ] [MainThread]:   database: sql_local
[0m14:36:28.958793 [info ] [MainThread]:   schema: dbo
[0m14:36:28.959438 [info ] [MainThread]:   UID: dbt_harsh
[0m14:36:28.960040 [info ] [MainThread]:   authentication: sql
[0m14:36:28.960739 [info ] [MainThread]:   windows_login: False
[0m14:36:28.961390 [info ] [MainThread]:   retries: 3
[0m14:36:28.962040 [info ] [MainThread]:   login_timeout: 0
[0m14:36:28.962793 [info ] [MainThread]:   query_timeout: 0
[0m14:36:28.963903 [info ] [MainThread]:   trace_flag: False
[0m14:36:28.965049 [info ] [MainThread]:   encrypt: True
[0m14:36:28.965645 [info ] [MainThread]:   trust_cert: True
[0m14:36:28.966379 [info ] [MainThread]:   backend: pyodbc
[0m14:36:28.966971 [info ] [MainThread]:   xact_abort: True
[0m14:36:28.967963 [info ] [MainThread]: Registered adapter: sqlserver=1.11.1
[0m14:36:29.213228 [warn ] [MainThread]: [[33mWARNING[0m]: When True, uses SQL Server-native string type mappings: STRING -> VARCHAR(MAX), NCHAR -> NCHAR(1), NVARCHAR -> NVARCHAR(4000). When False (default), preserves legacy mappings: STRING and NVARCHAR -> VARCHAR(8000), NCHAR -> CHAR(1). The new behaviour is intended to become the default in a future release.
You may opt into the new behavior sooner by setting `flags.dbt_sqlserver_use_native_string_types` to `True` in `dbt_project.yml`.
Visit https://docs.getdbt.com/reference/global-configs/behavior-changes for more information.
[0m14:36:29.215113 [debug] [MainThread]: Sending event: {'category': 'dbt', 'action': 'BehaviorChangeEvent', 'label': '9a4eb004-9f1f-4954-b210-a547133cf4de', 'context': [<snowplow_tracker.self_describing_json.SelfDescribingJson object at 0x0000020DA032EB10>]}
[0m14:36:29.215523 [warn ] [MainThread]: [[33mWARNING[0m]: When True, dbt transaction hooks (begin/commit) emit real T-SQL BEGIN TRANSACTION / COMMIT TRANSACTION statements. When False (default and legacy), begin/commit are no-ops and each statement is auto-committed by the driver. This means earlier successful statements are not rolled back if a later statement fails. This behavior is intended to become the default in a future release.
You may opt into the new behavior sooner by setting `flags.dbt_sqlserver_use_dbt_transactions` to `True` in `dbt_project.yml`.
Visit https://docs.getdbt.com/reference/global-configs/behavior-changes for more information.
[0m14:36:29.216159 [debug] [MainThread]: Sending event: {'category': 'dbt', 'action': 'BehaviorChangeEvent', 'label': '9a4eb004-9f1f-4954-b210-a547133cf4de', 'context': [<snowplow_tracker.self_describing_json.SelfDescribingJson object at 0x0000020DA07E79B0>]}
[0m14:36:29.216768 [debug] [MainThread]: Acquiring new sqlserver connection 'debug'
[0m14:36:29.217160 [debug] [MainThread]: Using sqlserver connection "debug"
[0m14:36:29.217479 [debug] [MainThread]: On debug: select 1 as id
[0m14:36:29.217796 [debug] [MainThread]: Opening a new connection, currently in state init
[0m14:36:29.222340 [debug] [MainThread]: sqlserver adapter: Using connection string: DRIVER={ODBC Driver 18 for SQL Server};SERVER=HONEY\SQLEXPRESS;Database=sql_local;UID=***;PWD=***;encrypt=Yes;TrustServerCertificate=Yes;APP=dbt-sqlserver/1.11.1;Pooling=true;SQL_ATTR_TRACE=SQL_OPT_TRACE_OFF;ConnectRetryCount=3;ConnectRetryInterval=10
[0m14:36:29.597785 [debug] [MainThread]: sqlserver adapter: Connected to db: sql_local
[0m14:36:29.599494 [debug] [MainThread]: SQL status: OK in 0.000 seconds
[0m14:36:29.600328 [debug] [MainThread]: On debug: Close
[0m14:36:29.600618 [info ] [MainThread]:   Connection test: [[32mOK connection ok[0m]

[0m14:36:29.601251 [info ] [MainThread]: [32mAll checks passed![0m
[0m14:36:29.602873 [debug] [MainThread]: Command `dbt debug` succeeded at 14:36:29.602563 after 1.19 seconds
[0m14:36:29.603213 [debug] [MainThread]: Connection 'debug' was properly closed.
[0m14:36:29.603506 [debug] [MainThread]: Sending event: {'category': 'dbt', 'action': 'invocation', 'label': 'end', 'context': [<snowplow_tracker.self_describing_json.SelfDescribingJson object at 0x0000020DA091C350>, <snowplow_tracker.self_describing_json.SelfDescribingJson object at 0x0000020DA091C250>, <snowplow_tracker.self_describing_json.SelfDescribingJson object at 0x0000020DA084DE50>]}
[0m14:36:29.603834 [debug] [MainThread]: Flushing usage events
[0m14:36:31.078900 [debug] [MainThread]: An error was encountered while trying to flush usage events
[0m14:37:05.635223 [debug] [MainThread]: Sending event: {'category': 'dbt', 'action': 'invocation', 'label': 'start', 'context': [<snowplow_tracker.self_describing_json.SelfDescribingJson object at 0x000002028256E3C0>, <snowplow_tracker.self_describing_json.SelfDescribingJson object at 0x00000202FFE59090>, <snowplow_tracker.self_describing_json.SelfDescribingJson object at 0x0000020284EBF9D0>]}


============================== 14:37:05.639826 | f6103c32-6b11-4da1-b2e7-9e601df0b981 ==============================
[0m14:37:05.639826 [info ] [MainThread]: Running with dbt=1.12.3
[0m14:37:05.640480 [debug] [MainThread]: running dbt with arguments {'version_check': 'True', 'no_print': 'None', 'maximum_seed_size_mib': '1', 'target_path': 'None', 'warn_error_options': 'WarnErrorOptionsV2(error=[], warn=[], silence=[])', 'static_parser': 'True', 'printer_width': '80', 'write_json': 'True', 'introspect': 'True', 'log_cache_events': 'False', 'empty': 'False', 'cache_selected_only': 'False', 'log_format': 'default', 'debug': 'False', 'fail_fast': 'False', 'partial_parse': 'True', 'send_anonymous_usage_stats': 'True', 'quiet': 'False', 'warn_error': 'None', 'profiles_dir': 'C:\\Users\\Dell\\.dbt', 'indirect_selection': 'eager', 'hints_enabled': 'True', 'invocation_command': 'dbt run --select employee_view', 'use_experimental_parser': 'False', 'use_colors': 'True', 'log_path': 'D:\\Local Projects\\DBT\\logs'}
[0m14:37:06.087335 [debug] [MainThread]: Sending event: {'category': 'dbt', 'action': 'project_id', 'label': 'f6103c32-6b11-4da1-b2e7-9e601df0b981', 'context': [<snowplow_tracker.self_describing_json.SelfDescribingJson object at 0x0000020284F416E0>]}
[0m14:37:06.159297 [debug] [MainThread]: Sending event: {'category': 'dbt', 'action': 'adapter_info', 'label': 'f6103c32-6b11-4da1-b2e7-9e601df0b981', 'context': [<snowplow_tracker.self_describing_json.SelfDescribingJson object at 0x000002028076DF20>]}
[0m14:37:06.160172 [info ] [MainThread]: Registered adapter: sqlserver=1.11.1
[0m14:37:06.426784 [warn ] [MainThread]: [[33mWARNING[0m]: When True, uses SQL Server-native string type mappings: STRING -> VARCHAR(MAX), NCHAR -> NCHAR(1), NVARCHAR -> NVARCHAR(4000). When False (default), preserves legacy mappings: STRING and NVARCHAR -> VARCHAR(8000), NCHAR -> CHAR(1). The new behaviour is intended to become the default in a future release.
You may opt into the new behavior sooner by setting `flags.dbt_sqlserver_use_native_string_types` to `True` in `dbt_project.yml`.
Visit https://docs.getdbt.com/reference/global-configs/behavior-changes for more information.
[0m14:37:06.427645 [debug] [MainThread]: Sending event: {'category': 'dbt', 'action': 'BehaviorChangeEvent', 'label': 'f6103c32-6b11-4da1-b2e7-9e601df0b981', 'context': [<snowplow_tracker.self_describing_json.SelfDescribingJson object at 0x0000020285255C50>]}
[0m14:37:06.428271 [warn ] [MainThread]: [[33mWARNING[0m]: When True, dbt transaction hooks (begin/commit) emit real T-SQL BEGIN TRANSACTION / COMMIT TRANSACTION statements. When False (default and legacy), begin/commit are no-ops and each statement is auto-committed by the driver. This means earlier successful statements are not rolled back if a later statement fails. This behavior is intended to become the default in a future release.
You may opt into the new behavior sooner by setting `flags.dbt_sqlserver_use_dbt_transactions` to `True` in `dbt_project.yml`.
Visit https://docs.getdbt.com/reference/global-configs/behavior-changes for more information.
[0m14:37:06.429015 [debug] [MainThread]: Sending event: {'category': 'dbt', 'action': 'BehaviorChangeEvent', 'label': 'f6103c32-6b11-4da1-b2e7-9e601df0b981', 'context': [<snowplow_tracker.self_describing_json.SelfDescribingJson object at 0x00000202855B97C0>]}
[0m14:37:06.471089 [debug] [MainThread]: checksum: 61fa0cb8ebbab08e6306b916b7eee9c1bd2f4ae870aa253f37d5f612939c7047, vars: {}, profile: project_dbt, target: dev, version: 1.12.3
[0m14:37:08.748471 [debug] [MainThread]: Partial parsing enabled: 0 files deleted, 0 files added, 0 files changed.
[0m14:37:08.748943 [debug] [MainThread]: Nothing changed, skipping partial parsing.
[0m14:37:08.749262 [debug] [MainThread]: Partial parsing enabled, no changes found, skipping parsing
[0m14:37:08.759908 [debug] [MainThread]: Sending event: {'category': 'dbt', 'action': 'load_project', 'label': 'f6103c32-6b11-4da1-b2e7-9e601df0b981', 'context': [<snowplow_tracker.self_describing_json.SelfDescribingJson object at 0x00000202859F3E70>]}
[0m14:37:08.910581 [debug] [MainThread]: Wrote artifact WritableManifest to D:\Local Projects\DBT\target\manifest.json
[0m14:37:08.951988 [debug] [MainThread]: Wrote artifact SemanticManifest to D:\Local Projects\DBT\target\semantic_manifest.json
[0m14:37:09.019603 [debug] [MainThread]: Wrote artifact OsiDocument to D:\Local Projects\DBT\target\osi_document.json
[0m14:37:09.039880 [debug] [MainThread]: Sending event: {'category': 'dbt', 'action': 'resource_counts', 'label': 'f6103c32-6b11-4da1-b2e7-9e601df0b981', 'context': [<snowplow_tracker.self_describing_json.SelfDescribingJson object at 0x000002028585BD40>]}
[0m14:37:09.040369 [info ] [MainThread]: Found 3 models, 4 data tests, 1 source, 556 macros
[0m14:37:09.041095 [debug] [MainThread]: Sending event: {'category': 'dbt', 'action': 'runnable_timing', 'label': 'f6103c32-6b11-4da1-b2e7-9e601df0b981', 'context': [<snowplow_tracker.self_describing_json.SelfDescribingJson object at 0x0000020285A1D6D0>]}
[0m14:37:09.043194 [info ] [MainThread]: 
[0m14:37:09.043915 [info ] [MainThread]: Concurrency: 3 threads (target='dev')
[0m14:37:09.044573 [info ] [MainThread]: 
[0m14:37:09.045510 [debug] [MainThread]: Acquiring new sqlserver connection 'master'
[0m14:37:09.046969 [debug] [ThreadPool]: Acquiring new sqlserver connection 'list_sql_local'
[0m14:37:09.072677 [debug] [ThreadPool]: dbt-sqlserver
[0m14:37:09.076427 [debug] [ThreadPool]: Using sqlserver connection "list_sql_local"
[0m14:37:09.077396 [debug] [ThreadPool]: On list_sql_local: /* {"app": "dbt", "dbt_version": "1.12.3", "profile_name": "project_dbt", "target_name": "dev", "connection_name": "list_sql_local"} */
USE [sql_local];
    select  name as [schema]
    from sys.schemas with (nolock) 
    OPTION (LABEL = 'dbt-sqlserver');

  
[0m14:37:09.078350 [debug] [ThreadPool]: Opening a new connection, currently in state init
[0m14:37:09.081462 [debug] [ThreadPool]: sqlserver adapter: Using connection string: DRIVER={ODBC Driver 18 for SQL Server};SERVER=HONEY\SQLEXPRESS;Database=sql_local;UID=***;PWD=***;encrypt=Yes;TrustServerCertificate=Yes;APP=dbt-sqlserver/1.11.1;Pooling=true;SQL_ATTR_TRACE=SQL_OPT_TRACE_OFF;ConnectRetryCount=3;ConnectRetryInterval=10
[0m14:37:09.385569 [debug] [ThreadPool]: sqlserver adapter: Connected to db: sql_local
[0m14:37:09.394496 [debug] [ThreadPool]: SQL status: OK in 0.000 seconds
[0m14:37:09.396267 [debug] [ThreadPool]: On list_sql_local: Close
[0m14:37:09.401942 [debug] [ThreadPool]: Acquiring new sqlserver connection 'list_sql_local_dbo'
[0m14:37:09.407141 [debug] [ThreadPool]: dbt-sqlserver
[0m14:37:09.407716 [debug] [ThreadPool]: Using sqlserver connection "list_sql_local_dbo"
[0m14:37:09.408050 [debug] [ThreadPool]: On list_sql_local_dbo: /* {"app": "dbt", "dbt_version": "1.12.3", "profile_name": "project_dbt", "target_name": "dev", "connection_name": "list_sql_local_dbo"} */
USE [sql_local];
    declare @schema_id int = schema_id('dbo');
    select
      DB_NAME() as [database],
      t.name as [name],
      'dbo' as [schema],
      'table' as table_type
    from sys.tables as t with (nolock)
    where t.schema_id = @schema_id
    union all
    select
      DB_NAME() as [database],
      v.name as [name],
      'dbo' as [schema],
      'view' as table_type
    from sys.views as v with (nolock)
    where v.schema_id = @schema_id
    
    OPTION (LABEL = 'dbt-sqlserver');

  
[0m14:37:09.408433 [debug] [ThreadPool]: Opening a new connection, currently in state init
[0m14:37:09.409479 [debug] [ThreadPool]: sqlserver adapter: Using connection string: DRIVER={ODBC Driver 18 for SQL Server};SERVER=HONEY\SQLEXPRESS;Database=sql_local;UID=***;PWD=***;encrypt=Yes;TrustServerCertificate=Yes;APP=dbt-sqlserver/1.11.1;Pooling=true;SQL_ATTR_TRACE=SQL_OPT_TRACE_OFF;ConnectRetryCount=3;ConnectRetryInterval=10
[0m14:37:09.412879 [debug] [ThreadPool]: sqlserver adapter: Connected to db: sql_local
[0m14:37:09.478914 [debug] [ThreadPool]: SQL status: OK in 0.000 seconds
[0m14:37:09.481900 [debug] [ThreadPool]: On list_sql_local_dbo: ROLLBACK
[0m14:37:09.482842 [debug] [ThreadPool]: On list_sql_local_dbo: Close
[0m14:37:09.484625 [debug] [MainThread]: Sending event: {'category': 'dbt', 'action': 'runnable_timing', 'label': 'f6103c32-6b11-4da1-b2e7-9e601df0b981', 'context': [<snowplow_tracker.self_describing_json.SelfDescribingJson object at 0x0000020285AB9BD0>]}
[0m14:37:09.485325 [debug] [MainThread]: On master: COMMIT
[0m14:37:09.493278 [debug] [Thread-1 (]: Began running node model.project_dbt.employee_view
[0m14:37:09.493942 [info ] [Thread-1 (]: 1 of 1 START sql view model dbo.employee_view .................................. [RUN]
[0m14:37:09.494857 [debug] [Thread-1 (]: Acquiring new sqlserver connection 'model.project_dbt.employee_view'
[0m14:37:09.495312 [debug] [Thread-1 (]: Began compiling node model.project_dbt.employee_view
[0m14:37:09.501972 [debug] [Thread-1 (]: Writing injected SQL for node "model.project_dbt.employee_view"
[0m14:37:09.502893 [debug] [Thread-1 (]: Began executing node model.project_dbt.employee_view
[0m14:37:09.543967 [debug] [Thread-1 (]: Using sqlserver connection "model.project_dbt.employee_view"
[0m14:37:09.544388 [debug] [Thread-1 (]: On model.project_dbt.employee_view: /* {"app": "dbt", "dbt_version": "1.12.3", "profile_name": "project_dbt", "target_name": "dev", "node_id": "model.project_dbt.employee_view"} */

    USE [sql_local];
  select object_definition(object_id(quotename('dbo') + '.' + quotename('employee_view'), 'V')) as definition
  where object_id(quotename('dbo') + '.' + quotename('employee_view'), 'V') is not null

  
[0m14:37:09.544710 [debug] [Thread-1 (]: Opening a new connection, currently in state init
[0m14:37:09.545100 [debug] [Thread-1 (]: sqlserver adapter: Using connection string: DRIVER={ODBC Driver 18 for SQL Server};SERVER=HONEY\SQLEXPRESS;Database=sql_local;UID=***;PWD=***;encrypt=Yes;TrustServerCertificate=Yes;APP=dbt-sqlserver/1.11.1;Pooling=true;SQL_ATTR_TRACE=SQL_OPT_TRACE_OFF;ConnectRetryCount=3;ConnectRetryInterval=10
[0m14:37:09.545475 [debug] [Thread-1 (]: sqlserver adapter: Connected to db: sql_local
[0m14:37:09.548902 [debug] [Thread-1 (]: SQL status: OK in 0.000 seconds
[0m14:37:09.557673 [debug] [Thread-1 (]: Writing runtime sql for node "model.project_dbt.employee_view"
[0m14:37:09.558951 [debug] [Thread-1 (]: Using sqlserver connection "model.project_dbt.employee_view"
[0m14:37:09.559509 [debug] [Thread-1 (]: On model.project_dbt.employee_view: /* {"app": "dbt", "dbt_version": "1.12.3", "profile_name": "project_dbt", "target_name": "dev", "node_id": "model.project_dbt.employee_view"} */
declare @dbt_sqlserver_noop int;
[0m14:37:09.560776 [debug] [Thread-1 (]: SQL status: OK in 0.000 seconds
[0m14:37:09.579568 [debug] [Thread-1 (]: On model.project_dbt.employee_view: COMMIT
[0m14:37:09.584821 [debug] [Thread-1 (]: Applying DROP to: "sql_local"."dbo"."employee_view__dbt_backup"
[0m14:37:09.591587 [debug] [Thread-1 (]: dbt-sqlserver
[0m14:37:09.592290 [debug] [Thread-1 (]: Using sqlserver connection "model.project_dbt.employee_view"
[0m14:37:09.592632 [debug] [Thread-1 (]: On model.project_dbt.employee_view: /* {"app": "dbt", "dbt_version": "1.12.3", "profile_name": "project_dbt", "target_name": "dev", "node_id": "model.project_dbt.employee_view"} */

        USE [sql_local];
        select
            sch.name as schema_name,
            obj.name as view_name
        from sys.sql_expression_dependencies refs with (nolock)
        inner join sys.objects obj with (nolock)
        on refs.referencing_id = obj.object_id
        inner join sys.schemas sch with (nolock)
        on obj.schema_id = sch.schema_id
        where refs.referenced_database_name = 'sql_local'
        and refs.referenced_schema_name = 'dbo'
        and refs.referenced_entity_name = 'employee_view__dbt_backup'
        and obj.type = 'V'
        
    OPTION (LABEL = 'dbt-sqlserver');

      
[0m14:37:09.645285 [debug] [Thread-1 (]: SQL status: OK in 0.000 seconds
[0m14:37:09.646839 [debug] [Thread-1 (]: Using sqlserver connection "model.project_dbt.employee_view"
[0m14:37:09.647615 [debug] [Thread-1 (]: On model.project_dbt.employee_view: /* {"app": "dbt", "dbt_version": "1.12.3", "profile_name": "project_dbt", "target_name": "dev", "node_id": "model.project_dbt.employee_view"} */

      
      
    
    USE [sql_local];
    EXEC('DROP view IF EXISTS "dbo"."employee_view__dbt_backup";');

[0m14:37:09.649877 [debug] [Thread-1 (]: SQL status: OK in 0.000 seconds
[0m14:37:09.652649 [debug] [Thread-1 (]: On model.project_dbt.employee_view: Close
[0m14:37:09.655569 [debug] [Thread-1 (]: Sending event: {'category': 'dbt', 'action': 'run_model', 'label': 'f6103c32-6b11-4da1-b2e7-9e601df0b981', 'context': [<snowplow_tracker.self_describing_json.SelfDescribingJson object at 0x0000020285AE1E50>]}
[0m14:37:09.656217 [info ] [Thread-1 (]: 1 of 1 OK created sql view model dbo.employee_view ............................. [[32mOK[0m in 0.16s]
[0m14:37:09.657321 [debug] [Thread-1 (]: Finished running node model.project_dbt.employee_view
[0m14:37:09.659128 [debug] [MainThread]: On master: COMMIT
[0m14:37:09.659555 [debug] [MainThread]: Connection 'master' was properly closed.
[0m14:37:09.659804 [debug] [MainThread]: Connection 'list_sql_local' was properly closed.
[0m14:37:09.660020 [debug] [MainThread]: Connection 'list_sql_local_dbo' was properly closed.
[0m14:37:09.660232 [debug] [MainThread]: Connection 'model.project_dbt.employee_view' was properly closed.
[0m14:37:09.660473 [info ] [MainThread]: 
[0m14:37:09.661059 [info ] [MainThread]: Finished running 1 view model in 0 hours 0 minutes and 0.62 seconds (0.62s).
[0m14:37:09.662014 [debug] [MainThread]: Command end result
[0m14:37:09.702942 [debug] [MainThread]: Wrote artifact WritableManifest to D:\Local Projects\DBT\target\manifest.json
[0m14:37:09.706496 [debug] [MainThread]: Wrote artifact SemanticManifest to D:\Local Projects\DBT\target\semantic_manifest.json
[0m14:37:09.712319 [debug] [MainThread]: Wrote artifact OsiDocument to D:\Local Projects\DBT\target\osi_document.json
[0m14:37:09.719593 [debug] [MainThread]: Wrote artifact RunExecutionResult to D:\Local Projects\DBT\target\run_results.json
[0m14:37:09.719992 [info ] [MainThread]: 
[0m14:37:09.720626 [info ] [MainThread]: [32mCompleted successfully[0m
[0m14:37:09.721276 [info ] [MainThread]: 
[0m14:37:09.721940 [info ] [MainThread]: Done. PASS=1 WARN=0 ERROR=0 SKIP=0 NO-OP=0 REUSED=0 TOTAL=1
[0m14:37:09.723196 [debug] [MainThread]: Command `dbt run` succeeded at 14:37:09.723074 after 4.22 seconds
[0m14:37:09.723533 [debug] [MainThread]: Sending event: {'category': 'dbt', 'action': 'invocation', 'label': 'end', 'context': [<snowplow_tracker.self_describing_json.SelfDescribingJson object at 0x0000020285A06ED0>, <snowplow_tracker.self_describing_json.SelfDescribingJson object at 0x0000020282AA2750>, <snowplow_tracker.self_describing_json.SelfDescribingJson object at 0x0000020284C99E10>]}
[0m14:37:09.723930 [debug] [MainThread]: Flushing usage events
[0m14:37:11.103869 [debug] [MainThread]: An error was encountered while trying to flush usage events
[0m15:42:02.199374 [debug] [MainThread]: Sending event: {'category': 'dbt', 'action': 'invocation', 'label': 'start', 'context': [<snowplow_tracker.self_describing_json.SelfDescribingJson object at 0x0000024F3376E3C0>, <snowplow_tracker.self_describing_json.SelfDescribingJson object at 0x0000024F310B9090>, <snowplow_tracker.self_describing_json.SelfDescribingJson object at 0x0000024F360679D0>]}


============================== 15:42:02.206248 | a24a5389-3bc4-4bd2-b6b8-20a2ec896a8a ==============================
[0m15:42:02.206248 [info ] [MainThread]: Running with dbt=1.12.3
[0m15:42:02.206985 [debug] [MainThread]: running dbt with arguments {'static_parser': 'True', 'no_print': 'None', 'version_check': 'True', 'target_path': 'None', 'warn_error_options': 'WarnErrorOptionsV2(error=[], warn=[], silence=[])', 'maximum_seed_size_mib': '1', 'printer_width': '80', 'write_json': 'True', 'introspect': 'True', 'log_cache_events': 'False', 'empty': 'None', 'cache_selected_only': 'False', 'log_format': 'default', 'debug': 'False', 'fail_fast': 'False', 'partial_parse': 'True', 'send_anonymous_usage_stats': 'True', 'quiet': 'False', 'warn_error': 'None', 'profiles_dir': 'C:\\Users\\Dell\\.dbt', 'invocation_command': 'dbt debug', 'hints_enabled': 'True', 'use_colors': 'True', 'use_experimental_parser': 'False', 'indirect_selection': 'eager', 'log_path': 'D:\\Local Projects\\DBT\\logs'}
[0m15:42:02.261965 [info ] [MainThread]: dbt version: 1.12.3
[0m15:42:02.262835 [info ] [MainThread]: python version: 3.14.4
[0m15:42:02.263482 [info ] [MainThread]: python path: D:\Local Projects\DBT\.dbt_venv\Scripts\python.exe
[0m15:42:02.264125 [info ] [MainThread]: os info: Windows-10-10.0.19045-SP0
[0m15:42:07.375793 [info ] [MainThread]: Using profiles dir at C:\Users\Dell\.dbt
[0m15:42:07.376769 [info ] [MainThread]: Using profiles.yml file at C:\Users\Dell\.dbt\profiles.yml
[0m15:42:07.377480 [info ] [MainThread]: Using dbt_project.yml file at D:\Local Projects\DBT\dbt_project.yml
[0m15:42:07.378019 [info ] [MainThread]: adapter type: sqlserver
[0m15:42:07.378529 [info ] [MainThread]: adapter version: 1.11.1
[0m15:42:07.534078 [info ] [MainThread]: Configuration:
[0m15:42:07.534856 [info ] [MainThread]:   profiles.yml file [[32mOK found and valid[0m]
[0m15:42:07.535582 [info ] [MainThread]:   dbt_project.yml file [[32mOK found and valid[0m]
[0m15:42:07.536220 [info ] [MainThread]: Required dependencies:
[0m15:42:07.536924 [debug] [MainThread]: Executing "git --help"
[0m15:42:08.305966 [debug] [MainThread]: STDOUT: "b"usage: git [-v | --version] [-h | --help] [-C <path>] [-c <name>=<value>]\n           [--exec-path[=<path>]] [--html-path] [--man-path] [--info-path]\n           [-p | --paginate | -P | --no-pager] [--no-replace-objects] [--no-lazy-fetch]\n           [--no-optional-locks] [--no-advice] [--bare] [--git-dir=<path>]\n           [--work-tree=<path>] [--namespace=<name>] [--config-env=<name>=<envvar>]\n           <command> [<args>]\n\nThese are common Git commands used in various situations:\n\nstart a working area (see also: git help tutorial)\n   clone      Clone a repository into a new directory\n   init       Create an empty Git repository or reinitialize an existing one\n\nwork on the current change (see also: git help everyday)\n   add        Add file contents to the index\n   mv         Move or rename a file, a directory, or a symlink\n   restore    Restore working tree files\n   rm         Remove files from the working tree and from the index\n\nexamine the history and state (see also: git help revisions)\n   bisect     Use binary search to find the commit that introduced a bug\n   diff       Show changes between commits, commit and working tree, etc\n   grep       Print lines matching a pattern\n   log        Show commit logs\n   show       Show various types of objects\n   status     Show the working tree status\n\ngrow, mark and tweak your common history\n   backfill   Download missing objects in a partial clone\n   branch     List, create, or delete branches\n   commit     Record changes to the repository\n   history    EXPERIMENTAL: Rewrite history\n   merge      Join two or more development histories together\n   rebase     Reapply commits on top of another base tip\n   reset      Set `HEAD` or the index to a known state\n   switch     Switch branches\n   tag        Create, list, delete or verify tags\n\ncollaborate (see also: git help workflows)\n   fetch      Download objects and refs from another repository\n   pull       Fetch from and integrate with another repository or a local branch\n   push       Update remote refs along with associated objects\n\n'git help -a' and 'git help -g' list available subcommands and some\nconcept guides. See 'git help <command>' or 'git help <concept>'\nto read about a specific subcommand or concept.\nSee 'git help git' for an overview of the system.\n""
[0m15:42:08.306948 [debug] [MainThread]: STDERR: "b''"
[0m15:42:08.307433 [info ] [MainThread]:  - git [[32mOK found[0m]

[0m15:42:08.307986 [info ] [MainThread]: Connection:
[0m15:42:08.308511 [info ] [MainThread]:   driver: ODBC Driver 18 for SQL Server
[0m15:42:08.308980 [info ] [MainThread]:   server: HONEY\SQLEXPRESS
[0m15:42:08.309448 [info ] [MainThread]:   port: 1433
[0m15:42:08.309912 [info ] [MainThread]:   database: sql_local
[0m15:42:08.310558 [info ] [MainThread]:   schema: dbo
[0m15:42:08.311179 [info ] [MainThread]:   UID: dbt_harsh
[0m15:42:08.311763 [info ] [MainThread]:   authentication: sql
[0m15:42:08.312345 [info ] [MainThread]:   windows_login: False
[0m15:42:08.312794 [info ] [MainThread]:   retries: 3
[0m15:42:08.313668 [info ] [MainThread]:   login_timeout: 0
[0m15:42:08.314651 [info ] [MainThread]:   query_timeout: 0
[0m15:42:08.315460 [info ] [MainThread]:   trace_flag: False
[0m15:42:08.316329 [info ] [MainThread]:   encrypt: True
[0m15:42:08.317154 [info ] [MainThread]:   trust_cert: True
[0m15:42:08.318062 [info ] [MainThread]:   backend: pyodbc
[0m15:42:08.319524 [info ] [MainThread]:   xact_abort: True
[0m15:42:08.322011 [info ] [MainThread]: Registered adapter: sqlserver=1.11.1
[0m15:42:08.991298 [warn ] [MainThread]: [[33mWARNING[0m]: When True, uses SQL Server-native string type mappings: STRING -> VARCHAR(MAX), NCHAR -> NCHAR(1), NVARCHAR -> NVARCHAR(4000). When False (default), preserves legacy mappings: STRING and NVARCHAR -> VARCHAR(8000), NCHAR -> CHAR(1). The new behaviour is intended to become the default in a future release.
You may opt into the new behavior sooner by setting `flags.dbt_sqlserver_use_native_string_types` to `True` in `dbt_project.yml`.
Visit https://docs.getdbt.com/reference/global-configs/behavior-changes for more information.
[0m15:42:08.993045 [debug] [MainThread]: Sending event: {'category': 'dbt', 'action': 'BehaviorChangeEvent', 'label': 'a24a5389-3bc4-4bd2-b6b8-20a2ec896a8a', 'context': [<snowplow_tracker.self_describing_json.SelfDescribingJson object at 0x0000024F3618EB10>]}
[0m15:42:08.993821 [warn ] [MainThread]: [[33mWARNING[0m]: When True, dbt transaction hooks (begin/commit) emit real T-SQL BEGIN TRANSACTION / COMMIT TRANSACTION statements. When False (default and legacy), begin/commit are no-ops and each statement is auto-committed by the driver. This means earlier successful statements are not rolled back if a later statement fails. This behavior is intended to become the default in a future release.
You may opt into the new behavior sooner by setting `flags.dbt_sqlserver_use_dbt_transactions` to `True` in `dbt_project.yml`.
Visit https://docs.getdbt.com/reference/global-configs/behavior-changes for more information.
[0m15:42:08.994862 [debug] [MainThread]: Sending event: {'category': 'dbt', 'action': 'BehaviorChangeEvent', 'label': 'a24a5389-3bc4-4bd2-b6b8-20a2ec896a8a', 'context': [<snowplow_tracker.self_describing_json.SelfDescribingJson object at 0x0000024F366D79B0>]}
[0m15:42:08.995394 [debug] [MainThread]: Acquiring new sqlserver connection 'debug'
[0m15:42:08.995780 [debug] [MainThread]: Using sqlserver connection "debug"
[0m15:42:08.996030 [debug] [MainThread]: On debug: select 1 as id
[0m15:42:08.996263 [debug] [MainThread]: Opening a new connection, currently in state init
[0m15:42:09.031203 [debug] [MainThread]: sqlserver adapter: Using connection string: DRIVER={ODBC Driver 18 for SQL Server};SERVER=HONEY\SQLEXPRESS;Database=sql_local;UID=***;PWD=***;encrypt=Yes;TrustServerCertificate=Yes;APP=dbt-sqlserver/1.11.1;Pooling=true;SQL_ATTR_TRACE=SQL_OPT_TRACE_OFF;ConnectRetryCount=3;ConnectRetryInterval=10
[0m15:42:09.466115 [debug] [MainThread]: sqlserver adapter: Connected to db: sql_local
[0m15:42:09.468686 [debug] [MainThread]: SQL status: OK in 0.000 seconds
[0m15:42:09.469698 [debug] [MainThread]: On debug: Close
[0m15:42:09.470052 [info ] [MainThread]:   Connection test: [[32mOK connection ok[0m]

[0m15:42:09.470684 [info ] [MainThread]: [32mAll checks passed![0m
[0m15:42:09.471892 [debug] [MainThread]: Command `dbt debug` succeeded at 15:42:09.471741 after 7.48 seconds
[0m15:42:09.472227 [debug] [MainThread]: Connection 'debug' was properly closed.
[0m15:42:09.472543 [debug] [MainThread]: Sending event: {'category': 'dbt', 'action': 'invocation', 'label': 'end', 'context': [<snowplow_tracker.self_describing_json.SelfDescribingJson object at 0x0000024F3680C350>, <snowplow_tracker.self_describing_json.SelfDescribingJson object at 0x0000024F3680C250>, <snowplow_tracker.self_describing_json.SelfDescribingJson object at 0x0000024F3673DE50>]}
[0m15:42:09.472897 [debug] [MainThread]: Flushing usage events
[0m15:42:11.056047 [debug] [MainThread]: An error was encountered while trying to flush usage events
[0m18:30:05.387943 [debug] [MainThread]: Sending event: {'category': 'dbt', 'action': 'invocation', 'label': 'start', 'context': [<snowplow_tracker.self_describing_json.SelfDescribingJson object at 0x0000026EA339E3C0>, <snowplow_tracker.self_describing_json.SelfDescribingJson object at 0x0000026EA0D00F50>, <snowplow_tracker.self_describing_json.SelfDescribingJson object at 0x0000026EA5C979D0>]}


============================== 18:30:05.394174 | a1c9a773-6c71-4919-b057-95d97dceaf2a ==============================
[0m18:30:05.394174 [info ] [MainThread]: Running with dbt=1.12.3
[0m18:30:05.394862 [debug] [MainThread]: running dbt with arguments {'static_parser': 'True', 'no_print': 'None', 'maximum_seed_size_mib': '1', 'target_path': 'None', 'warn_error_options': 'WarnErrorOptionsV2(error=[], warn=[], silence=[])', 'version_check': 'True', 'printer_width': '80', 'write_json': 'True', 'empty': 'None', 'log_cache_events': 'False', 'introspect': 'True', 'cache_selected_only': 'False', 'log_format': 'default', 'debug': 'False', 'fail_fast': 'False', 'profiles_dir': 'C:\\Users\\Dell\\.dbt', 'send_anonymous_usage_stats': 'True', 'quiet': 'False', 'warn_error': 'None', 'partial_parse': 'True', 'use_colors': 'True', 'hints_enabled': 'True', 'invocation_command': 'dbt debug', 'use_experimental_parser': 'False', 'indirect_selection': 'eager', 'log_path': 'D:\\Local Projects\\DBT\\logs'}
[0m18:30:05.444521 [info ] [MainThread]: dbt version: 1.12.3
[0m18:30:05.445586 [info ] [MainThread]: python version: 3.14.4
[0m18:30:05.446607 [info ] [MainThread]: python path: D:\Local Projects\DBT\.dbt_venv\Scripts\python.exe
[0m18:30:05.447451 [info ] [MainThread]: os info: Windows-10-10.0.19045-SP0
[0m18:30:05.692447 [info ] [MainThread]: Using profiles dir at C:\Users\Dell\.dbt
[0m18:30:05.693207 [info ] [MainThread]: Using profiles.yml file at C:\Users\Dell\.dbt\profiles.yml
[0m18:30:05.694118 [info ] [MainThread]: Using dbt_project.yml file at D:\Local Projects\DBT\dbt_project.yml
[0m18:30:05.694884 [info ] [MainThread]: adapter type: sqlserver
[0m18:30:05.695585 [info ] [MainThread]: adapter version: 1.11.1
[0m18:30:05.810750 [info ] [MainThread]: Configuration:
[0m18:30:05.811388 [info ] [MainThread]:   profiles.yml file [[32mOK found and valid[0m]
[0m18:30:05.812481 [info ] [MainThread]:   dbt_project.yml file [[32mOK found and valid[0m]
[0m18:30:05.813314 [info ] [MainThread]: Required dependencies:
[0m18:30:05.814304 [debug] [MainThread]: Executing "git --help"
[0m18:30:05.863692 [debug] [MainThread]: STDOUT: "b"usage: git [-v | --version] [-h | --help] [-C <path>] [-c <name>=<value>]\n           [--exec-path[=<path>]] [--html-path] [--man-path] [--info-path]\n           [-p | --paginate | -P | --no-pager] [--no-replace-objects] [--no-lazy-fetch]\n           [--no-optional-locks] [--no-advice] [--bare] [--git-dir=<path>]\n           [--work-tree=<path>] [--namespace=<name>] [--config-env=<name>=<envvar>]\n           <command> [<args>]\n\nThese are common Git commands used in various situations:\n\nstart a working area (see also: git help tutorial)\n   clone      Clone a repository into a new directory\n   init       Create an empty Git repository or reinitialize an existing one\n\nwork on the current change (see also: git help everyday)\n   add        Add file contents to the index\n   mv         Move or rename a file, a directory, or a symlink\n   restore    Restore working tree files\n   rm         Remove files from the working tree and from the index\n\nexamine the history and state (see also: git help revisions)\n   bisect     Use binary search to find the commit that introduced a bug\n   diff       Show changes between commits, commit and working tree, etc\n   grep       Print lines matching a pattern\n   log        Show commit logs\n   show       Show various types of objects\n   status     Show the working tree status\n\ngrow, mark and tweak your common history\n   backfill   Download missing objects in a partial clone\n   branch     List, create, or delete branches\n   commit     Record changes to the repository\n   history    EXPERIMENTAL: Rewrite history\n   merge      Join two or more development histories together\n   rebase     Reapply commits on top of another base tip\n   reset      Set `HEAD` or the index to a known state\n   switch     Switch branches\n   tag        Create, list, delete or verify tags\n\ncollaborate (see also: git help workflows)\n   fetch      Download objects and refs from another repository\n   pull       Fetch from and integrate with another repository or a local branch\n   push       Update remote refs along with associated objects\n\n'git help -a' and 'git help -g' list available subcommands and some\nconcept guides. See 'git help <command>' or 'git help <concept>'\nto read about a specific subcommand or concept.\nSee 'git help git' for an overview of the system.\n""
[0m18:30:05.864260 [debug] [MainThread]: STDERR: "b''"
[0m18:30:05.864868 [info ] [MainThread]:  - git [[32mOK found[0m]

[0m18:30:05.865486 [info ] [MainThread]: Connection:
[0m18:30:05.866191 [info ] [MainThread]:   driver: ODBC Driver 18 for SQL Server
[0m18:30:05.866709 [info ] [MainThread]:   server: HONEY\SQLEXPRESS
[0m18:30:05.867419 [info ] [MainThread]:   port: 1433
[0m18:30:05.868250 [info ] [MainThread]:   database: sql_local
[0m18:30:05.868788 [info ] [MainThread]:   schema: dbo
[0m18:30:05.869447 [info ] [MainThread]:   UID: dbt_harsh
[0m18:30:05.869943 [info ] [MainThread]:   authentication: sql
[0m18:30:05.870434 [info ] [MainThread]:   windows_login: False
[0m18:30:05.870954 [info ] [MainThread]:   retries: 3
[0m18:30:05.871425 [info ] [MainThread]:   login_timeout: 0
[0m18:30:05.872069 [info ] [MainThread]:   query_timeout: 0
[0m18:30:05.872872 [info ] [MainThread]:   trace_flag: False
[0m18:30:05.874480 [info ] [MainThread]:   encrypt: True
[0m18:30:05.875111 [info ] [MainThread]:   trust_cert: True
[0m18:30:05.875588 [info ] [MainThread]:   backend: pyodbc
[0m18:30:05.876045 [info ] [MainThread]:   xact_abort: True
[0m18:30:05.876967 [info ] [MainThread]: Registered adapter: sqlserver=1.11.1
[0m18:30:06.251675 [warn ] [MainThread]: [[33mWARNING[0m]: When True, uses SQL Server-native string type mappings: STRING -> VARCHAR(MAX), NCHAR -> NCHAR(1), NVARCHAR -> NVARCHAR(4000). When False (default), preserves legacy mappings: STRING and NVARCHAR -> VARCHAR(8000), NCHAR -> CHAR(1). The new behaviour is intended to become the default in a future release.
You may opt into the new behavior sooner by setting `flags.dbt_sqlserver_use_native_string_types` to `True` in `dbt_project.yml`.
Visit https://docs.getdbt.com/reference/global-configs/behavior-changes for more information.
[0m18:30:06.253040 [debug] [MainThread]: Sending event: {'category': 'dbt', 'action': 'BehaviorChangeEvent', 'label': 'a1c9a773-6c71-4919-b057-95d97dceaf2a', 'context': [<snowplow_tracker.self_describing_json.SelfDescribingJson object at 0x0000026EA5DBEB10>]}
[0m18:30:06.253434 [warn ] [MainThread]: [[33mWARNING[0m]: When True, dbt transaction hooks (begin/commit) emit real T-SQL BEGIN TRANSACTION / COMMIT TRANSACTION statements. When False (default and legacy), begin/commit are no-ops and each statement is auto-committed by the driver. This means earlier successful statements are not rolled back if a later statement fails. This behavior is intended to become the default in a future release.
You may opt into the new behavior sooner by setting `flags.dbt_sqlserver_use_dbt_transactions` to `True` in `dbt_project.yml`.
Visit https://docs.getdbt.com/reference/global-configs/behavior-changes for more information.
[0m18:30:06.254420 [debug] [MainThread]: Sending event: {'category': 'dbt', 'action': 'BehaviorChangeEvent', 'label': 'a1c9a773-6c71-4919-b057-95d97dceaf2a', 'context': [<snowplow_tracker.self_describing_json.SelfDescribingJson object at 0x0000026EA62B79B0>]}
[0m18:30:06.254918 [debug] [MainThread]: Acquiring new sqlserver connection 'debug'
[0m18:30:06.255197 [debug] [MainThread]: Using sqlserver connection "debug"
[0m18:30:06.255443 [debug] [MainThread]: On debug: select 1 as id
[0m18:30:06.255692 [debug] [MainThread]: Opening a new connection, currently in state init
[0m18:30:06.264491 [debug] [MainThread]: sqlserver adapter: Using connection string: DRIVER={ODBC Driver 18 for SQL Server};SERVER=HONEY\SQLEXPRESS;Database=sql_local;UID=***;PWD=***;encrypt=Yes;TrustServerCertificate=Yes;APP=dbt-sqlserver/1.11.1;Pooling=true;SQL_ATTR_TRACE=SQL_OPT_TRACE_OFF;ConnectRetryCount=3;ConnectRetryInterval=10
[0m18:30:06.630928 [debug] [MainThread]: sqlserver adapter: Connected to db: sql_local
[0m18:30:06.633189 [debug] [MainThread]: SQL status: OK in 0.000 seconds
[0m18:30:06.634051 [debug] [MainThread]: On debug: Close
[0m18:30:06.634350 [info ] [MainThread]:   Connection test: [[32mOK connection ok[0m]

[0m18:30:06.635082 [info ] [MainThread]: [32mAll checks passed![0m
[0m18:30:06.636769 [debug] [MainThread]: Command `dbt debug` succeeded at 18:30:06.636511 after 1.43 seconds
[0m18:30:06.637103 [debug] [MainThread]: Connection 'debug' was properly closed.
[0m18:30:06.637397 [debug] [MainThread]: Sending event: {'category': 'dbt', 'action': 'invocation', 'label': 'end', 'context': [<snowplow_tracker.self_describing_json.SelfDescribingJson object at 0x0000026EA63EC350>, <snowplow_tracker.self_describing_json.SelfDescribingJson object at 0x0000026EA63EC250>, <snowplow_tracker.self_describing_json.SelfDescribingJson object at 0x0000026EA631DE50>]}
[0m18:30:06.637717 [debug] [MainThread]: Flushing usage events
[0m18:30:08.276441 [debug] [MainThread]: An error was encountered while trying to flush usage events
[0m12:12:43.535691 [debug] [MainThread]: Sending event: {'category': 'dbt', 'action': 'invocation', 'label': 'start', 'context': [<snowplow_tracker.self_describing_json.SelfDescribingJson object at 0x00000214CBEAE3C0>, <snowplow_tracker.self_describing_json.SelfDescribingJson object at 0x00000214C9810F50>, <snowplow_tracker.self_describing_json.SelfDescribingJson object at 0x00000214CE7A79D0>]}


============================== 12:12:43.547370 | 628ef056-5974-4ab2-a1c9-08273409e93c ==============================
[0m12:12:43.547370 [info ] [MainThread]: Running with dbt=1.12.3
[0m12:12:43.548881 [debug] [MainThread]: running dbt with arguments {'static_parser': 'True', 'no_print': 'None', 'maximum_seed_size_mib': '1', 'warn_error_options': 'WarnErrorOptionsV2(error=[], warn=[], silence=[])', 'version_check': 'True', 'target_path': 'None', 'printer_width': '80', 'write_json': 'True', 'introspect': 'True', 'log_cache_events': 'False', 'empty': 'None', 'cache_selected_only': 'False', 'log_format': 'default', 'debug': 'False', 'fail_fast': 'False', 'partial_parse': 'True', 'send_anonymous_usage_stats': 'True', 'quiet': 'False', 'warn_error': 'None', 'profiles_dir': 'C:\\Users\\Dell\\.dbt', 'invocation_command': 'dbt debug', 'hints_enabled': 'True', 'indirect_selection': 'eager', 'use_experimental_parser': 'False', 'use_colors': 'True', 'log_path': 'D:\\Local Projects\\DBT\\logs'}
[0m12:12:43.610244 [info ] [MainThread]: dbt version: 1.12.3
[0m12:12:43.611037 [info ] [MainThread]: python version: 3.14.4
[0m12:12:43.611752 [info ] [MainThread]: python path: D:\Local Projects\DBT\.dbt_venv\Scripts\python.exe
[0m12:12:43.612409 [info ] [MainThread]: os info: Windows-10-10.0.19045-SP0
[0m12:12:49.443549 [info ] [MainThread]: Using profiles dir at C:\Users\Dell\.dbt
[0m12:12:49.444380 [info ] [MainThread]: Using profiles.yml file at C:\Users\Dell\.dbt\profiles.yml
[0m12:12:49.445069 [info ] [MainThread]: Using dbt_project.yml file at D:\Local Projects\DBT\dbt_project.yml
[0m12:12:49.445793 [info ] [MainThread]: adapter type: sqlserver
[0m12:12:49.446388 [info ] [MainThread]: adapter version: 1.11.1
[0m12:12:49.584168 [info ] [MainThread]: Configuration:
[0m12:12:49.585281 [info ] [MainThread]:   profiles.yml file [[32mOK found and valid[0m]
[0m12:12:49.586441 [info ] [MainThread]:   dbt_project.yml file [[32mOK found and valid[0m]
[0m12:12:49.587353 [info ] [MainThread]: Required dependencies:
[0m12:12:49.588087 [debug] [MainThread]: Executing "git --help"
[0m12:12:49.670433 [debug] [MainThread]: STDOUT: "b"usage: git [-v | --version] [-h | --help] [-C <path>] [-c <name>=<value>]\n           [--exec-path[=<path>]] [--html-path] [--man-path] [--info-path]\n           [-p | --paginate | -P | --no-pager] [--no-replace-objects] [--no-lazy-fetch]\n           [--no-optional-locks] [--no-advice] [--bare] [--git-dir=<path>]\n           [--work-tree=<path>] [--namespace=<name>] [--config-env=<name>=<envvar>]\n           <command> [<args>]\n\nThese are common Git commands used in various situations:\n\nstart a working area (see also: git help tutorial)\n   clone      Clone a repository into a new directory\n   init       Create an empty Git repository or reinitialize an existing one\n\nwork on the current change (see also: git help everyday)\n   add        Add file contents to the index\n   mv         Move or rename a file, a directory, or a symlink\n   restore    Restore working tree files\n   rm         Remove files from the working tree and from the index\n\nexamine the history and state (see also: git help revisions)\n   bisect     Use binary search to find the commit that introduced a bug\n   diff       Show changes between commits, commit and working tree, etc\n   grep       Print lines matching a pattern\n   log        Show commit logs\n   show       Show various types of objects\n   status     Show the working tree status\n\ngrow, mark and tweak your common history\n   backfill   Download missing objects in a partial clone\n   branch     List, create, or delete branches\n   commit     Record changes to the repository\n   history    EXPERIMENTAL: Rewrite history\n   merge      Join two or more development histories together\n   rebase     Reapply commits on top of another base tip\n   reset      Set `HEAD` or the index to a known state\n   switch     Switch branches\n   tag        Create, list, delete or verify tags\n\ncollaborate (see also: git help workflows)\n   fetch      Download objects and refs from another repository\n   pull       Fetch from and integrate with another repository or a local branch\n   push       Update remote refs along with associated objects\n\n'git help -a' and 'git help -g' list available subcommands and some\nconcept guides. See 'git help <command>' or 'git help <concept>'\nto read about a specific subcommand or concept.\nSee 'git help git' for an overview of the system.\n""
[0m12:12:49.671520 [debug] [MainThread]: STDERR: "b''"
[0m12:12:49.672629 [info ] [MainThread]:  - git [[32mOK found[0m]

[0m12:12:49.673487 [info ] [MainThread]: Connection:
[0m12:12:49.674084 [info ] [MainThread]:   driver: ODBC Driver 18 for SQL Server
[0m12:12:49.674640 [info ] [MainThread]:   server: HONEY\SQLEXPRESS
[0m12:12:49.675170 [info ] [MainThread]:   port: 1433
[0m12:12:49.675643 [info ] [MainThread]:   database: sql_local
[0m12:12:49.676102 [info ] [MainThread]:   schema: dbo
[0m12:12:49.676569 [info ] [MainThread]:   UID: dbt_harsh
[0m12:12:49.677033 [info ] [MainThread]:   authentication: sql
[0m12:12:49.677691 [info ] [MainThread]:   windows_login: False
[0m12:12:49.678353 [info ] [MainThread]:   retries: 3
[0m12:12:49.678852 [info ] [MainThread]:   login_timeout: 0
[0m12:12:49.679630 [info ] [MainThread]:   query_timeout: 0
[0m12:12:49.680338 [info ] [MainThread]:   trace_flag: False
[0m12:12:49.680997 [info ] [MainThread]:   encrypt: True
[0m12:12:49.681491 [info ] [MainThread]:   trust_cert: True
[0m12:12:49.681938 [info ] [MainThread]:   backend: pyodbc
[0m12:12:49.682361 [info ] [MainThread]:   xact_abort: True
[0m12:12:49.683167 [info ] [MainThread]: Registered adapter: sqlserver=1.11.1
[0m12:12:50.305647 [warn ] [MainThread]: [[33mWARNING[0m]: When True, uses SQL Server-native string type mappings: STRING -> VARCHAR(MAX), NCHAR -> NCHAR(1), NVARCHAR -> NVARCHAR(4000). When False (default), preserves legacy mappings: STRING and NVARCHAR -> VARCHAR(8000), NCHAR -> CHAR(1). The new behaviour is intended to become the default in a future release.
You may opt into the new behavior sooner by setting `flags.dbt_sqlserver_use_native_string_types` to `True` in `dbt_project.yml`.
Visit https://docs.getdbt.com/reference/global-configs/behavior-changes for more information.
[0m12:12:50.307964 [debug] [MainThread]: Sending event: {'category': 'dbt', 'action': 'BehaviorChangeEvent', 'label': '628ef056-5974-4ab2-a1c9-08273409e93c', 'context': [<snowplow_tracker.self_describing_json.SelfDescribingJson object at 0x00000214CE8CEB10>]}
[0m12:12:50.308718 [warn ] [MainThread]: [[33mWARNING[0m]: When True, dbt transaction hooks (begin/commit) emit real T-SQL BEGIN TRANSACTION / COMMIT TRANSACTION statements. When False (default and legacy), begin/commit are no-ops and each statement is auto-committed by the driver. This means earlier successful statements are not rolled back if a later statement fails. This behavior is intended to become the default in a future release.
You may opt into the new behavior sooner by setting `flags.dbt_sqlserver_use_dbt_transactions` to `True` in `dbt_project.yml`.
Visit https://docs.getdbt.com/reference/global-configs/behavior-changes for more information.
[0m12:12:50.309633 [debug] [MainThread]: Sending event: {'category': 'dbt', 'action': 'BehaviorChangeEvent', 'label': '628ef056-5974-4ab2-a1c9-08273409e93c', 'context': [<snowplow_tracker.self_describing_json.SelfDescribingJson object at 0x00000214CEE479B0>]}
[0m12:12:50.310235 [debug] [MainThread]: Acquiring new sqlserver connection 'debug'
[0m12:12:50.310619 [debug] [MainThread]: Using sqlserver connection "debug"
[0m12:12:50.310926 [debug] [MainThread]: On debug: select 1 as id
[0m12:12:50.311185 [debug] [MainThread]: Opening a new connection, currently in state init
[0m12:12:50.360764 [debug] [MainThread]: sqlserver adapter: Using connection string: DRIVER={ODBC Driver 18 for SQL Server};SERVER=HONEY\SQLEXPRESS;Database=sql_local;UID=***;PWD=***;encrypt=Yes;TrustServerCertificate=Yes;APP=dbt-sqlserver/1.11.1;Pooling=true;SQL_ATTR_TRACE=SQL_OPT_TRACE_OFF;ConnectRetryCount=3;ConnectRetryInterval=10
[0m12:12:50.985606 [debug] [MainThread]: sqlserver adapter: Connected to db: sql_local
[0m12:12:50.988986 [debug] [MainThread]: SQL status: OK in 1.000 seconds
[0m12:12:50.990233 [debug] [MainThread]: On debug: Close
[0m12:12:50.990670 [info ] [MainThread]:   Connection test: [[32mOK connection ok[0m]

[0m12:12:50.991495 [info ] [MainThread]: [32mAll checks passed![0m
[0m12:12:50.993363 [debug] [MainThread]: Command `dbt debug` succeeded at 12:12:50.993109 after 7.73 seconds
[0m12:12:50.993890 [debug] [MainThread]: Connection 'debug' was properly closed.
[0m12:12:50.994432 [debug] [MainThread]: Sending event: {'category': 'dbt', 'action': 'invocation', 'label': 'end', 'context': [<snowplow_tracker.self_describing_json.SelfDescribingJson object at 0x00000214CEF7C350>, <snowplow_tracker.self_describing_json.SelfDescribingJson object at 0x00000214CEF7C250>, <snowplow_tracker.self_describing_json.SelfDescribingJson object at 0x00000214CEEADE50>]}
[0m12:12:50.994981 [debug] [MainThread]: Flushing usage events
[0m12:12:52.899036 [debug] [MainThread]: An error was encountered while trying to flush usage events
[0m12:14:55.340838 [debug] [MainThread]: Sending event: {'category': 'dbt', 'action': 'invocation', 'label': 'start', 'context': [<snowplow_tracker.self_describing_json.SelfDescribingJson object at 0x000001E40079E3C0>, <snowplow_tracker.self_describing_json.SelfDescribingJson object at 0x000001E47E090F50>, <snowplow_tracker.self_describing_json.SelfDescribingJson object at 0x000001E4030EF9D0>]}


============================== 12:14:55.347667 | bba935dc-844c-43eb-83f4-1c9c9d8d536a ==============================
[0m12:14:55.347667 [info ] [MainThread]: Running with dbt=1.12.3
[0m12:14:55.348796 [debug] [MainThread]: running dbt with arguments {'maximum_seed_size_mib': '1', 'no_print': 'None', 'version_check': 'True', 'target_path': 'None', 'static_parser': 'True', 'warn_error_options': 'WarnErrorOptionsV2(error=[], warn=[], silence=[])', 'printer_width': '80', 'write_json': 'True', 'introspect': 'True', 'log_cache_events': 'False', 'empty': 'None', 'cache_selected_only': 'False', 'log_format': 'default', 'debug': 'False', 'fail_fast': 'False', 'profiles_dir': 'C:\\Users\\Dell\\.dbt', 'send_anonymous_usage_stats': 'True', 'quiet': 'False', 'warn_error': 'None', 'partial_parse': 'True', 'indirect_selection': 'eager', 'hints_enabled': 'True', 'use_colors': 'True', 'use_experimental_parser': 'False', 'invocation_command': 'dbt test --select unique_employees_employee_id', 'log_path': 'D:\\Local Projects\\DBT\\logs'}
[0m12:14:55.807551 [debug] [MainThread]: Sending event: {'category': 'dbt', 'action': 'project_id', 'label': 'bba935dc-844c-43eb-83f4-1c9c9d8d536a', 'context': [<snowplow_tracker.self_describing_json.SelfDescribingJson object at 0x000001E4031716E0>]}
[0m12:14:55.887731 [debug] [MainThread]: Sending event: {'category': 'dbt', 'action': 'adapter_info', 'label': 'bba935dc-844c-43eb-83f4-1c9c9d8d536a', 'context': [<snowplow_tracker.self_describing_json.SelfDescribingJson object at 0x000001E47E90DF20>]}
[0m12:14:55.888924 [info ] [MainThread]: Registered adapter: sqlserver=1.11.1
[0m12:14:56.258803 [warn ] [MainThread]: [[33mWARNING[0m]: When True, uses SQL Server-native string type mappings: STRING -> VARCHAR(MAX), NCHAR -> NCHAR(1), NVARCHAR -> NVARCHAR(4000). When False (default), preserves legacy mappings: STRING and NVARCHAR -> VARCHAR(8000), NCHAR -> CHAR(1). The new behaviour is intended to become the default in a future release.
You may opt into the new behavior sooner by setting `flags.dbt_sqlserver_use_native_string_types` to `True` in `dbt_project.yml`.
Visit https://docs.getdbt.com/reference/global-configs/behavior-changes for more information.
[0m12:14:56.259927 [debug] [MainThread]: Sending event: {'category': 'dbt', 'action': 'BehaviorChangeEvent', 'label': 'bba935dc-844c-43eb-83f4-1c9c9d8d536a', 'context': [<snowplow_tracker.self_describing_json.SelfDescribingJson object at 0x000001E403485C50>]}
[0m12:14:56.260353 [warn ] [MainThread]: [[33mWARNING[0m]: When True, dbt transaction hooks (begin/commit) emit real T-SQL BEGIN TRANSACTION / COMMIT TRANSACTION statements. When False (default and legacy), begin/commit are no-ops and each statement is auto-committed by the driver. This means earlier successful statements are not rolled back if a later statement fails. This behavior is intended to become the default in a future release.
You may opt into the new behavior sooner by setting `flags.dbt_sqlserver_use_dbt_transactions` to `True` in `dbt_project.yml`.
Visit https://docs.getdbt.com/reference/global-configs/behavior-changes for more information.
[0m12:14:56.261224 [debug] [MainThread]: Sending event: {'category': 'dbt', 'action': 'BehaviorChangeEvent', 'label': 'bba935dc-844c-43eb-83f4-1c9c9d8d536a', 'context': [<snowplow_tracker.self_describing_json.SelfDescribingJson object at 0x000001E4037E97C0>]}
[0m12:14:56.318039 [debug] [MainThread]: checksum: 61fa0cb8ebbab08e6306b916b7eee9c1bd2f4ae870aa253f37d5f612939c7047, vars: {}, profile: project_dbt, target: dev, version: 1.12.3
[0m12:14:59.816004 [debug] [MainThread]: Partial parsing enabled: 0 files deleted, 2 files added, 0 files changed.
[0m12:14:59.817489 [debug] [MainThread]: Partial parsing: added file: project_dbt://project_dbt/models\schema.yml
[0m12:14:59.818379 [debug] [MainThread]: Partial parsing: added file: project_dbt://project_dbt/tests\test_basic.sql
[0m12:14:59.995352 [warn ] [MainThread]: [[33mWARNING[0m]: When True, uses dbt-core's standard schema concatenation (`target.schema` + `_` + `custom_schema_name`). When False (default), uses legacy adapter behaviour: `custom_schema_name` is used directly without prefixing `target.schema`. For a permanent solution, override the `sqlserver__generate_schema_name` macro in your project instead.
You may opt into the new behavior sooner by setting `flags.dbt_sqlserver_use_default_schema_concat` to `True` in `dbt_project.yml`.
Visit https://docs.getdbt.com/reference/global-configs/behavior-changes for more information.
[0m12:14:59.996398 [debug] [MainThread]: Sending event: {'category': 'dbt', 'action': 'BehaviorChangeEvent', 'label': 'bba935dc-844c-43eb-83f4-1c9c9d8d536a', 'context': [<snowplow_tracker.self_describing_json.SelfDescribingJson object at 0x000001E403D3D010>]}
[0m12:15:00.310717 [warn ] [MainThread]: [[33mWARNING[0m]: Did not find matching node for patch with name 'employees' in the 'models' section of file 'project_dbt/models\schema.yml'
[0m12:15:00.409479 [warn ] [MainThread]: [[33mWARNING[0m]: Test 'test.project_dbt.unique_employees_employee_id.51e63416f6' (project_dbt/models\schema.yml) depends on a node named 'employees' in package '' which was not found
[0m12:15:00.508137 [debug] [MainThread]: Sending event: {'category': 'dbt', 'action': 'load_project', 'label': 'bba935dc-844c-43eb-83f4-1c9c9d8d536a', 'context': [<snowplow_tracker.self_describing_json.SelfDescribingJson object at 0x000001E403EFFAD0>]}
[0m12:15:00.667731 [debug] [MainThread]: Wrote artifact WritableManifest to D:\Local Projects\DBT\target\manifest.json
[0m12:15:00.690296 [debug] [MainThread]: Wrote artifact SemanticManifest to D:\Local Projects\DBT\target\semantic_manifest.json
[0m12:15:00.747103 [debug] [MainThread]: Wrote artifact OsiDocument to D:\Local Projects\DBT\target\osi_document.json
[0m12:15:00.784634 [debug] [MainThread]: Sending event: {'category': 'dbt', 'action': 'resource_counts', 'label': 'bba935dc-844c-43eb-83f4-1c9c9d8d536a', 'context': [<snowplow_tracker.self_describing_json.SelfDescribingJson object at 0x000001E404085E50>]}
[0m12:15:00.785470 [info ] [MainThread]: Found 3 models, 5 data tests, 1 source, 556 macros
[0m12:15:00.786143 [debug] [MainThread]: Sending event: {'category': 'dbt', 'action': 'runnable_timing', 'label': 'bba935dc-844c-43eb-83f4-1c9c9d8d536a', 'context': [<snowplow_tracker.self_describing_json.SelfDescribingJson object at 0x000001E4041C2830>]}
[0m12:15:00.787457 [warn ] [MainThread]: [[33mWARNING[0m]: The selection criterion 'unique_employees_employee_id' does not match any enabled nodes
[0m12:15:00.791002 [warn ] [MainThread]: [[33mWARNING[0m]: Nothing to do. Try checking your model configs and model specification args
[0m12:15:00.793276 [debug] [MainThread]: Command end result
[0m12:15:00.855454 [debug] [MainThread]: Wrote artifact WritableManifest to D:\Local Projects\DBT\target\manifest.json
[0m12:15:00.859967 [debug] [MainThread]: Wrote artifact SemanticManifest to D:\Local Projects\DBT\target\semantic_manifest.json
[0m12:15:00.864133 [debug] [MainThread]: Wrote artifact OsiDocument to D:\Local Projects\DBT\target\osi_document.json
[0m12:15:00.868831 [debug] [MainThread]: Wrote artifact RunExecutionResult to D:\Local Projects\DBT\target\run_results.json
[0m12:15:00.871256 [debug] [MainThread]: Command `dbt test` succeeded at 12:15:00.870720 after 5.72 seconds
[0m12:15:00.872100 [debug] [MainThread]: Sending event: {'category': 'dbt', 'action': 'invocation', 'label': 'end', 'context': [<snowplow_tracker.self_describing_json.SelfDescribingJson object at 0x000001E40354D770>, <snowplow_tracker.self_describing_json.SelfDescribingJson object at 0x000001E40405FF50>, <snowplow_tracker.self_describing_json.SelfDescribingJson object at 0x000001E400CD3AD0>]}
[0m12:15:00.872637 [debug] [MainThread]: Flushing usage events
[0m12:15:02.455076 [debug] [MainThread]: An error was encountered while trying to flush usage events
[0m12:22:55.544790 [debug] [MainThread]: Sending event: {'category': 'dbt', 'action': 'invocation', 'label': 'start', 'context': [<snowplow_tracker.self_describing_json.SelfDescribingJson object at 0x00000241AD3AE3C0>, <snowplow_tracker.self_describing_json.SelfDescribingJson object at 0x00000241AAD09090>, <snowplow_tracker.self_describing_json.SelfDescribingJson object at 0x00000241AFCFF9D0>]}


============================== 12:22:55.551033 | 16c7d35b-e63a-4b60-9ff6-02045564de8a ==============================
[0m12:22:55.551033 [info ] [MainThread]: Running with dbt=1.12.3
[0m12:22:55.552361 [debug] [MainThread]: running dbt with arguments {'version_check': 'True', 'no_print': 'None', 'maximum_seed_size_mib': '1', 'warn_error_options': 'WarnErrorOptionsV2(error=[], warn=[], silence=[])', 'target_path': 'None', 'static_parser': 'True', 'printer_width': '80', 'write_json': 'True', 'introspect': 'True', 'log_cache_events': 'False', 'empty': 'None', 'cache_selected_only': 'False', 'log_format': 'default', 'debug': 'False', 'fail_fast': 'False', 'profiles_dir': 'C:\\Users\\Dell\\.dbt', 'send_anonymous_usage_stats': 'True', 'quiet': 'False', 'warn_error': 'None', 'partial_parse': 'True', 'use_colors': 'True', 'hints_enabled': 'True', 'invocation_command': 'dbt test --select unique_employee_view_employee_id', 'use_experimental_parser': 'False', 'indirect_selection': 'eager', 'log_path': 'D:\\Local Projects\\DBT\\logs'}
[0m12:22:55.901983 [debug] [MainThread]: Sending event: {'category': 'dbt', 'action': 'project_id', 'label': '16c7d35b-e63a-4b60-9ff6-02045564de8a', 'context': [<snowplow_tracker.self_describing_json.SelfDescribingJson object at 0x00000241AFD816E0>]}
[0m12:22:55.977874 [debug] [MainThread]: Sending event: {'category': 'dbt', 'action': 'adapter_info', 'label': '16c7d35b-e63a-4b60-9ff6-02045564de8a', 'context': [<snowplow_tracker.self_describing_json.SelfDescribingJson object at 0x00000241AB58DF20>]}
[0m12:22:55.978826 [info ] [MainThread]: Registered adapter: sqlserver=1.11.1
[0m12:22:56.302675 [warn ] [MainThread]: [[33mWARNING[0m]: When True, uses SQL Server-native string type mappings: STRING -> VARCHAR(MAX), NCHAR -> NCHAR(1), NVARCHAR -> NVARCHAR(4000). When False (default), preserves legacy mappings: STRING and NVARCHAR -> VARCHAR(8000), NCHAR -> CHAR(1). The new behaviour is intended to become the default in a future release.
You may opt into the new behavior sooner by setting `flags.dbt_sqlserver_use_native_string_types` to `True` in `dbt_project.yml`.
Visit https://docs.getdbt.com/reference/global-configs/behavior-changes for more information.
[0m12:22:56.303760 [debug] [MainThread]: Sending event: {'category': 'dbt', 'action': 'BehaviorChangeEvent', 'label': '16c7d35b-e63a-4b60-9ff6-02045564de8a', 'context': [<snowplow_tracker.self_describing_json.SelfDescribingJson object at 0x00000241B0099C50>]}
[0m12:22:56.304230 [warn ] [MainThread]: [[33mWARNING[0m]: When True, dbt transaction hooks (begin/commit) emit real T-SQL BEGIN TRANSACTION / COMMIT TRANSACTION statements. When False (default and legacy), begin/commit are no-ops and each statement is auto-committed by the driver. This means earlier successful statements are not rolled back if a later statement fails. This behavior is intended to become the default in a future release.
You may opt into the new behavior sooner by setting `flags.dbt_sqlserver_use_dbt_transactions` to `True` in `dbt_project.yml`.
Visit https://docs.getdbt.com/reference/global-configs/behavior-changes for more information.
[0m12:22:56.305021 [debug] [MainThread]: Sending event: {'category': 'dbt', 'action': 'BehaviorChangeEvent', 'label': '16c7d35b-e63a-4b60-9ff6-02045564de8a', 'context': [<snowplow_tracker.self_describing_json.SelfDescribingJson object at 0x00000241B03F97C0>]}
[0m12:22:56.315218 [debug] [MainThread]: checksum: 61fa0cb8ebbab08e6306b916b7eee9c1bd2f4ae870aa253f37d5f612939c7047, vars: {}, profile: project_dbt, target: dev, version: 1.12.3
[0m12:22:56.604937 [debug] [MainThread]: Partial parsing enabled: 0 files deleted, 0 files added, 1 files changed.
[0m12:22:56.605618 [debug] [MainThread]: Partial parsing: updated file: project_dbt://project_dbt/models\schema.yml
[0m12:22:56.993993 [warn ] [MainThread]: [[33mWARNING[0m]: When True, uses dbt-core's standard schema concatenation (`target.schema` + `_` + `custom_schema_name`). When False (default), uses legacy adapter behaviour: `custom_schema_name` is used directly without prefixing `target.schema`. For a permanent solution, override the `sqlserver__generate_schema_name` macro in your project instead.
You may opt into the new behavior sooner by setting `flags.dbt_sqlserver_use_default_schema_concat` to `True` in `dbt_project.yml`.
Visit https://docs.getdbt.com/reference/global-configs/behavior-changes for more information.
[0m12:22:56.995235 [debug] [MainThread]: Sending event: {'category': 'dbt', 'action': 'BehaviorChangeEvent', 'label': '16c7d35b-e63a-4b60-9ff6-02045564de8a', 'context': [<snowplow_tracker.self_describing_json.SelfDescribingJson object at 0x00000241B0B282F0>]}
[0m12:22:57.115555 [debug] [MainThread]: Sending event: {'category': 'dbt', 'action': 'load_project', 'label': '16c7d35b-e63a-4b60-9ff6-02045564de8a', 'context': [<snowplow_tracker.self_describing_json.SelfDescribingJson object at 0x00000241B0B03D40>]}
[0m12:22:57.257297 [debug] [MainThread]: Wrote artifact WritableManifest to D:\Local Projects\DBT\target\manifest.json
[0m12:22:57.261432 [debug] [MainThread]: Wrote artifact SemanticManifest to D:\Local Projects\DBT\target\semantic_manifest.json
[0m12:22:57.333797 [debug] [MainThread]: Wrote artifact OsiDocument to D:\Local Projects\DBT\target\osi_document.json
[0m12:22:57.395462 [debug] [MainThread]: Sending event: {'category': 'dbt', 'action': 'resource_counts', 'label': '16c7d35b-e63a-4b60-9ff6-02045564de8a', 'context': [<snowplow_tracker.self_describing_json.SelfDescribingJson object at 0x00000241B0C0DCD0>]}
[0m12:22:57.396345 [info ] [MainThread]: Found 3 models, 6 data tests, 1 source, 556 macros
[0m12:22:57.397238 [debug] [MainThread]: Sending event: {'category': 'dbt', 'action': 'runnable_timing', 'label': '16c7d35b-e63a-4b60-9ff6-02045564de8a', 'context': [<snowplow_tracker.self_describing_json.SelfDescribingJson object at 0x00000241B0D28D60>]}
[0m12:22:57.400455 [info ] [MainThread]: 
[0m12:22:57.401478 [info ] [MainThread]: Concurrency: 3 threads (target='dev')
[0m12:22:57.402562 [info ] [MainThread]: 
[0m12:22:57.403995 [debug] [MainThread]: Acquiring new sqlserver connection 'master'
[0m12:22:57.415823 [debug] [ThreadPool]: Acquiring new sqlserver connection 'list_sql_local_dbo'
[0m12:22:57.454209 [debug] [ThreadPool]: dbt-sqlserver
[0m12:22:57.457753 [debug] [ThreadPool]: Using sqlserver connection "list_sql_local_dbo"
[0m12:22:57.458868 [debug] [ThreadPool]: On list_sql_local_dbo: /* {"app": "dbt", "dbt_version": "1.12.3", "profile_name": "project_dbt", "target_name": "dev", "connection_name": "list_sql_local_dbo"} */
USE [sql_local];
    declare @schema_id int = schema_id('dbo');
    select
      DB_NAME() as [database],
      t.name as [name],
      'dbo' as [schema],
      'table' as table_type
    from sys.tables as t with (nolock)
    where t.schema_id = @schema_id
    union all
    select
      DB_NAME() as [database],
      v.name as [name],
      'dbo' as [schema],
      'view' as table_type
    from sys.views as v with (nolock)
    where v.schema_id = @schema_id
    
    OPTION (LABEL = 'dbt-sqlserver');

  
[0m12:22:57.459485 [debug] [ThreadPool]: Opening a new connection, currently in state init
[0m12:22:57.463660 [debug] [ThreadPool]: sqlserver adapter: Using connection string: DRIVER={ODBC Driver 18 for SQL Server};SERVER=HONEY\SQLEXPRESS;Database=sql_local;UID=***;PWD=***;encrypt=Yes;TrustServerCertificate=Yes;APP=dbt-sqlserver/1.11.1;Pooling=true;SQL_ATTR_TRACE=SQL_OPT_TRACE_OFF;ConnectRetryCount=3;ConnectRetryInterval=10
[0m12:22:57.897426 [debug] [ThreadPool]: sqlserver adapter: Connected to db: sql_local
[0m12:22:57.993748 [debug] [ThreadPool]: SQL status: OK in 1.000 seconds
[0m12:22:57.996550 [debug] [ThreadPool]: On list_sql_local_dbo: ROLLBACK
[0m12:22:57.997284 [debug] [ThreadPool]: On list_sql_local_dbo: Close
[0m12:22:57.998998 [debug] [MainThread]: Sending event: {'category': 'dbt', 'action': 'runnable_timing', 'label': '16c7d35b-e63a-4b60-9ff6-02045564de8a', 'context': [<snowplow_tracker.self_describing_json.SelfDescribingJson object at 0x00000241B0C6BC50>]}
[0m12:22:57.999638 [debug] [MainThread]: On master: COMMIT
[0m12:22:58.009224 [debug] [Thread-1 (]: Began running node test.project_dbt.unique_employee_view_employee_id.83206369be
[0m12:22:58.009833 [info ] [Thread-1 (]: 1 of 1 START test unique_employee_view_employee_id ............................. [RUN]
[0m12:22:58.010824 [debug] [Thread-1 (]: Acquiring new sqlserver connection 'test.project_dbt.unique_employee_view_employee_id.83206369be'
[0m12:22:58.011288 [debug] [Thread-1 (]: Began compiling node test.project_dbt.unique_employee_view_employee_id.83206369be
[0m12:22:58.031202 [debug] [Thread-1 (]: Writing injected SQL for node "test.project_dbt.unique_employee_view_employee_id.83206369be"
[0m12:22:58.033344 [debug] [Thread-1 (]: Began executing node test.project_dbt.unique_employee_view_employee_id.83206369be
[0m12:22:58.070823 [debug] [Thread-1 (]: Writing runtime sql for node "test.project_dbt.unique_employee_view_employee_id.83206369be"
[0m12:22:58.072593 [debug] [Thread-1 (]: Using sqlserver connection "test.project_dbt.unique_employee_view_employee_id.83206369be"
[0m12:22:58.073179 [debug] [Thread-1 (]: On test.project_dbt.unique_employee_view_employee_id.83206369be: /* {"app": "dbt", "dbt_version": "1.12.3", "profile_name": "project_dbt", "target_name": "dev", "node_id": "test.project_dbt.unique_employee_view_employee_id.83206369be"} */

    
    -- Create target schema if it does not
  USE [sql_local];
  IF NOT EXISTS (SELECT * FROM sys.schemas WHERE name = 'dbo')
  BEGIN
    EXEC('CREATE SCHEMA [dbo]')
  END

  

  
  EXEC('create view 
    [dbo].[testview_5e79c8667d11abb22a762d9c87d83d18_5476]
   as 
    
    
    

select
    employee_id as unique_field,
    count(*) as n_records

from "sql_local"."dbo"."employee_view"
where employee_id is not null
group by employee_id
having count(*) > 1



  ;')
  select
    
    count(*) as failures,
    case when count(*) != 0
      then 'true' else 'false' end as should_warn,
    case when count(*) != 0
      then 'true' else 'false' end as should_error
  from (
    select * from 
    [dbo].[testview_5e79c8667d11abb22a762d9c87d83d18_5476]
  
  ) dbt_internal_test;

  EXEC('drop view 
    [dbo].[testview_5e79c8667d11abb22a762d9c87d83d18_5476]
  ;')
[0m12:22:58.074183 [debug] [Thread-1 (]: Opening a new connection, currently in state init
[0m12:22:58.074809 [debug] [Thread-1 (]: sqlserver adapter: Using connection string: DRIVER={ODBC Driver 18 for SQL Server};SERVER=HONEY\SQLEXPRESS;Database=sql_local;UID=***;PWD=***;encrypt=Yes;TrustServerCertificate=Yes;APP=dbt-sqlserver/1.11.1;Pooling=true;SQL_ATTR_TRACE=SQL_OPT_TRACE_OFF;ConnectRetryCount=3;ConnectRetryInterval=10
[0m12:22:58.076197 [debug] [Thread-1 (]: sqlserver adapter: Connected to db: sql_local
[0m12:22:58.100083 [debug] [Thread-1 (]: SQL status: OK in 0.000 seconds
[0m12:22:58.111893 [debug] [Thread-1 (]: On test.project_dbt.unique_employee_view_employee_id.83206369be: ROLLBACK
[0m12:22:58.112872 [debug] [Thread-1 (]: On test.project_dbt.unique_employee_view_employee_id.83206369be: Close
[0m12:22:58.114200 [info ] [Thread-1 (]: 1 of 1 PASS unique_employee_view_employee_id ................................... [[32mPASS[0m in 0.10s]
[0m12:22:58.116256 [debug] [Thread-1 (]: Finished running node test.project_dbt.unique_employee_view_employee_id.83206369be
[0m12:22:58.119309 [debug] [MainThread]: On master: COMMIT
[0m12:22:58.120589 [debug] [MainThread]: Connection 'master' was properly closed.
[0m12:22:58.121211 [debug] [MainThread]: Connection 'list_sql_local_dbo' was properly closed.
[0m12:22:58.121717 [debug] [MainThread]: Connection 'test.project_dbt.unique_employee_view_employee_id.83206369be' was properly closed.
[0m12:22:58.122253 [info ] [MainThread]: 
[0m12:22:58.123351 [info ] [MainThread]: Finished running 1 test in 0 hours 0 minutes and 0.72 seconds (0.72s).
[0m12:22:58.125369 [debug] [MainThread]: Command end result
[0m12:22:58.189914 [debug] [MainThread]: Wrote artifact WritableManifest to D:\Local Projects\DBT\target\manifest.json
[0m12:22:58.195647 [debug] [MainThread]: Wrote artifact SemanticManifest to D:\Local Projects\DBT\target\semantic_manifest.json
[0m12:22:58.200194 [debug] [MainThread]: Wrote artifact OsiDocument to D:\Local Projects\DBT\target\osi_document.json
[0m12:22:58.209655 [debug] [MainThread]: Wrote artifact RunExecutionResult to D:\Local Projects\DBT\target\run_results.json
[0m12:22:58.210162 [info ] [MainThread]: 
[0m12:22:58.211078 [info ] [MainThread]: [32mCompleted successfully[0m
[0m12:22:58.212348 [info ] [MainThread]: 
[0m12:22:58.213842 [info ] [MainThread]: Done. PASS=1 WARN=0 ERROR=0 SKIP=0 NO-OP=0 REUSED=0 TOTAL=1
[0m12:22:58.215957 [debug] [MainThread]: Command `dbt test` succeeded at 12:22:58.215720 after 2.90 seconds
[0m12:22:58.216444 [debug] [MainThread]: Sending event: {'category': 'dbt', 'action': 'invocation', 'label': 'end', 'context': [<snowplow_tracker.self_describing_json.SelfDescribingJson object at 0x00000241B0C1BD50>, <snowplow_tracker.self_describing_json.SelfDescribingJson object at 0x00000241B0C18B50>, <snowplow_tracker.self_describing_json.SelfDescribingJson object at 0x00000241AFD27310>]}
[0m12:22:58.216882 [debug] [MainThread]: Flushing usage events
[0m12:23:00.124185 [debug] [MainThread]: An error was encountered while trying to flush usage events
[0m13:00:31.254713 [debug] [MainThread]: Sending event: {'category': 'dbt', 'action': 'invocation', 'label': 'start', 'context': [<snowplow_tracker.self_describing_json.SelfDescribingJson object at 0x00000241B344E3C0>, <snowplow_tracker.self_describing_json.SelfDescribingJson object at 0x00000241B0DB0F50>, <snowplow_tracker.self_describing_json.SelfDescribingJson object at 0x00000241B5DA39D0>]}


============================== 13:00:31.264705 | a88922a3-6029-4551-95b2-a162a00c130c ==============================
[0m13:00:31.264705 [info ] [MainThread]: Running with dbt=1.12.3
[0m13:00:31.265994 [debug] [MainThread]: running dbt with arguments {'maximum_seed_size_mib': '1', 'no_print': 'None', 'version_check': 'True', 'warn_error_options': 'WarnErrorOptionsV2(error=[], warn=[], silence=[])', 'target_path': 'None', 'static_parser': 'True', 'printer_width': '80', 'write_json': 'True', 'introspect': 'True', 'log_cache_events': 'False', 'empty': 'None', 'cache_selected_only': 'False', 'fail_fast': 'False', 'debug': 'False', 'log_format': 'default', 'profiles_dir': 'C:\\Users\\Dell\\.dbt', 'send_anonymous_usage_stats': 'True', 'quiet': 'False', 'warn_error': 'None', 'partial_parse': 'True', 'use_colors': 'True', 'hints_enabled': 'True', 'indirect_selection': 'eager', 'use_experimental_parser': 'False', 'invocation_command': 'dbt test --select not_null_employee_view_employee_id', 'log_path': 'D:\\Local Projects\\DBT\\logs'}
[0m13:00:33.620362 [debug] [MainThread]: Sending event: {'category': 'dbt', 'action': 'project_id', 'label': 'a88922a3-6029-4551-95b2-a162a00c130c', 'context': [<snowplow_tracker.self_describing_json.SelfDescribingJson object at 0x00000241B5E216E0>]}
[0m13:00:33.715330 [debug] [MainThread]: Sending event: {'category': 'dbt', 'action': 'adapter_info', 'label': 'a88922a3-6029-4551-95b2-a162a00c130c', 'context': [<snowplow_tracker.self_describing_json.SelfDescribingJson object at 0x00000241B162DF20>]}
[0m13:00:33.716454 [info ] [MainThread]: Registered adapter: sqlserver=1.11.1
[0m13:00:34.290592 [warn ] [MainThread]: [[33mWARNING[0m]: When True, uses SQL Server-native string type mappings: STRING -> VARCHAR(MAX), NCHAR -> NCHAR(1), NVARCHAR -> NVARCHAR(4000). When False (default), preserves legacy mappings: STRING and NVARCHAR -> VARCHAR(8000), NCHAR -> CHAR(1). The new behaviour is intended to become the default in a future release.
You may opt into the new behavior sooner by setting `flags.dbt_sqlserver_use_native_string_types` to `True` in `dbt_project.yml`.
Visit https://docs.getdbt.com/reference/global-configs/behavior-changes for more information.
[0m13:00:34.293323 [debug] [MainThread]: Sending event: {'category': 'dbt', 'action': 'BehaviorChangeEvent', 'label': 'a88922a3-6029-4551-95b2-a162a00c130c', 'context': [<snowplow_tracker.self_describing_json.SelfDescribingJson object at 0x00000241B6131C50>]}
[0m13:00:34.293831 [warn ] [MainThread]: [[33mWARNING[0m]: When True, dbt transaction hooks (begin/commit) emit real T-SQL BEGIN TRANSACTION / COMMIT TRANSACTION statements. When False (default and legacy), begin/commit are no-ops and each statement is auto-committed by the driver. This means earlier successful statements are not rolled back if a later statement fails. This behavior is intended to become the default in a future release.
You may opt into the new behavior sooner by setting `flags.dbt_sqlserver_use_dbt_transactions` to `True` in `dbt_project.yml`.
Visit https://docs.getdbt.com/reference/global-configs/behavior-changes for more information.
[0m13:00:34.295119 [debug] [MainThread]: Sending event: {'category': 'dbt', 'action': 'BehaviorChangeEvent', 'label': 'a88922a3-6029-4551-95b2-a162a00c130c', 'context': [<snowplow_tracker.self_describing_json.SelfDescribingJson object at 0x00000241B64997C0>]}
[0m13:00:34.318403 [debug] [MainThread]: checksum: 61fa0cb8ebbab08e6306b916b7eee9c1bd2f4ae870aa253f37d5f612939c7047, vars: {}, profile: project_dbt, target: dev, version: 1.12.3
[0m13:00:35.447506 [debug] [MainThread]: Partial parsing enabled: 0 files deleted, 0 files added, 1 files changed.
[0m13:00:35.448316 [debug] [MainThread]: Partial parsing: updated file: project_dbt://project_dbt/models\schema.yml
[0m13:00:35.761519 [warn ] [MainThread]: [[33mWARNING[0m]: When True, uses dbt-core's standard schema concatenation (`target.schema` + `_` + `custom_schema_name`). When False (default), uses legacy adapter behaviour: `custom_schema_name` is used directly without prefixing `target.schema`. For a permanent solution, override the `sqlserver__generate_schema_name` macro in your project instead.
You may opt into the new behavior sooner by setting `flags.dbt_sqlserver_use_default_schema_concat` to `True` in `dbt_project.yml`.
Visit https://docs.getdbt.com/reference/global-configs/behavior-changes for more information.
[0m13:00:35.762787 [debug] [MainThread]: Sending event: {'category': 'dbt', 'action': 'BehaviorChangeEvent', 'label': 'a88922a3-6029-4551-95b2-a162a00c130c', 'context': [<snowplow_tracker.self_describing_json.SelfDescribingJson object at 0x00000241B6AECAD0>]}
[0m13:00:36.290950 [debug] [MainThread]: Sending event: {'category': 'dbt', 'action': 'load_project', 'label': 'a88922a3-6029-4551-95b2-a162a00c130c', 'context': [<snowplow_tracker.self_describing_json.SelfDescribingJson object at 0x00000241B6D5BD40>]}
[0m13:00:36.455655 [debug] [MainThread]: Wrote artifact WritableManifest to D:\Local Projects\DBT\target\manifest.json
[0m13:00:36.499009 [debug] [MainThread]: Wrote artifact SemanticManifest to D:\Local Projects\DBT\target\semantic_manifest.json
[0m13:00:36.568094 [debug] [MainThread]: Wrote artifact OsiDocument to D:\Local Projects\DBT\target\osi_document.json
[0m13:00:36.610776 [debug] [MainThread]: Sending event: {'category': 'dbt', 'action': 'resource_counts', 'label': 'a88922a3-6029-4551-95b2-a162a00c130c', 'context': [<snowplow_tracker.self_describing_json.SelfDescribingJson object at 0x00000241B6E29FD0>]}
[0m13:00:36.611881 [info ] [MainThread]: Found 3 models, 7 data tests, 1 source, 556 macros
[0m13:00:36.612851 [debug] [MainThread]: Sending event: {'category': 'dbt', 'action': 'runnable_timing', 'label': 'a88922a3-6029-4551-95b2-a162a00c130c', 'context': [<snowplow_tracker.self_describing_json.SelfDescribingJson object at 0x00000241B6F6D7B0>]}
[0m13:00:36.615765 [info ] [MainThread]: 
[0m13:00:36.616791 [info ] [MainThread]: Concurrency: 3 threads (target='dev')
[0m13:00:36.617538 [info ] [MainThread]: 
[0m13:00:36.619093 [debug] [MainThread]: Acquiring new sqlserver connection 'master'
[0m13:00:36.632904 [debug] [ThreadPool]: Acquiring new sqlserver connection 'list_sql_local_dbo'
[0m13:00:36.669755 [debug] [ThreadPool]: dbt-sqlserver
[0m13:00:36.674869 [debug] [ThreadPool]: Using sqlserver connection "list_sql_local_dbo"
[0m13:00:36.675420 [debug] [ThreadPool]: On list_sql_local_dbo: /* {"app": "dbt", "dbt_version": "1.12.3", "profile_name": "project_dbt", "target_name": "dev", "connection_name": "list_sql_local_dbo"} */
USE [sql_local];
    declare @schema_id int = schema_id('dbo');
    select
      DB_NAME() as [database],
      t.name as [name],
      'dbo' as [schema],
      'table' as table_type
    from sys.tables as t with (nolock)
    where t.schema_id = @schema_id
    union all
    select
      DB_NAME() as [database],
      v.name as [name],
      'dbo' as [schema],
      'view' as table_type
    from sys.views as v with (nolock)
    where v.schema_id = @schema_id
    
    OPTION (LABEL = 'dbt-sqlserver');

  
[0m13:00:36.675777 [debug] [ThreadPool]: Opening a new connection, currently in state init
[0m13:00:36.739896 [debug] [ThreadPool]: sqlserver adapter: Using connection string: DRIVER={ODBC Driver 18 for SQL Server};SERVER=HONEY\SQLEXPRESS;Database=sql_local;UID=***;PWD=***;encrypt=Yes;TrustServerCertificate=Yes;APP=dbt-sqlserver/1.11.1;Pooling=true;SQL_ATTR_TRACE=SQL_OPT_TRACE_OFF;ConnectRetryCount=3;ConnectRetryInterval=10
[0m13:00:37.118766 [debug] [ThreadPool]: sqlserver adapter: Connected to db: sql_local
[0m13:00:37.169595 [debug] [ThreadPool]: SQL status: OK in 0.000 seconds
[0m13:00:37.173380 [debug] [ThreadPool]: On list_sql_local_dbo: ROLLBACK
[0m13:00:37.174486 [debug] [ThreadPool]: On list_sql_local_dbo: Close
[0m13:00:37.176489 [debug] [MainThread]: Sending event: {'category': 'dbt', 'action': 'runnable_timing', 'label': 'a88922a3-6029-4551-95b2-a162a00c130c', 'context': [<snowplow_tracker.self_describing_json.SelfDescribingJson object at 0x00000241B6F565D0>]}
[0m13:00:37.177157 [debug] [MainThread]: On master: COMMIT
[0m13:00:37.186527 [debug] [Thread-1 (]: Began running node test.project_dbt.not_null_employee_view_employee_id.5606307f8a
[0m13:00:37.187161 [info ] [Thread-1 (]: 1 of 1 START test not_null_employee_view_employee_id ........................... [RUN]
[0m13:00:37.188487 [debug] [Thread-1 (]: Acquiring new sqlserver connection 'test.project_dbt.not_null_employee_view_employee_id.5606307f8a'
[0m13:00:37.189302 [debug] [Thread-1 (]: Began compiling node test.project_dbt.not_null_employee_view_employee_id.5606307f8a
[0m13:00:37.220439 [debug] [Thread-1 (]: Writing injected SQL for node "test.project_dbt.not_null_employee_view_employee_id.5606307f8a"
[0m13:00:37.221907 [debug] [Thread-1 (]: Began executing node test.project_dbt.not_null_employee_view_employee_id.5606307f8a
[0m13:00:37.251551 [debug] [Thread-1 (]: Writing runtime sql for node "test.project_dbt.not_null_employee_view_employee_id.5606307f8a"
[0m13:00:37.254015 [debug] [Thread-1 (]: Using sqlserver connection "test.project_dbt.not_null_employee_view_employee_id.5606307f8a"
[0m13:00:37.255297 [debug] [Thread-1 (]: On test.project_dbt.not_null_employee_view_employee_id.5606307f8a: /* {"app": "dbt", "dbt_version": "1.12.3", "profile_name": "project_dbt", "target_name": "dev", "node_id": "test.project_dbt.not_null_employee_view_employee_id.5606307f8a"} */

    
    -- Create target schema if it does not
  USE [sql_local];
  IF NOT EXISTS (SELECT * FROM sys.schemas WHERE name = 'dbo')
  BEGIN
    EXEC('CREATE SCHEMA [dbo]')
  END

  

  
  EXEC('create view 
    [dbo].[testview_2e7d3be96dc9e816bd3c355cfb7fce71_3962]
   as 
    
    
    



select employee_id
from "sql_local"."dbo"."employee_view"
where employee_id is null



  ;')
  select
    
    count(*) as failures,
    case when count(*) != 0
      then 'true' else 'false' end as should_warn,
    case when count(*) != 0
      then 'true' else 'false' end as should_error
  from (
    select * from 
    [dbo].[testview_2e7d3be96dc9e816bd3c355cfb7fce71_3962]
  
  ) dbt_internal_test;

  EXEC('drop view 
    [dbo].[testview_2e7d3be96dc9e816bd3c355cfb7fce71_3962]
  ;')
[0m13:00:37.256353 [debug] [Thread-1 (]: Opening a new connection, currently in state init
[0m13:00:37.257295 [debug] [Thread-1 (]: sqlserver adapter: Using connection string: DRIVER={ODBC Driver 18 for SQL Server};SERVER=HONEY\SQLEXPRESS;Database=sql_local;UID=***;PWD=***;encrypt=Yes;TrustServerCertificate=Yes;APP=dbt-sqlserver/1.11.1;Pooling=true;SQL_ATTR_TRACE=SQL_OPT_TRACE_OFF;ConnectRetryCount=3;ConnectRetryInterval=10
[0m13:00:37.258125 [debug] [Thread-1 (]: sqlserver adapter: Connected to db: sql_local
[0m13:00:37.277338 [debug] [Thread-1 (]: SQL status: OK in 0.000 seconds
[0m13:00:37.283688 [debug] [Thread-1 (]: On test.project_dbt.not_null_employee_view_employee_id.5606307f8a: ROLLBACK
[0m13:00:37.284209 [debug] [Thread-1 (]: On test.project_dbt.not_null_employee_view_employee_id.5606307f8a: Close
[0m13:00:37.284974 [info ] [Thread-1 (]: 1 of 1 PASS not_null_employee_view_employee_id ................................. [[32mPASS[0m in 0.10s]
[0m13:00:37.287201 [debug] [Thread-1 (]: Finished running node test.project_dbt.not_null_employee_view_employee_id.5606307f8a
[0m13:00:37.290160 [debug] [MainThread]: On master: COMMIT
[0m13:00:37.291092 [debug] [MainThread]: Connection 'master' was properly closed.
[0m13:00:37.291581 [debug] [MainThread]: Connection 'list_sql_local_dbo' was properly closed.
[0m13:00:37.291999 [debug] [MainThread]: Connection 'test.project_dbt.not_null_employee_view_employee_id.5606307f8a' was properly closed.
[0m13:00:37.292401 [info ] [MainThread]: 
[0m13:00:37.293781 [info ] [MainThread]: Finished running 1 test in 0 hours 0 minutes and 0.67 seconds (0.67s).
[0m13:00:37.295883 [debug] [MainThread]: Command end result
[0m13:00:37.352238 [debug] [MainThread]: Wrote artifact WritableManifest to D:\Local Projects\DBT\target\manifest.json
[0m13:00:37.358745 [debug] [MainThread]: Wrote artifact SemanticManifest to D:\Local Projects\DBT\target\semantic_manifest.json
[0m13:00:37.363736 [debug] [MainThread]: Wrote artifact OsiDocument to D:\Local Projects\DBT\target\osi_document.json
[0m13:00:37.374958 [debug] [MainThread]: Wrote artifact RunExecutionResult to D:\Local Projects\DBT\target\run_results.json
[0m13:00:37.375866 [info ] [MainThread]: 
[0m13:00:37.377103 [info ] [MainThread]: [32mCompleted successfully[0m
[0m13:00:37.378266 [info ] [MainThread]: 
[0m13:00:37.379469 [info ] [MainThread]: Done. PASS=1 WARN=0 ERROR=0 SKIP=0 NO-OP=0 REUSED=0 TOTAL=1
[0m13:00:37.382166 [debug] [MainThread]: Command `dbt test` succeeded at 13:00:37.381864 after 6.35 seconds
[0m13:00:37.382870 [debug] [MainThread]: Sending event: {'category': 'dbt', 'action': 'invocation', 'label': 'end', 'context': [<snowplow_tracker.self_describing_json.SelfDescribingJson object at 0x00000241B6B29FD0>, <snowplow_tracker.self_describing_json.SelfDescribingJson object at 0x00000241B6E5FED0>, <snowplow_tracker.self_describing_json.SelfDescribingJson object at 0x00000241B5DC7310>]}
[0m13:00:37.383430 [debug] [MainThread]: Flushing usage events
[0m13:00:39.515528 [debug] [MainThread]: An error was encountered while trying to flush usage events
[0m14:30:24.515704 [debug] [MainThread]: Sending event: {'category': 'dbt', 'action': 'invocation', 'label': 'start', 'context': [<snowplow_tracker.self_describing_json.SelfDescribingJson object at 0x000001EEF076E3C0>, <snowplow_tracker.self_describing_json.SelfDescribingJson object at 0x000001EEEE0D0F50>, <snowplow_tracker.self_describing_json.SelfDescribingJson object at 0x000001EEF3063890>]}


============================== 14:30:24.523347 | 0b195457-45e4-47ab-8fa8-4c0341547827 ==============================
[0m14:30:24.523347 [info ] [MainThread]: Running with dbt=1.12.3
[0m14:30:24.524341 [debug] [MainThread]: running dbt with arguments {'version_check': 'True', 'no_print': 'None', 'maximum_seed_size_mib': '1', 'warn_error_options': 'WarnErrorOptionsV2(error=[], warn=[], silence=[])', 'target_path': 'None', 'static_parser': 'True', 'printer_width': '80', 'write_json': 'True', 'introspect': 'True', 'log_cache_events': 'False', 'empty': 'None', 'cache_selected_only': 'False', 'log_format': 'default', 'debug': 'False', 'fail_fast': 'False', 'profiles_dir': 'C:\\Users\\Dell\\.dbt', 'send_anonymous_usage_stats': 'True', 'quiet': 'False', 'warn_error': 'None', 'partial_parse': 'True', 'use_colors': 'True', 'hints_enabled': 'True', 'indirect_selection': 'eager', 'use_experimental_parser': 'False', 'invocation_command': 'dbt docs serve', 'log_path': 'D:\\Local Projects\\DBT\\logs'}
[0m14:30:24.911217 [debug] [MainThread]: Sending event: {'category': 'dbt', 'action': 'project_id', 'label': '0b195457-45e4-47ab-8fa8-4c0341547827', 'context': [<snowplow_tracker.self_describing_json.SelfDescribingJson object at 0x000001EEF30E0C30>]}
[0m14:30:24.985991 [debug] [MainThread]: Sending event: {'category': 'dbt', 'action': 'adapter_info', 'label': '0b195457-45e4-47ab-8fa8-4c0341547827', 'context': [<snowplow_tracker.self_describing_json.SelfDescribingJson object at 0x000001EEF34678A0>]}
[0m14:31:19.659101 [debug] [MainThread]: Sending event: {'category': 'dbt', 'action': 'invocation', 'label': 'start', 'context': [<snowplow_tracker.self_describing_json.SelfDescribingJson object at 0x000002118596E3C0>, <snowplow_tracker.self_describing_json.SelfDescribingJson object at 0x00000211832D9090>, <snowplow_tracker.self_describing_json.SelfDescribingJson object at 0x00000211882679D0>]}


============================== 14:31:19.665570 | 22e45616-eda7-4828-8cda-ec456d260d82 ==============================
[0m14:31:19.665570 [info ] [MainThread]: Running with dbt=1.12.3
[0m14:31:19.666681 [debug] [MainThread]: running dbt with arguments {'static_parser': 'True', 'no_print': 'None', 'version_check': 'True', 'target_path': 'None', 'warn_error_options': 'WarnErrorOptionsV2(error=[], warn=[], silence=[])', 'maximum_seed_size_mib': '1', 'printer_width': '80', 'write_json': 'True', 'introspect': 'True', 'log_cache_events': 'False', 'empty': 'None', 'cache_selected_only': 'False', 'fail_fast': 'False', 'debug': 'False', 'log_format': 'default', 'partial_parse': 'True', 'send_anonymous_usage_stats': 'True', 'quiet': 'False', 'warn_error': 'None', 'profiles_dir': 'C:\\Users\\Dell\\.dbt', 'invocation_command': 'dbt debug', 'hints_enabled': 'True', 'indirect_selection': 'eager', 'use_experimental_parser': 'False', 'use_colors': 'True', 'log_path': 'D:\\Local Projects\\DBT\\logs'}
[0m14:31:19.707485 [info ] [MainThread]: dbt version: 1.12.3
[0m14:31:19.708463 [info ] [MainThread]: python version: 3.14.4
[0m14:31:19.709171 [info ] [MainThread]: python path: D:\Local Projects\DBT\.dbt_venv\Scripts\python.exe
[0m14:31:19.709817 [info ] [MainThread]: os info: Windows-10-10.0.19045-SP0
[0m14:31:19.895785 [info ] [MainThread]: Using profiles dir at C:\Users\Dell\.dbt
[0m14:31:19.896669 [info ] [MainThread]: Using profiles.yml file at C:\Users\Dell\.dbt\profiles.yml
[0m14:31:19.897452 [info ] [MainThread]: Using dbt_project.yml file at D:\Local Projects\DBT\dbt_project.yml
[0m14:31:19.898320 [info ] [MainThread]: adapter type: sqlserver
[0m14:31:19.899071 [info ] [MainThread]: adapter version: 1.11.1
[0m14:31:20.056093 [info ] [MainThread]: Configuration:
[0m14:31:20.057172 [info ] [MainThread]:   profiles.yml file [[32mOK found and valid[0m]
[0m14:31:20.058386 [info ] [MainThread]:   dbt_project.yml file [[32mOK found and valid[0m]
[0m14:31:20.059281 [info ] [MainThread]: Required dependencies:
[0m14:31:20.060145 [debug] [MainThread]: Executing "git --help"
[0m14:31:20.747620 [debug] [MainThread]: STDOUT: "b"usage: git [-v | --version] [-h | --help] [-C <path>] [-c <name>=<value>]\n           [--exec-path[=<path>]] [--html-path] [--man-path] [--info-path]\n           [-p | --paginate | -P | --no-pager] [--no-replace-objects] [--no-lazy-fetch]\n           [--no-optional-locks] [--no-advice] [--bare] [--git-dir=<path>]\n           [--work-tree=<path>] [--namespace=<name>] [--config-env=<name>=<envvar>]\n           <command> [<args>]\n\nThese are common Git commands used in various situations:\n\nstart a working area (see also: git help tutorial)\n   clone      Clone a repository into a new directory\n   init       Create an empty Git repository or reinitialize an existing one\n\nwork on the current change (see also: git help everyday)\n   add        Add file contents to the index\n   mv         Move or rename a file, a directory, or a symlink\n   restore    Restore working tree files\n   rm         Remove files from the working tree and from the index\n\nexamine the history and state (see also: git help revisions)\n   bisect     Use binary search to find the commit that introduced a bug\n   diff       Show changes between commits, commit and working tree, etc\n   grep       Print lines matching a pattern\n   log        Show commit logs\n   show       Show various types of objects\n   status     Show the working tree status\n\ngrow, mark and tweak your common history\n   backfill   Download missing objects in a partial clone\n   branch     List, create, or delete branches\n   commit     Record changes to the repository\n   history    EXPERIMENTAL: Rewrite history\n   merge      Join two or more development histories together\n   rebase     Reapply commits on top of another base tip\n   reset      Set `HEAD` or the index to a known state\n   switch     Switch branches\n   tag        Create, list, delete or verify tags\n\ncollaborate (see also: git help workflows)\n   fetch      Download objects and refs from another repository\n   pull       Fetch from and integrate with another repository or a local branch\n   push       Update remote refs along with associated objects\n\n'git help -a' and 'git help -g' list available subcommands and some\nconcept guides. See 'git help <command>' or 'git help <concept>'\nto read about a specific subcommand or concept.\nSee 'git help git' for an overview of the system.\n""
[0m14:31:20.748145 [debug] [MainThread]: STDERR: "b''"
[0m14:31:20.748550 [info ] [MainThread]:  - git [[32mOK found[0m]

[0m14:31:20.749273 [info ] [MainThread]: Connection:
[0m14:31:20.750092 [info ] [MainThread]:   driver: ODBC Driver 18 for SQL Server
[0m14:31:20.750965 [info ] [MainThread]:   server: HONEY\SQLEXPRESS
[0m14:31:20.753078 [info ] [MainThread]:   port: 1433
[0m14:31:20.753886 [info ] [MainThread]:   database: sql_local
[0m14:31:20.754666 [info ] [MainThread]:   schema: dbo
[0m14:31:20.755671 [info ] [MainThread]:   UID: dbt_harsh
[0m14:31:20.756539 [info ] [MainThread]:   authentication: sql
[0m14:31:20.757278 [info ] [MainThread]:   windows_login: False
[0m14:31:20.757977 [info ] [MainThread]:   retries: 3
[0m14:31:20.758667 [info ] [MainThread]:   login_timeout: 0
[0m14:31:20.759244 [info ] [MainThread]:   query_timeout: 0
[0m14:31:20.759981 [info ] [MainThread]:   trace_flag: False
[0m14:31:20.760618 [info ] [MainThread]:   encrypt: True
[0m14:31:20.761347 [info ] [MainThread]:   trust_cert: True
[0m14:31:20.762081 [info ] [MainThread]:   backend: pyodbc
[0m14:31:20.762785 [info ] [MainThread]:   xact_abort: True
[0m14:31:20.763780 [info ] [MainThread]: Registered adapter: sqlserver=1.11.1
[0m14:31:21.210236 [warn ] [MainThread]: [[33mWARNING[0m]: When True, uses SQL Server-native string type mappings: STRING -> VARCHAR(MAX), NCHAR -> NCHAR(1), NVARCHAR -> NVARCHAR(4000). When False (default), preserves legacy mappings: STRING and NVARCHAR -> VARCHAR(8000), NCHAR -> CHAR(1). The new behaviour is intended to become the default in a future release.
You may opt into the new behavior sooner by setting `flags.dbt_sqlserver_use_native_string_types` to `True` in `dbt_project.yml`.
Visit https://docs.getdbt.com/reference/global-configs/behavior-changes for more information.
[0m14:31:21.212043 [debug] [MainThread]: Sending event: {'category': 'dbt', 'action': 'BehaviorChangeEvent', 'label': '22e45616-eda7-4828-8cda-ec456d260d82', 'context': [<snowplow_tracker.self_describing_json.SelfDescribingJson object at 0x000002118838EB10>]}
[0m14:31:21.212476 [warn ] [MainThread]: [[33mWARNING[0m]: When True, dbt transaction hooks (begin/commit) emit real T-SQL BEGIN TRANSACTION / COMMIT TRANSACTION statements. When False (default and legacy), begin/commit are no-ops and each statement is auto-committed by the driver. This means earlier successful statements are not rolled back if a later statement fails. This behavior is intended to become the default in a future release.
You may opt into the new behavior sooner by setting `flags.dbt_sqlserver_use_dbt_transactions` to `True` in `dbt_project.yml`.
Visit https://docs.getdbt.com/reference/global-configs/behavior-changes for more information.
[0m14:31:21.213409 [debug] [MainThread]: Sending event: {'category': 'dbt', 'action': 'BehaviorChangeEvent', 'label': '22e45616-eda7-4828-8cda-ec456d260d82', 'context': [<snowplow_tracker.self_describing_json.SelfDescribingJson object at 0x000002118883F9B0>]}
[0m14:31:21.214171 [debug] [MainThread]: Acquiring new sqlserver connection 'debug'
[0m14:31:21.214604 [debug] [MainThread]: Using sqlserver connection "debug"
[0m14:31:21.214987 [debug] [MainThread]: On debug: select 1 as id
[0m14:31:21.215355 [debug] [MainThread]: Opening a new connection, currently in state init
[0m14:31:21.222900 [debug] [MainThread]: sqlserver adapter: Using connection string: DRIVER={ODBC Driver 18 for SQL Server};SERVER=HONEY\SQLEXPRESS;Database=sql_local;UID=***;PWD=***;encrypt=Yes;TrustServerCertificate=Yes;APP=dbt-sqlserver/1.11.1;Pooling=true;SQL_ATTR_TRACE=SQL_OPT_TRACE_OFF;ConnectRetryCount=3;ConnectRetryInterval=10
[0m14:31:21.591332 [debug] [MainThread]: sqlserver adapter: Connected to db: sql_local
[0m14:31:21.595303 [debug] [MainThread]: SQL status: OK in 0.000 seconds
[0m14:31:21.596495 [debug] [MainThread]: On debug: Close
[0m14:31:21.596837 [info ] [MainThread]:   Connection test: [[32mOK connection ok[0m]

[0m14:31:21.597573 [info ] [MainThread]: [32mAll checks passed![0m
[0m14:31:21.599831 [debug] [MainThread]: Command `dbt debug` succeeded at 14:31:21.599381 after 2.13 seconds
[0m14:31:21.600404 [debug] [MainThread]: Connection 'debug' was properly closed.
[0m14:31:21.600930 [debug] [MainThread]: Sending event: {'category': 'dbt', 'action': 'invocation', 'label': 'end', 'context': [<snowplow_tracker.self_describing_json.SelfDescribingJson object at 0x0000021188980350>, <snowplow_tracker.self_describing_json.SelfDescribingJson object at 0x0000021188980250>, <snowplow_tracker.self_describing_json.SelfDescribingJson object at 0x00000211888ADE50>]}
[0m14:31:21.601541 [debug] [MainThread]: Flushing usage events
[0m14:31:23.277162 [debug] [MainThread]: An error was encountered while trying to flush usage events
[0m14:31:30.481343 [debug] [MainThread]: Sending event: {'category': 'dbt', 'action': 'invocation', 'label': 'start', 'context': [<snowplow_tracker.self_describing_json.SelfDescribingJson object at 0x000001FFDC10E3C0>, <snowplow_tracker.self_describing_json.SelfDescribingJson object at 0x000001FFD9A60F50>, <snowplow_tracker.self_describing_json.SelfDescribingJson object at 0x000001FFDEA03890>]}


============================== 14:31:30.487935 | 4b3551f6-c2b2-4988-b90c-f44ca8a24eae ==============================
[0m14:31:30.487935 [info ] [MainThread]: Running with dbt=1.12.3
[0m14:31:30.489058 [debug] [MainThread]: running dbt with arguments {'maximum_seed_size_mib': '1', 'no_print': 'None', 'static_parser': 'True', 'warn_error_options': 'WarnErrorOptionsV2(error=[], warn=[], silence=[])', 'target_path': 'None', 'version_check': 'True', 'printer_width': '80', 'write_json': 'True', 'empty': 'None', 'log_cache_events': 'False', 'introspect': 'True', 'cache_selected_only': 'False', 'log_format': 'default', 'debug': 'False', 'fail_fast': 'False', 'partial_parse': 'True', 'send_anonymous_usage_stats': 'True', 'quiet': 'False', 'warn_error': 'None', 'profiles_dir': 'C:\\Users\\Dell\\.dbt', 'invocation_command': 'dbt docs serve --port 8081', 'hints_enabled': 'True', 'use_colors': 'True', 'use_experimental_parser': 'False', 'indirect_selection': 'eager', 'log_path': 'D:\\Local Projects\\DBT\\logs'}
[0m14:31:30.820245 [debug] [MainThread]: Sending event: {'category': 'dbt', 'action': 'project_id', 'label': '4b3551f6-c2b2-4988-b90c-f44ca8a24eae', 'context': [<snowplow_tracker.self_describing_json.SelfDescribingJson object at 0x000001FFDEA80C30>]}
[0m14:31:30.901928 [debug] [MainThread]: Sending event: {'category': 'dbt', 'action': 'adapter_info', 'label': '4b3551f6-c2b2-4988-b90c-f44ca8a24eae', 'context': [<snowplow_tracker.self_describing_json.SelfDescribingJson object at 0x000001FFDEDAB8A0>]}
[0m14:33:00.644204 [debug] [MainThread]: Sending event: {'category': 'dbt', 'action': 'invocation', 'label': 'start', 'context': [<snowplow_tracker.self_describing_json.SelfDescribingJson object at 0x00000193A348E3C0>, <snowplow_tracker.self_describing_json.SelfDescribingJson object at 0x00000193A0DD9090>, <snowplow_tracker.self_describing_json.SelfDescribingJson object at 0x00000193A5D879D0>]}


============================== 14:33:00.650984 | a9ea5e2d-e465-43f5-a571-737c8736c623 ==============================
[0m14:33:00.650984 [info ] [MainThread]: Running with dbt=1.12.3
[0m14:33:00.655684 [debug] [MainThread]: running dbt with arguments {'version_check': 'True', 'no_print': 'None', 'static_parser': 'True', 'warn_error_options': 'WarnErrorOptionsV2(error=[], warn=[], silence=[])', 'target_path': 'None', 'maximum_seed_size_mib': '1', 'printer_width': '80', 'write_json': 'True', 'empty': 'None', 'log_cache_events': 'False', 'introspect': 'True', 'cache_selected_only': 'False', 'log_format': 'default', 'debug': 'False', 'fail_fast': 'False', 'profiles_dir': 'C:\\Users\\Dell\\.dbt', 'send_anonymous_usage_stats': 'True', 'quiet': 'False', 'warn_error': 'None', 'partial_parse': 'True', 'invocation_command': 'dbt debug', 'hints_enabled': 'True', 'use_colors': 'True', 'use_experimental_parser': 'False', 'indirect_selection': 'eager', 'log_path': 'D:\\Local Projects\\DBT\\logs'}
[0m14:33:00.692669 [info ] [MainThread]: dbt version: 1.12.3
[0m14:33:00.693758 [info ] [MainThread]: python version: 3.14.4
[0m14:33:00.694470 [info ] [MainThread]: python path: D:\Local Projects\DBT\.dbt_venv\Scripts\python.exe
[0m14:33:00.695055 [info ] [MainThread]: os info: Windows-10-10.0.19045-SP0
[0m14:33:00.864089 [info ] [MainThread]: Using profiles dir at C:\Users\Dell\.dbt
[0m14:33:00.864893 [info ] [MainThread]: Using profiles.yml file at C:\Users\Dell\.dbt\profiles.yml
[0m14:33:00.865722 [info ] [MainThread]: Using dbt_project.yml file at D:\Local Projects\DBT\dbt_project.yml
[0m14:33:00.866491 [info ] [MainThread]: adapter type: sqlserver
[0m14:33:00.867266 [info ] [MainThread]: adapter version: 1.11.1
[0m14:33:01.062298 [info ] [MainThread]: Configuration:
[0m14:33:01.063121 [info ] [MainThread]:   profiles.yml file [[32mOK found and valid[0m]
[0m14:33:01.064176 [info ] [MainThread]:   dbt_project.yml file [[32mOK found and valid[0m]
[0m14:33:01.065000 [info ] [MainThread]: Required dependencies:
[0m14:33:01.065803 [debug] [MainThread]: Executing "git --help"
[0m14:33:01.135404 [debug] [MainThread]: STDOUT: "b"usage: git [-v | --version] [-h | --help] [-C <path>] [-c <name>=<value>]\n           [--exec-path[=<path>]] [--html-path] [--man-path] [--info-path]\n           [-p | --paginate | -P | --no-pager] [--no-replace-objects] [--no-lazy-fetch]\n           [--no-optional-locks] [--no-advice] [--bare] [--git-dir=<path>]\n           [--work-tree=<path>] [--namespace=<name>] [--config-env=<name>=<envvar>]\n           <command> [<args>]\n\nThese are common Git commands used in various situations:\n\nstart a working area (see also: git help tutorial)\n   clone      Clone a repository into a new directory\n   init       Create an empty Git repository or reinitialize an existing one\n\nwork on the current change (see also: git help everyday)\n   add        Add file contents to the index\n   mv         Move or rename a file, a directory, or a symlink\n   restore    Restore working tree files\n   rm         Remove files from the working tree and from the index\n\nexamine the history and state (see also: git help revisions)\n   bisect     Use binary search to find the commit that introduced a bug\n   diff       Show changes between commits, commit and working tree, etc\n   grep       Print lines matching a pattern\n   log        Show commit logs\n   show       Show various types of objects\n   status     Show the working tree status\n\ngrow, mark and tweak your common history\n   backfill   Download missing objects in a partial clone\n   branch     List, create, or delete branches\n   commit     Record changes to the repository\n   history    EXPERIMENTAL: Rewrite history\n   merge      Join two or more development histories together\n   rebase     Reapply commits on top of another base tip\n   reset      Set `HEAD` or the index to a known state\n   switch     Switch branches\n   tag        Create, list, delete or verify tags\n\ncollaborate (see also: git help workflows)\n   fetch      Download objects and refs from another repository\n   pull       Fetch from and integrate with another repository or a local branch\n   push       Update remote refs along with associated objects\n\n'git help -a' and 'git help -g' list available subcommands and some\nconcept guides. See 'git help <command>' or 'git help <concept>'\nto read about a specific subcommand or concept.\nSee 'git help git' for an overview of the system.\n""
[0m14:33:01.136066 [debug] [MainThread]: STDERR: "b''"
[0m14:33:01.136549 [info ] [MainThread]:  - git [[32mOK found[0m]

[0m14:33:01.137239 [info ] [MainThread]: Connection:
[0m14:33:01.138255 [info ] [MainThread]:   driver: ODBC Driver 18 for SQL Server
[0m14:33:01.139065 [info ] [MainThread]:   server: HONEY\SQLEXPRESS
[0m14:33:01.139899 [info ] [MainThread]:   port: 1433
[0m14:33:01.140691 [info ] [MainThread]:   database: sql_local
[0m14:33:01.141534 [info ] [MainThread]:   schema: dbo
[0m14:33:01.142336 [info ] [MainThread]:   UID: dbt_harsh
[0m14:33:01.143085 [info ] [MainThread]:   authentication: sql
[0m14:33:01.143965 [info ] [MainThread]:   windows_login: False
[0m14:33:01.144835 [info ] [MainThread]:   retries: 3
[0m14:33:01.145987 [info ] [MainThread]:   login_timeout: 0
[0m14:33:01.146857 [info ] [MainThread]:   query_timeout: 0
[0m14:33:01.147798 [info ] [MainThread]:   trace_flag: False
[0m14:33:01.148613 [info ] [MainThread]:   encrypt: True
[0m14:33:01.149298 [info ] [MainThread]:   trust_cert: True
[0m14:33:01.150180 [info ] [MainThread]:   backend: pyodbc
[0m14:33:01.151048 [info ] [MainThread]:   xact_abort: True
[0m14:33:01.152742 [info ] [MainThread]: Registered adapter: sqlserver=1.11.1
[0m14:33:01.488557 [warn ] [MainThread]: [[33mWARNING[0m]: When True, uses SQL Server-native string type mappings: STRING -> VARCHAR(MAX), NCHAR -> NCHAR(1), NVARCHAR -> NVARCHAR(4000). When False (default), preserves legacy mappings: STRING and NVARCHAR -> VARCHAR(8000), NCHAR -> CHAR(1). The new behaviour is intended to become the default in a future release.
You may opt into the new behavior sooner by setting `flags.dbt_sqlserver_use_native_string_types` to `True` in `dbt_project.yml`.
Visit https://docs.getdbt.com/reference/global-configs/behavior-changes for more information.
[0m14:33:01.489439 [debug] [MainThread]: Sending event: {'category': 'dbt', 'action': 'BehaviorChangeEvent', 'label': 'a9ea5e2d-e465-43f5-a571-737c8736c623', 'context': [<snowplow_tracker.self_describing_json.SelfDescribingJson object at 0x00000193A5EAEB10>]}
[0m14:33:01.489984 [warn ] [MainThread]: [[33mWARNING[0m]: When True, dbt transaction hooks (begin/commit) emit real T-SQL BEGIN TRANSACTION / COMMIT TRANSACTION statements. When False (default and legacy), begin/commit are no-ops and each statement is auto-committed by the driver. This means earlier successful statements are not rolled back if a later statement fails. This behavior is intended to become the default in a future release.
You may opt into the new behavior sooner by setting `flags.dbt_sqlserver_use_dbt_transactions` to `True` in `dbt_project.yml`.
Visit https://docs.getdbt.com/reference/global-configs/behavior-changes for more information.
[0m14:33:01.490683 [debug] [MainThread]: Sending event: {'category': 'dbt', 'action': 'BehaviorChangeEvent', 'label': 'a9ea5e2d-e465-43f5-a571-737c8736c623', 'context': [<snowplow_tracker.self_describing_json.SelfDescribingJson object at 0x00000193A63679B0>]}
[0m14:33:01.491140 [debug] [MainThread]: Acquiring new sqlserver connection 'debug'
[0m14:33:01.491415 [debug] [MainThread]: Using sqlserver connection "debug"
[0m14:33:01.491659 [debug] [MainThread]: On debug: select 1 as id
[0m14:33:01.491892 [debug] [MainThread]: Opening a new connection, currently in state init
[0m14:33:01.495266 [debug] [MainThread]: sqlserver adapter: Using connection string: DRIVER={ODBC Driver 18 for SQL Server};SERVER=HONEY\SQLEXPRESS;Database=sql_local;UID=***;PWD=***;encrypt=Yes;TrustServerCertificate=Yes;APP=dbt-sqlserver/1.11.1;Pooling=true;SQL_ATTR_TRACE=SQL_OPT_TRACE_OFF;ConnectRetryCount=3;ConnectRetryInterval=10
[0m14:33:01.764257 [debug] [MainThread]: sqlserver adapter: Connected to db: sql_local
[0m14:33:01.767177 [debug] [MainThread]: SQL status: OK in 0.000 seconds
[0m14:33:01.768586 [debug] [MainThread]: On debug: Close
[0m14:33:01.769016 [info ] [MainThread]:   Connection test: [[32mOK connection ok[0m]

[0m14:33:01.769833 [info ] [MainThread]: [32mAll checks passed![0m
[0m14:33:01.771817 [debug] [MainThread]: Command `dbt debug` succeeded at 14:33:01.771577 after 1.37 seconds
[0m14:33:01.772262 [debug] [MainThread]: Connection 'debug' was properly closed.
[0m14:33:01.772738 [debug] [MainThread]: Sending event: {'category': 'dbt', 'action': 'invocation', 'label': 'end', 'context': [<snowplow_tracker.self_describing_json.SelfDescribingJson object at 0x00000193A64A0350>, <snowplow_tracker.self_describing_json.SelfDescribingJson object at 0x00000193A64A0250>, <snowplow_tracker.self_describing_json.SelfDescribingJson object at 0x00000193A63CDE50>]}
[0m14:33:01.773217 [debug] [MainThread]: Flushing usage events
[0m14:33:03.463564 [debug] [MainThread]: An error was encountered while trying to flush usage events
[0m14:33:15.519004 [debug] [MainThread]: Sending event: {'category': 'dbt', 'action': 'invocation', 'label': 'start', 'context': [<snowplow_tracker.self_describing_json.SelfDescribingJson object at 0x0000028B0B50E3C0>, <snowplow_tracker.self_describing_json.SelfDescribingJson object at 0x0000028B08E60F50>, <snowplow_tracker.self_describing_json.SelfDescribingJson object at 0x0000028B0DE67890>]}


============================== 14:33:15.524353 | 2d1a9440-2ca1-4c5d-ab60-3ffc21eb374f ==============================
[0m14:33:15.524353 [info ] [MainThread]: Running with dbt=1.12.3
[0m14:33:15.525448 [debug] [MainThread]: running dbt with arguments {'static_parser': 'True', 'no_print': 'None', 'version_check': 'True', 'warn_error_options': 'WarnErrorOptionsV2(error=[], warn=[], silence=[])', 'target_path': 'None', 'maximum_seed_size_mib': '1', 'printer_width': '80', 'write_json': 'True', 'introspect': 'True', 'log_cache_events': 'False', 'empty': 'None', 'cache_selected_only': 'False', 'fail_fast': 'False', 'debug': 'False', 'log_format': 'default', 'partial_parse': 'True', 'send_anonymous_usage_stats': 'True', 'quiet': 'False', 'warn_error': 'None', 'profiles_dir': 'C:\\Users\\Dell\\.dbt', 'indirect_selection': 'eager', 'hints_enabled': 'True', 'invocation_command': 'dbt docs generate', 'use_experimental_parser': 'False', 'use_colors': 'True', 'log_path': 'D:\\Local Projects\\DBT\\logs'}
[0m14:33:15.839253 [debug] [MainThread]: Sending event: {'category': 'dbt', 'action': 'project_id', 'label': '2d1a9440-2ca1-4c5d-ab60-3ffc21eb374f', 'context': [<snowplow_tracker.self_describing_json.SelfDescribingJson object at 0x0000028B0DEFD810>]}
[0m14:33:15.911240 [debug] [MainThread]: Sending event: {'category': 'dbt', 'action': 'adapter_info', 'label': '2d1a9440-2ca1-4c5d-ab60-3ffc21eb374f', 'context': [<snowplow_tracker.self_describing_json.SelfDescribingJson object at 0x0000028B096E1F20>]}
[0m14:33:15.912132 [info ] [MainThread]: Registered adapter: sqlserver=1.11.1
[0m14:33:16.233851 [warn ] [MainThread]: [[33mWARNING[0m]: When True, uses SQL Server-native string type mappings: STRING -> VARCHAR(MAX), NCHAR -> NCHAR(1), NVARCHAR -> NVARCHAR(4000). When False (default), preserves legacy mappings: STRING and NVARCHAR -> VARCHAR(8000), NCHAR -> CHAR(1). The new behaviour is intended to become the default in a future release.
You may opt into the new behavior sooner by setting `flags.dbt_sqlserver_use_native_string_types` to `True` in `dbt_project.yml`.
Visit https://docs.getdbt.com/reference/global-configs/behavior-changes for more information.
[0m14:33:16.234944 [debug] [MainThread]: Sending event: {'category': 'dbt', 'action': 'BehaviorChangeEvent', 'label': '2d1a9440-2ca1-4c5d-ab60-3ffc21eb374f', 'context': [<snowplow_tracker.self_describing_json.SelfDescribingJson object at 0x0000028B0E205C50>]}
[0m14:33:16.235678 [warn ] [MainThread]: [[33mWARNING[0m]: When True, dbt transaction hooks (begin/commit) emit real T-SQL BEGIN TRANSACTION / COMMIT TRANSACTION statements. When False (default and legacy), begin/commit are no-ops and each statement is auto-committed by the driver. This means earlier successful statements are not rolled back if a later statement fails. This behavior is intended to become the default in a future release.
You may opt into the new behavior sooner by setting `flags.dbt_sqlserver_use_dbt_transactions` to `True` in `dbt_project.yml`.
Visit https://docs.getdbt.com/reference/global-configs/behavior-changes for more information.
[0m14:33:16.236850 [debug] [MainThread]: Sending event: {'category': 'dbt', 'action': 'BehaviorChangeEvent', 'label': '2d1a9440-2ca1-4c5d-ab60-3ffc21eb374f', 'context': [<snowplow_tracker.self_describing_json.SelfDescribingJson object at 0x0000028B0E5658B0>]}
[0m14:33:16.249238 [debug] [MainThread]: checksum: 61fa0cb8ebbab08e6306b916b7eee9c1bd2f4ae870aa253f37d5f612939c7047, vars: {}, profile: project_dbt, target: dev, version: 1.12.3
[0m14:33:16.524663 [debug] [MainThread]: Partial parsing enabled: 0 files deleted, 0 files added, 1 files changed.
[0m14:33:16.525341 [debug] [MainThread]: Partial parsing: updated file: project_dbt://project_dbt/models\schema.yml
[0m14:33:16.811957 [warn ] [MainThread]: [[33mWARNING[0m]: When True, uses dbt-core's standard schema concatenation (`target.schema` + `_` + `custom_schema_name`). When False (default), uses legacy adapter behaviour: `custom_schema_name` is used directly without prefixing `target.schema`. For a permanent solution, override the `sqlserver__generate_schema_name` macro in your project instead.
You may opt into the new behavior sooner by setting `flags.dbt_sqlserver_use_default_schema_concat` to `True` in `dbt_project.yml`.
Visit https://docs.getdbt.com/reference/global-configs/behavior-changes for more information.
[0m14:33:16.812967 [debug] [MainThread]: Sending event: {'category': 'dbt', 'action': 'BehaviorChangeEvent', 'label': '2d1a9440-2ca1-4c5d-ab60-3ffc21eb374f', 'context': [<snowplow_tracker.self_describing_json.SelfDescribingJson object at 0x0000028B0EBC8830>]}
[0m14:33:17.233644 [debug] [MainThread]: Sending event: {'category': 'dbt', 'action': 'load_project', 'label': '2d1a9440-2ca1-4c5d-ab60-3ffc21eb374f', 'context': [<snowplow_tracker.self_describing_json.SelfDescribingJson object at 0x0000028B0EE3FD40>]}
[0m14:33:17.266990 [debug] [MainThread]: Sending event: {'category': 'dbt', 'action': 'resource_counts', 'label': '2d1a9440-2ca1-4c5d-ab60-3ffc21eb374f', 'context': [<snowplow_tracker.self_describing_json.SelfDescribingJson object at 0x0000028B0E768110>]}
[0m14:33:17.267884 [info ] [MainThread]: Found 3 models, 7 data tests, 1 source, 556 macros
[0m14:33:17.268714 [debug] [MainThread]: Sending event: {'category': 'dbt', 'action': 'runnable_timing', 'label': '2d1a9440-2ca1-4c5d-ab60-3ffc21eb374f', 'context': [<snowplow_tracker.self_describing_json.SelfDescribingJson object at 0x0000028B0BA1B070>]}
[0m14:33:17.271659 [info ] [MainThread]: 
[0m14:33:17.272674 [info ] [MainThread]: Concurrency: 3 threads (target='dev')
[0m14:33:17.273730 [info ] [MainThread]: 
[0m14:33:17.275088 [debug] [MainThread]: Acquiring new sqlserver connection 'master'
[0m14:33:17.283254 [debug] [ThreadPool]: Acquiring new sqlserver connection 'list_sql_local_dbo'
[0m14:33:17.311177 [debug] [ThreadPool]: dbt-sqlserver
[0m14:33:17.313932 [debug] [ThreadPool]: Using sqlserver connection "list_sql_local_dbo"
[0m14:33:17.314271 [debug] [ThreadPool]: On list_sql_local_dbo: /* {"app": "dbt", "dbt_version": "1.12.3", "profile_name": "project_dbt", "target_name": "dev", "connection_name": "list_sql_local_dbo"} */
USE [sql_local];
    declare @schema_id int = schema_id('dbo');
    select
      DB_NAME() as [database],
      t.name as [name],
      'dbo' as [schema],
      'table' as table_type
    from sys.tables as t with (nolock)
    where t.schema_id = @schema_id
    union all
    select
      DB_NAME() as [database],
      v.name as [name],
      'dbo' as [schema],
      'view' as table_type
    from sys.views as v with (nolock)
    where v.schema_id = @schema_id
    
    OPTION (LABEL = 'dbt-sqlserver');

  
[0m14:33:17.314550 [debug] [ThreadPool]: Opening a new connection, currently in state init
[0m14:33:17.319376 [debug] [ThreadPool]: sqlserver adapter: Using connection string: DRIVER={ODBC Driver 18 for SQL Server};SERVER=HONEY\SQLEXPRESS;Database=sql_local;UID=***;PWD=***;encrypt=Yes;TrustServerCertificate=Yes;APP=dbt-sqlserver/1.11.1;Pooling=true;SQL_ATTR_TRACE=SQL_OPT_TRACE_OFF;ConnectRetryCount=3;ConnectRetryInterval=10
[0m14:33:17.619033 [debug] [ThreadPool]: sqlserver adapter: Connected to db: sql_local
[0m14:33:17.714272 [debug] [ThreadPool]: SQL status: OK in 0.000 seconds
[0m14:33:17.718704 [debug] [ThreadPool]: On list_sql_local_dbo: ROLLBACK
[0m14:33:17.720423 [debug] [ThreadPool]: On list_sql_local_dbo: Close
[0m14:33:17.722753 [debug] [MainThread]: Sending event: {'category': 'dbt', 'action': 'runnable_timing', 'label': '2d1a9440-2ca1-4c5d-ab60-3ffc21eb374f', 'context': [<snowplow_tracker.self_describing_json.SelfDescribingJson object at 0x0000028B0ECCB2F0>]}
[0m14:33:17.732908 [debug] [Thread-2 (]: Began running node model.project_dbt.my_first_dbt_model
[0m14:33:17.735072 [debug] [Thread-2 (]: Acquiring new sqlserver connection 'model.project_dbt.my_first_dbt_model'
[0m14:33:17.735681 [debug] [Thread-2 (]: Began compiling node model.project_dbt.my_first_dbt_model
[0m14:33:17.742810 [debug] [Thread-2 (]: Writing injected SQL for node "model.project_dbt.my_first_dbt_model"
[0m14:33:17.733657 [debug] [Thread-1 (]: Began running node model.project_dbt.employee_view
[0m14:33:17.743846 [debug] [Thread-1 (]: Acquiring new sqlserver connection 'model.project_dbt.employee_view'
[0m14:33:17.744326 [debug] [Thread-1 (]: Began compiling node model.project_dbt.employee_view
[0m14:33:17.746688 [debug] [Thread-1 (]: Writing injected SQL for node "model.project_dbt.employee_view"
[0m14:33:17.734189 [debug] [Thread-3 (]: Began running node test.project_dbt.test_basic
[0m14:33:17.747896 [debug] [Thread-3 (]: Acquiring new sqlserver connection 'test.project_dbt.test_basic'
[0m14:33:17.748542 [debug] [Thread-3 (]: Began compiling node test.project_dbt.test_basic
[0m14:33:17.749866 [debug] [Thread-3 (]: Writing injected SQL for node "test.project_dbt.test_basic"
[0m14:33:17.750467 [debug] [Thread-3 (]: Began executing node test.project_dbt.test_basic
[0m14:33:17.751540 [debug] [Thread-3 (]: Finished running node test.project_dbt.test_basic
[0m14:33:17.752712 [debug] [Thread-1 (]: Began executing node model.project_dbt.employee_view
[0m14:33:17.753934 [debug] [Thread-1 (]: Finished running node model.project_dbt.employee_view
[0m14:33:17.755312 [debug] [Thread-3 (]: Began running node test.project_dbt.not_null_employee_view_employee_id.5606307f8a
[0m14:33:17.756663 [debug] [Thread-3 (]: Re-using an available connection from the pool (formerly test.project_dbt.test_basic, now test.project_dbt.not_null_employee_view_employee_id.5606307f8a)
[0m14:33:17.757137 [debug] [Thread-3 (]: Began compiling node test.project_dbt.not_null_employee_view_employee_id.5606307f8a
[0m14:33:17.771665 [debug] [Thread-3 (]: Writing injected SQL for node "test.project_dbt.not_null_employee_view_employee_id.5606307f8a"
[0m14:33:17.756013 [debug] [Thread-1 (]: Began running node test.project_dbt.unique_employee_view_employee_id.83206369be
[0m14:33:17.773528 [debug] [Thread-1 (]: Re-using an available connection from the pool (formerly model.project_dbt.employee_view, now test.project_dbt.unique_employee_view_employee_id.83206369be)
[0m14:33:17.774163 [debug] [Thread-1 (]: Began compiling node test.project_dbt.unique_employee_view_employee_id.83206369be
[0m14:33:17.782596 [debug] [Thread-1 (]: Writing injected SQL for node "test.project_dbt.unique_employee_view_employee_id.83206369be"
[0m14:33:17.772749 [debug] [Thread-2 (]: Began executing node model.project_dbt.my_first_dbt_model
[0m14:33:17.784082 [debug] [Thread-2 (]: Finished running node model.project_dbt.my_first_dbt_model
[0m14:33:17.785485 [debug] [Thread-2 (]: Began running node model.project_dbt.my_second_dbt_model
[0m14:33:17.785983 [debug] [Thread-2 (]: Re-using an available connection from the pool (formerly model.project_dbt.my_first_dbt_model, now model.project_dbt.my_second_dbt_model)
[0m14:33:17.786373 [debug] [Thread-2 (]: Began compiling node model.project_dbt.my_second_dbt_model
[0m14:33:17.789349 [debug] [Thread-2 (]: Writing injected SQL for node "model.project_dbt.my_second_dbt_model"
[0m14:33:17.790545 [debug] [Thread-3 (]: Began executing node test.project_dbt.not_null_employee_view_employee_id.5606307f8a
[0m14:33:17.791708 [debug] [Thread-3 (]: Finished running node test.project_dbt.not_null_employee_view_employee_id.5606307f8a
[0m14:33:17.792246 [debug] [Thread-3 (]: Began running node test.project_dbt.not_null_my_first_dbt_model_id.5fb22c2710
[0m14:33:17.792749 [debug] [Thread-3 (]: Re-using an available connection from the pool (formerly test.project_dbt.not_null_employee_view_employee_id.5606307f8a, now test.project_dbt.not_null_my_first_dbt_model_id.5fb22c2710)
[0m14:33:17.793201 [debug] [Thread-3 (]: Began compiling node test.project_dbt.not_null_my_first_dbt_model_id.5fb22c2710
[0m14:33:17.794097 [debug] [Thread-1 (]: Began executing node test.project_dbt.unique_employee_view_employee_id.83206369be
[0m14:33:17.803094 [debug] [Thread-1 (]: Finished running node test.project_dbt.unique_employee_view_employee_id.83206369be
[0m14:33:17.803696 [debug] [Thread-1 (]: Began running node test.project_dbt.unique_my_first_dbt_model_id.16e066b321
[0m14:33:17.804150 [debug] [Thread-1 (]: Re-using an available connection from the pool (formerly test.project_dbt.unique_employee_view_employee_id.83206369be, now test.project_dbt.unique_my_first_dbt_model_id.16e066b321)
[0m14:33:17.804584 [debug] [Thread-1 (]: Began compiling node test.project_dbt.unique_my_first_dbt_model_id.16e066b321
[0m14:33:17.810790 [debug] [Thread-1 (]: Writing injected SQL for node "test.project_dbt.unique_my_first_dbt_model_id.16e066b321"
[0m14:33:17.801976 [debug] [Thread-3 (]: Writing injected SQL for node "test.project_dbt.not_null_my_first_dbt_model_id.5fb22c2710"
[0m14:33:17.812773 [debug] [Thread-2 (]: Began executing node model.project_dbt.my_second_dbt_model
[0m14:33:17.814304 [debug] [Thread-2 (]: Finished running node model.project_dbt.my_second_dbt_model
[0m14:33:17.815889 [debug] [Thread-2 (]: Began running node test.project_dbt.not_null_my_second_dbt_model_id.151b76d778
[0m14:33:17.816458 [debug] [Thread-2 (]: Re-using an available connection from the pool (formerly model.project_dbt.my_second_dbt_model, now test.project_dbt.not_null_my_second_dbt_model_id.151b76d778)
[0m14:33:17.816906 [debug] [Thread-2 (]: Began compiling node test.project_dbt.not_null_my_second_dbt_model_id.151b76d778
[0m14:33:17.823705 [debug] [Thread-2 (]: Writing injected SQL for node "test.project_dbt.not_null_my_second_dbt_model_id.151b76d778"
[0m14:33:17.824705 [debug] [Thread-1 (]: Began executing node test.project_dbt.unique_my_first_dbt_model_id.16e066b321
[0m14:33:17.826054 [debug] [Thread-1 (]: Finished running node test.project_dbt.unique_my_first_dbt_model_id.16e066b321
[0m14:33:17.826661 [debug] [Thread-1 (]: Began running node test.project_dbt.unique_my_second_dbt_model_id.57a0f8c493
[0m14:33:17.827294 [debug] [Thread-1 (]: Re-using an available connection from the pool (formerly test.project_dbt.unique_my_first_dbt_model_id.16e066b321, now test.project_dbt.unique_my_second_dbt_model_id.57a0f8c493)
[0m14:33:17.827815 [debug] [Thread-1 (]: Began compiling node test.project_dbt.unique_my_second_dbt_model_id.57a0f8c493
[0m14:33:17.833855 [debug] [Thread-1 (]: Writing injected SQL for node "test.project_dbt.unique_my_second_dbt_model_id.57a0f8c493"
[0m14:33:17.834628 [debug] [Thread-3 (]: Began executing node test.project_dbt.not_null_my_first_dbt_model_id.5fb22c2710
[0m14:33:17.836564 [debug] [Thread-3 (]: Finished running node test.project_dbt.not_null_my_first_dbt_model_id.5fb22c2710
[0m14:33:17.837686 [debug] [Thread-2 (]: Began executing node test.project_dbt.not_null_my_second_dbt_model_id.151b76d778
[0m14:33:17.839712 [debug] [Thread-2 (]: Finished running node test.project_dbt.not_null_my_second_dbt_model_id.151b76d778
[0m14:33:17.840913 [debug] [Thread-1 (]: Began executing node test.project_dbt.unique_my_second_dbt_model_id.57a0f8c493
[0m14:33:17.841950 [debug] [Thread-1 (]: Finished running node test.project_dbt.unique_my_second_dbt_model_id.57a0f8c493
[0m14:33:17.844972 [debug] [MainThread]: Connection 'master' was properly closed.
[0m14:33:17.845281 [debug] [MainThread]: Connection 'list_sql_local_dbo' was properly closed.
[0m14:33:17.845520 [debug] [MainThread]: Connection 'test.project_dbt.not_null_my_second_dbt_model_id.151b76d778' was properly closed.
[0m14:33:17.845749 [debug] [MainThread]: Connection 'test.project_dbt.unique_my_second_dbt_model_id.57a0f8c493' was properly closed.
[0m14:33:17.845968 [debug] [MainThread]: Connection 'test.project_dbt.not_null_my_first_dbt_model_id.5fb22c2710' was properly closed.
[0m14:33:17.847642 [debug] [MainThread]: Command end result
[0m14:33:17.977427 [debug] [MainThread]: Wrote artifact WritableManifest to D:\Local Projects\DBT\target\manifest.json
[0m14:33:17.982758 [debug] [MainThread]: Wrote artifact SemanticManifest to D:\Local Projects\DBT\target\semantic_manifest.json
[0m14:33:18.048409 [debug] [MainThread]: Wrote artifact OsiDocument to D:\Local Projects\DBT\target\osi_document.json
[0m14:33:18.057977 [debug] [MainThread]: Wrote artifact RunExecutionResult to D:\Local Projects\DBT\target\run_results.json
[0m14:33:18.061939 [debug] [MainThread]: Acquiring new sqlserver connection 'generate_catalog'
[0m14:33:18.062546 [info ] [MainThread]: Building catalog
[0m14:33:18.079516 [debug] [ThreadPool]: Acquiring new sqlserver connection 'sql_local.information_schema'
[0m14:33:18.093411 [debug] [ThreadPool]: dbt-sqlserver
[0m14:33:18.096320 [debug] [ThreadPool]: Using sqlserver connection "sql_local.information_schema"
[0m14:33:18.097278 [debug] [ThreadPool]: On sql_local.information_schema: /* {"app": "dbt", "dbt_version": "1.12.3", "profile_name": "project_dbt", "target_name": "dev", "connection_name": "sql_local.information_schema"} */
USE [sql_local];
            with
            principals as (
                select
                    name as principal_name,
                    principal_id as principal_id
                from
                    sys.database_principals with (nolock)
            ),

            schemas as (
                select
                    name as schema_name,
                    schema_id as schema_id,
                    principal_id as principal_id
                from
                    sys.schemas with (nolock)
            ),

            tables as (
                select
                    t.object_id,
                    t.name as table_name,
                    t.schema_id as schema_id,
                    t.principal_id as principal_id,
                    'BASE TABLE' as table_type,
                    cast(ep.value as nvarchar(max)) as table_comment
                from
                    sys.tables as t with (nolock)
                left join sys.extended_properties as ep with (nolock)
                    on ep.class = 1
                   and ep.major_id = t.object_id
                   and ep.minor_id = 0
                   and ep.name = N'MS_Description'
            ),

            tables_with_metadata as (
                select
                    object_id,
                    table_name,
                    schema_name,
                    coalesce(tables.principal_id, schemas.principal_id) as owner_principal_id,
                    table_type,
                    table_comment
                from
                    tables
                join schemas on tables.schema_id = schemas.schema_id
            ),

            views as (
                select
                    v.object_id,
                    v.name as table_name,
                    v.schema_id as schema_id,
                    v.principal_id as principal_id,
                    'VIEW' as table_type,
                    cast(ep.value as nvarchar(max)) as table_comment
                from
                    sys.views as v with (nolock)
                left join sys.extended_properties as ep with (nolock)
                    on ep.class = 1
                   and ep.major_id = v.object_id
                   and ep.minor_id = 0
                   and ep.name = N'MS_Description'
            ),

            views_with_metadata as (
                select
                    object_id,
                    table_name,
                    schema_name,
                    coalesce(views.principal_id, schemas.principal_id) as owner_principal_id,
                    table_type,
                    table_comment
                from
                    views
                join schemas on views.schema_id = schemas.schema_id
            ),

            tables_and_views as (
                select
                    object_id,
                    table_name,
                    schema_name,
                    principal_name,
                    table_type,
                    table_comment
                from
                    tables_with_metadata
                join principals on tables_with_metadata.owner_principal_id = principals.principal_id
                union all
                select
                    object_id,
                    table_name,
                    schema_name,
                    principal_name,
                    table_type,
                    table_comment
                from
                    views_with_metadata
                join principals on views_with_metadata.owner_principal_id = principals.principal_id
            ),

            cols as (
                select
                    c.object_id,
                    c.name as column_name,
                    c.column_id as column_index,
                    t.name as column_type,
                    cast(ep.value as nvarchar(max)) as column_comment
                from sys.columns as c with (nolock)
                left join sys.types as t with (nolock)
                    on c.user_type_id = t.user_type_id
                left join sys.extended_properties as ep with (nolock)
                    on ep.class = 1
                and ep.major_id = c.object_id
                and ep.minor_id = c.column_id
                and ep.name = N'MS_Description'
            )

            select
                DB_NAME() as table_database,
                tv.schema_name as table_schema,
                tv.table_name,
                tv.table_type,
                tv.table_comment,
                tv.principal_name as table_owner,
                cols.column_name,
                cols.column_index,
                cols.column_type,
                cols.column_comment
            from tables_and_views tv
            join cols on tv.object_id = cols.object_id
            where (
                        (
                            upper(tv.schema_name) = upper('dbo')
                            and upper(tv.table_name) = upper('my_first_dbt_model')
                        )
                     or 
                        (
                            upper(tv.schema_name) = upper('dbo')
                            and upper(tv.table_name) = upper('employees')
                        )
                     or 
                        (
                            upper(tv.schema_name) = upper('dbo')
                            and upper(tv.table_name) = upper('my_second_dbt_model')
                        )
                     or 
                        (
                            upper(tv.schema_name) = upper('dbo')
                            and upper(tv.table_name) = upper('employee_view')
                        )
                    )

            order by column_index
            
    OPTION (LABEL = 'dbt-sqlserver');

[0m14:33:18.098000 [debug] [ThreadPool]: Opening a new connection, currently in state init
[0m14:33:18.098638 [debug] [ThreadPool]: sqlserver adapter: Using connection string: DRIVER={ODBC Driver 18 for SQL Server};SERVER=HONEY\SQLEXPRESS;Database=sql_local;UID=***;PWD=***;encrypt=Yes;TrustServerCertificate=Yes;APP=dbt-sqlserver/1.11.1;Pooling=true;SQL_ATTR_TRACE=SQL_OPT_TRACE_OFF;ConnectRetryCount=3;ConnectRetryInterval=10
[0m14:33:18.100294 [debug] [ThreadPool]: sqlserver adapter: Connected to db: sql_local
[0m14:33:18.493609 [debug] [ThreadPool]: SQL status: OK in 0.000 seconds
[0m14:33:18.498185 [debug] [ThreadPool]: On sql_local.information_schema: ROLLBACK
[0m14:33:18.498656 [debug] [ThreadPool]: On sql_local.information_schema: Close
[0m14:33:18.510283 [debug] [MainThread]: Wrote artifact CatalogArtifact to D:\Local Projects\DBT\target\catalog.json
[0m14:33:18.546479 [debug] [MainThread]: Wrote artifact WritableManifest to D:\Local Projects\DBT\target\manifest.json
[0m14:33:18.550657 [debug] [MainThread]: Wrote artifact SemanticManifest to D:\Local Projects\DBT\target\semantic_manifest.json
[0m14:33:18.554584 [debug] [MainThread]: Wrote artifact OsiDocument to D:\Local Projects\DBT\target\osi_document.json
[0m14:33:18.555195 [info ] [MainThread]: Catalog written to D:\Local Projects\DBT\target\catalog.json
[0m14:33:18.557193 [debug] [MainThread]: Command `dbt docs generate` succeeded at 14:33:18.556915 after 3.21 seconds
[0m14:33:18.557722 [debug] [MainThread]: Connection 'generate_catalog' was properly closed.
[0m14:33:18.558216 [debug] [MainThread]: Connection 'sql_local.information_schema' was properly closed.
[0m14:33:18.559122 [debug] [MainThread]: Sending event: {'category': 'dbt', 'action': 'invocation', 'label': 'end', 'context': [<snowplow_tracker.self_describing_json.SelfDescribingJson object at 0x0000028B0EF3DAD0>, <snowplow_tracker.self_describing_json.SelfDescribingJson object at 0x0000028B10683DD0>, <snowplow_tracker.self_describing_json.SelfDescribingJson object at 0x0000028B0DE87310>]}
[0m14:33:18.559794 [debug] [MainThread]: Flushing usage events
[0m14:33:20.529114 [debug] [MainThread]: An error was encountered while trying to flush usage events
[0m14:33:30.464675 [debug] [MainThread]: Sending event: {'category': 'dbt', 'action': 'invocation', 'label': 'start', 'context': [<snowplow_tracker.self_describing_json.SelfDescribingJson object at 0x000001DDF5F4E3C0>, <snowplow_tracker.self_describing_json.SelfDescribingJson object at 0x000001DDF38A9090>, <snowplow_tracker.self_describing_json.SelfDescribingJson object at 0x000001DDF8843890>]}


============================== 14:33:30.470427 | 28784bd4-8723-4b07-8385-29ae4080f0ab ==============================
[0m14:33:30.470427 [info ] [MainThread]: Running with dbt=1.12.3
[0m14:33:30.471625 [debug] [MainThread]: running dbt with arguments {'version_check': 'True', 'no_print': 'None', 'maximum_seed_size_mib': '1', 'warn_error_options': 'WarnErrorOptionsV2(error=[], warn=[], silence=[])', 'target_path': 'None', 'static_parser': 'True', 'printer_width': '80', 'write_json': 'True', 'empty': 'None', 'log_cache_events': 'False', 'introspect': 'True', 'cache_selected_only': 'False', 'fail_fast': 'False', 'debug': 'False', 'log_format': 'default', 'partial_parse': 'True', 'send_anonymous_usage_stats': 'True', 'quiet': 'False', 'warn_error': 'None', 'profiles_dir': 'C:\\Users\\Dell\\.dbt', 'invocation_command': 'dbt docs serve --port 8081', 'hints_enabled': 'True', 'use_colors': 'True', 'use_experimental_parser': 'False', 'indirect_selection': 'eager', 'log_path': 'D:\\Local Projects\\DBT\\logs'}
[0m14:33:30.803797 [debug] [MainThread]: Sending event: {'category': 'dbt', 'action': 'project_id', 'label': '28784bd4-8723-4b07-8385-29ae4080f0ab', 'context': [<snowplow_tracker.self_describing_json.SelfDescribingJson object at 0x000001DDF88C0C30>]}
[0m14:33:30.880454 [debug] [MainThread]: Sending event: {'category': 'dbt', 'action': 'adapter_info', 'label': '28784bd4-8723-4b07-8385-29ae4080f0ab', 'context': [<snowplow_tracker.self_describing_json.SelfDescribingJson object at 0x000001DDF8C678A0>]}
[0m14:33:31.201252 [error] [MainThread]: [[31mERROR[0m]: Encountered an error:
[WinError 10048] Only one usage of each socket address (protocol/network address/port) is normally permitted
[0m14:33:31.251605 [error] [MainThread]: Traceback (most recent call last):
  File "D:\Local Projects\DBT\.dbt_venv\Lib\site-packages\dbt\cli\requires.py", line 198, in wrapper
    result, success = func(*args, **kwargs)
                      ~~~~^^^^^^^^^^^^^^^^^
  File "D:\Local Projects\DBT\.dbt_venv\Lib\site-packages\dbt\cli\requires.py", line 144, in wrapper
    return func(*args, **kwargs)
  File "D:\Local Projects\DBT\.dbt_venv\Lib\site-packages\dbt\cli\requires.py", line 295, in wrapper
    return func(*args, **kwargs)
  File "D:\Local Projects\DBT\.dbt_venv\Lib\site-packages\dbt\cli\requires.py", line 340, in wrapper
    return func(*args, **kwargs)
  File "D:\Local Projects\DBT\.dbt_venv\Lib\site-packages\dbt\cli\requires.py", line 387, in wrapper
    return func(*args, **kwargs)
  File "D:\Local Projects\DBT\.dbt_venv\Lib\site-packages\dbt\cli\main.py", line 323, in docs_serve
    results = task.run()
  File "D:\Local Projects\DBT\.dbt_venv\Lib\site-packages\dbt\task\docs\serve.py", line 24, in run
    with socketserver.TCPServer((host, port), SimpleHTTPRequestHandler) as httpd:
         ~~~~~~~~~~~~~~~~~~~~~~^^^^^^^^^^^^^^^^^^^^^^^^^^^^^^^^^^^^^^^^
  File "D:\programs\Python\Lib\socketserver.py", line 457, in __init__
    self.server_bind()
    ~~~~~~~~~~~~~~~~^^
  File "D:\programs\Python\Lib\socketserver.py", line 478, in server_bind
    self.socket.bind(self.server_address)
    ~~~~~~~~~~~~~~~~^^^^^^^^^^^^^^^^^^^^^
OSError: [WinError 10048] Only one usage of each socket address (protocol/network address/port) is normally permitted

[0m14:33:31.256180 [debug] [MainThread]: Command `dbt docs serve` failed at 14:33:31.255111 after 0.98 seconds
[0m14:33:31.257106 [debug] [MainThread]: Sending event: {'category': 'dbt', 'action': 'invocation', 'label': 'end', 'context': [<snowplow_tracker.self_describing_json.SelfDescribingJson object at 0x000001DDF9044E50>, <snowplow_tracker.self_describing_json.SelfDescribingJson object at 0x000001DDF9044F50>, <snowplow_tracker.self_describing_json.SelfDescribingJson object at 0x000001DDF8FE2F30>]}
[0m14:33:31.257678 [debug] [MainThread]: Flushing usage events
[0m14:33:32.832417 [debug] [MainThread]: An error was encountered while trying to flush usage events
[0m14:38:48.759023 [debug] [MainThread]: Sending event: {'category': 'dbt', 'action': 'invocation', 'label': 'start', 'context': [<snowplow_tracker.self_describing_json.SelfDescribingJson object at 0x000001CE956AE3C0>, <snowplow_tracker.self_describing_json.SelfDescribingJson object at 0x000001CE92FF9090>, <snowplow_tracker.self_describing_json.SelfDescribingJson object at 0x000001CE97FA3890>]}


============================== 14:38:48.765755 | befdd010-c432-4e8e-b2fe-30e99225c110 ==============================
[0m14:38:48.765755 [info ] [MainThread]: Running with dbt=1.12.3
[0m14:38:48.766705 [debug] [MainThread]: running dbt with arguments {'version_check': 'True', 'no_print': 'None', 'maximum_seed_size_mib': '1', 'target_path': 'None', 'warn_error_options': 'WarnErrorOptionsV2(error=[], warn=[], silence=[])', 'static_parser': 'True', 'printer_width': '80', 'write_json': 'True', 'empty': 'None', 'log_cache_events': 'False', 'introspect': 'True', 'cache_selected_only': 'False', 'fail_fast': 'False', 'debug': 'False', 'log_format': 'default', 'partial_parse': 'True', 'send_anonymous_usage_stats': 'True', 'quiet': 'False', 'warn_error': 'None', 'profiles_dir': 'C:\\Users\\Dell\\.dbt', 'indirect_selection': 'eager', 'hints_enabled': 'True', 'use_colors': 'True', 'use_experimental_parser': 'False', 'invocation_command': 'dbt docs serve --port 8081', 'log_path': 'D:\\Local Projects\\DBT\\logs'}
[0m14:38:49.106174 [debug] [MainThread]: Sending event: {'category': 'dbt', 'action': 'project_id', 'label': 'befdd010-c432-4e8e-b2fe-30e99225c110', 'context': [<snowplow_tracker.self_describing_json.SelfDescribingJson object at 0x000001CE98020C30>]}
[0m14:38:49.192637 [debug] [MainThread]: Sending event: {'category': 'dbt', 'action': 'adapter_info', 'label': 'befdd010-c432-4e8e-b2fe-30e99225c110', 'context': [<snowplow_tracker.self_describing_json.SelfDescribingJson object at 0x000001CE984078A0>]}
[0m14:38:49.468751 [error] [MainThread]: [[31mERROR[0m]: Encountered an error:
[WinError 10048] Only one usage of each socket address (protocol/network address/port) is normally permitted
[0m14:38:49.473939 [error] [MainThread]: Traceback (most recent call last):
  File "D:\Local Projects\DBT\.dbt_venv\Lib\site-packages\dbt\cli\requires.py", line 198, in wrapper
    result, success = func(*args, **kwargs)
                      ~~~~^^^^^^^^^^^^^^^^^
  File "D:\Local Projects\DBT\.dbt_venv\Lib\site-packages\dbt\cli\requires.py", line 144, in wrapper
    return func(*args, **kwargs)
  File "D:\Local Projects\DBT\.dbt_venv\Lib\site-packages\dbt\cli\requires.py", line 295, in wrapper
    return func(*args, **kwargs)
  File "D:\Local Projects\DBT\.dbt_venv\Lib\site-packages\dbt\cli\requires.py", line 340, in wrapper
    return func(*args, **kwargs)
  File "D:\Local Projects\DBT\.dbt_venv\Lib\site-packages\dbt\cli\requires.py", line 387, in wrapper
    return func(*args, **kwargs)
  File "D:\Local Projects\DBT\.dbt_venv\Lib\site-packages\dbt\cli\main.py", line 323, in docs_serve
    results = task.run()
  File "D:\Local Projects\DBT\.dbt_venv\Lib\site-packages\dbt\task\docs\serve.py", line 24, in run
    with socketserver.TCPServer((host, port), SimpleHTTPRequestHandler) as httpd:
         ~~~~~~~~~~~~~~~~~~~~~~^^^^^^^^^^^^^^^^^^^^^^^^^^^^^^^^^^^^^^^^
  File "D:\programs\Python\Lib\socketserver.py", line 457, in __init__
    self.server_bind()
    ~~~~~~~~~~~~~~~~^^
  File "D:\programs\Python\Lib\socketserver.py", line 478, in server_bind
    self.socket.bind(self.server_address)
    ~~~~~~~~~~~~~~~~^^^^^^^^^^^^^^^^^^^^^
OSError: [WinError 10048] Only one usage of each socket address (protocol/network address/port) is normally permitted

[0m14:38:49.476008 [debug] [MainThread]: Command `dbt docs serve` failed at 14:38:49.475611 after 0.91 seconds
[0m14:38:49.476974 [debug] [MainThread]: Sending event: {'category': 'dbt', 'action': 'invocation', 'label': 'end', 'context': [<snowplow_tracker.self_describing_json.SelfDescribingJson object at 0x000001CE987E4E50>, <snowplow_tracker.self_describing_json.SelfDescribingJson object at 0x000001CE987E4F50>, <snowplow_tracker.self_describing_json.SelfDescribingJson object at 0x000001CE98782F30>]}
[0m14:38:49.477644 [debug] [MainThread]: Flushing usage events
[0m14:38:50.934534 [debug] [MainThread]: An error was encountered while trying to flush usage events
[0m18:19:00.617797 [debug] [MainThread]: Sending event: {'category': 'dbt', 'action': 'invocation', 'label': 'start', 'context': [<snowplow_tracker.self_describing_json.SelfDescribingJson object at 0x0000015D79AAE3C0>, <snowplow_tracker.self_describing_json.SelfDescribingJson object at 0x0000015D77409090>, <snowplow_tracker.self_describing_json.SelfDescribingJson object at 0x0000015D7C3A79D0>]}


============================== 18:19:00.624200 | 10fa5c56-d584-426f-9557-bc25078f01aa ==============================
[0m18:19:00.624200 [info ] [MainThread]: Running with dbt=1.12.3
[0m18:19:00.625133 [debug] [MainThread]: running dbt with arguments {'static_parser': 'True', 'no_print': 'None', 'maximum_seed_size_mib': '1', 'warn_error_options': 'WarnErrorOptionsV2(error=[], warn=[], silence=[])', 'version_check': 'True', 'target_path': 'None', 'printer_width': '80', 'write_json': 'True', 'empty': 'None', 'log_cache_events': 'False', 'introspect': 'True', 'cache_selected_only': 'False', 'log_format': 'default', 'debug': 'False', 'fail_fast': 'False', 'partial_parse': 'True', 'send_anonymous_usage_stats': 'True', 'quiet': 'False', 'warn_error': 'None', 'profiles_dir': 'C:\\Users\\Dell\\.dbt', 'use_colors': 'True', 'hints_enabled': 'True', 'indirect_selection': 'eager', 'use_experimental_parser': 'False', 'invocation_command': 'dbt debug', 'log_path': 'D:\\Local Projects\\DBT\\logs'}
[0m18:19:00.677634 [info ] [MainThread]: dbt version: 1.12.3
[0m18:19:00.678446 [info ] [MainThread]: python version: 3.14.4
[0m18:19:00.679418 [info ] [MainThread]: python path: D:\Local Projects\DBT\.dbt_venv\Scripts\python.exe
[0m18:19:00.680422 [info ] [MainThread]: os info: Windows-10-10.0.19045-SP0
[0m18:19:00.884979 [info ] [MainThread]: Using profiles dir at C:\Users\Dell\.dbt
[0m18:19:00.885852 [info ] [MainThread]: Using profiles.yml file at C:\Users\Dell\.dbt\profiles.yml
[0m18:19:00.886708 [info ] [MainThread]: Using dbt_project.yml file at D:\Local Projects\DBT\dbt_project.yml
[0m18:19:00.887689 [info ] [MainThread]: adapter type: sqlserver
[0m18:19:00.888672 [info ] [MainThread]: adapter version: 1.11.1
[0m18:19:01.031499 [info ] [MainThread]: Configuration:
[0m18:19:01.032297 [info ] [MainThread]:   profiles.yml file [[32mOK found and valid[0m]
[0m18:19:01.033058 [info ] [MainThread]:   dbt_project.yml file [[32mOK found and valid[0m]
[0m18:19:01.033780 [info ] [MainThread]: Required dependencies:
[0m18:19:01.034479 [debug] [MainThread]: Executing "git --help"
[0m18:19:01.100351 [debug] [MainThread]: STDOUT: "b"usage: git [-v | --version] [-h | --help] [-C <path>] [-c <name>=<value>]\n           [--exec-path[=<path>]] [--html-path] [--man-path] [--info-path]\n           [-p | --paginate | -P | --no-pager] [--no-replace-objects] [--no-lazy-fetch]\n           [--no-optional-locks] [--no-advice] [--bare] [--git-dir=<path>]\n           [--work-tree=<path>] [--namespace=<name>] [--config-env=<name>=<envvar>]\n           <command> [<args>]\n\nThese are common Git commands used in various situations:\n\nstart a working area (see also: git help tutorial)\n   clone      Clone a repository into a new directory\n   init       Create an empty Git repository or reinitialize an existing one\n\nwork on the current change (see also: git help everyday)\n   add        Add file contents to the index\n   mv         Move or rename a file, a directory, or a symlink\n   restore    Restore working tree files\n   rm         Remove files from the working tree and from the index\n\nexamine the history and state (see also: git help revisions)\n   bisect     Use binary search to find the commit that introduced a bug\n   diff       Show changes between commits, commit and working tree, etc\n   grep       Print lines matching a pattern\n   log        Show commit logs\n   show       Show various types of objects\n   status     Show the working tree status\n\ngrow, mark and tweak your common history\n   backfill   Download missing objects in a partial clone\n   branch     List, create, or delete branches\n   commit     Record changes to the repository\n   history    EXPERIMENTAL: Rewrite history\n   merge      Join two or more development histories together\n   rebase     Reapply commits on top of another base tip\n   reset      Set `HEAD` or the index to a known state\n   switch     Switch branches\n   tag        Create, list, delete or verify tags\n\ncollaborate (see also: git help workflows)\n   fetch      Download objects and refs from another repository\n   pull       Fetch from and integrate with another repository or a local branch\n   push       Update remote refs along with associated objects\n\n'git help -a' and 'git help -g' list available subcommands and some\nconcept guides. See 'git help <command>' or 'git help <concept>'\nto read about a specific subcommand or concept.\nSee 'git help git' for an overview of the system.\n""
[0m18:19:01.101011 [debug] [MainThread]: STDERR: "b''"
[0m18:19:01.101803 [info ] [MainThread]:  - git [[32mOK found[0m]

[0m18:19:01.103041 [info ] [MainThread]: Connection:
[0m18:19:01.104908 [info ] [MainThread]:   driver: ODBC Driver 18 for SQL Server
[0m18:19:01.105997 [info ] [MainThread]:   server: HONEY\SQLEXPRESS
[0m18:19:01.106977 [info ] [MainThread]:   port: 1433
[0m18:19:01.107874 [info ] [MainThread]:   database: sql_local
[0m18:19:01.108684 [info ] [MainThread]:   schema: dbo
[0m18:19:01.109833 [info ] [MainThread]:   UID: dbt_harsh
[0m18:19:01.111136 [info ] [MainThread]:   authentication: sql
[0m18:19:01.112057 [info ] [MainThread]:   windows_login: False
[0m18:19:01.112995 [info ] [MainThread]:   retries: 3
[0m18:19:01.113960 [info ] [MainThread]:   login_timeout: 0
[0m18:19:01.114741 [info ] [MainThread]:   query_timeout: 0
[0m18:19:01.115647 [info ] [MainThread]:   trace_flag: False
[0m18:19:01.116468 [info ] [MainThread]:   encrypt: True
[0m18:19:01.117512 [info ] [MainThread]:   trust_cert: True
[0m18:19:01.118484 [info ] [MainThread]:   backend: pyodbc
[0m18:19:01.119317 [info ] [MainThread]:   xact_abort: True
[0m18:19:01.120664 [info ] [MainThread]: Registered adapter: sqlserver=1.11.1
[0m18:19:01.417241 [warn ] [MainThread]: [[33mWARNING[0m]: When True, uses SQL Server-native string type mappings: STRING -> VARCHAR(MAX), NCHAR -> NCHAR(1), NVARCHAR -> NVARCHAR(4000). When False (default), preserves legacy mappings: STRING and NVARCHAR -> VARCHAR(8000), NCHAR -> CHAR(1). The new behaviour is intended to become the default in a future release.
You may opt into the new behavior sooner by setting `flags.dbt_sqlserver_use_native_string_types` to `True` in `dbt_project.yml`.
Visit https://docs.getdbt.com/reference/global-configs/behavior-changes for more information.
[0m18:19:01.419102 [debug] [MainThread]: Sending event: {'category': 'dbt', 'action': 'BehaviorChangeEvent', 'label': '10fa5c56-d584-426f-9557-bc25078f01aa', 'context': [<snowplow_tracker.self_describing_json.SelfDescribingJson object at 0x0000015D7C4CEB10>]}
[0m18:19:01.419777 [warn ] [MainThread]: [[33mWARNING[0m]: When True, dbt transaction hooks (begin/commit) emit real T-SQL BEGIN TRANSACTION / COMMIT TRANSACTION statements. When False (default and legacy), begin/commit are no-ops and each statement is auto-committed by the driver. This means earlier successful statements are not rolled back if a later statement fails. This behavior is intended to become the default in a future release.
You may opt into the new behavior sooner by setting `flags.dbt_sqlserver_use_dbt_transactions` to `True` in `dbt_project.yml`.
Visit https://docs.getdbt.com/reference/global-configs/behavior-changes for more information.
[0m18:19:01.420922 [debug] [MainThread]: Sending event: {'category': 'dbt', 'action': 'BehaviorChangeEvent', 'label': '10fa5c56-d584-426f-9557-bc25078f01aa', 'context': [<snowplow_tracker.self_describing_json.SelfDescribingJson object at 0x0000015D7C9A39B0>]}
[0m18:19:01.421711 [debug] [MainThread]: Acquiring new sqlserver connection 'debug'
[0m18:19:01.422189 [debug] [MainThread]: Using sqlserver connection "debug"
[0m18:19:01.422664 [debug] [MainThread]: On debug: select 1 as id
[0m18:19:01.423061 [debug] [MainThread]: Opening a new connection, currently in state init
[0m18:19:01.429589 [debug] [MainThread]: sqlserver adapter: Using connection string: DRIVER={ODBC Driver 18 for SQL Server};SERVER=HONEY\SQLEXPRESS;Database=sql_local;UID=***;PWD=***;encrypt=Yes;TrustServerCertificate=Yes;APP=dbt-sqlserver/1.11.1;Pooling=true;SQL_ATTR_TRACE=SQL_OPT_TRACE_OFF;ConnectRetryCount=3;ConnectRetryInterval=10
[0m18:19:01.794113 [debug] [MainThread]: sqlserver adapter: Connected to db: sql_local
[0m18:19:01.797367 [debug] [MainThread]: SQL status: OK in 0.000 seconds
[0m18:19:01.798618 [debug] [MainThread]: On debug: Close
[0m18:19:01.799101 [info ] [MainThread]:   Connection test: [[32mOK connection ok[0m]

[0m18:19:01.799967 [info ] [MainThread]: [32mAll checks passed![0m
[0m18:19:01.801833 [debug] [MainThread]: Command `dbt debug` succeeded at 18:19:01.801687 after 1.37 seconds
[0m18:19:01.802180 [debug] [MainThread]: Connection 'debug' was properly closed.
[0m18:19:01.802671 [debug] [MainThread]: Sending event: {'category': 'dbt', 'action': 'invocation', 'label': 'end', 'context': [<snowplow_tracker.self_describing_json.SelfDescribingJson object at 0x0000015D7CAE8350>, <snowplow_tracker.self_describing_json.SelfDescribingJson object at 0x0000015D7CAE8250>, <snowplow_tracker.self_describing_json.SelfDescribingJson object at 0x0000015D7CA02120>]}
[0m18:19:01.803173 [debug] [MainThread]: Flushing usage events
[0m18:19:03.556618 [debug] [MainThread]: An error was encountered while trying to flush usage events
[0m18:21:05.611290 [debug] [MainThread]: Sending event: {'category': 'dbt', 'action': 'invocation', 'label': 'start', 'context': [<snowplow_tracker.self_describing_json.SelfDescribingJson object at 0x000002703BC8E3C0>, <snowplow_tracker.self_describing_json.SelfDescribingJson object at 0x00000270395E0F50>, <snowplow_tracker.self_describing_json.SelfDescribingJson object at 0x000002703E5E39D0>]}


============================== 18:21:05.617736 | 90ecd44b-bfbb-4b10-af70-29dee5a1ad6d ==============================
[0m18:21:05.617736 [info ] [MainThread]: Running with dbt=1.12.3
[0m18:21:05.618990 [debug] [MainThread]: running dbt with arguments {'maximum_seed_size_mib': '1', 'no_print': 'None', 'static_parser': 'True', 'target_path': 'None', 'warn_error_options': 'WarnErrorOptionsV2(error=[], warn=[], silence=[])', 'version_check': 'True', 'printer_width': '80', 'write_json': 'True', 'empty': 'False', 'log_cache_events': 'False', 'introspect': 'True', 'cache_selected_only': 'False', 'fail_fast': 'False', 'debug': 'False', 'log_format': 'default', 'partial_parse': 'True', 'send_anonymous_usage_stats': 'True', 'quiet': 'False', 'warn_error': 'None', 'profiles_dir': 'C:\\Users\\Dell\\.dbt', 'indirect_selection': 'eager', 'hints_enabled': 'True', 'invocation_command': 'dbt run --select silver+', 'use_experimental_parser': 'False', 'use_colors': 'True', 'log_path': 'D:\\Local Projects\\DBT\\logs'}
[0m18:21:05.953488 [debug] [MainThread]: Sending event: {'category': 'dbt', 'action': 'project_id', 'label': '90ecd44b-bfbb-4b10-af70-29dee5a1ad6d', 'context': [<snowplow_tracker.self_describing_json.SelfDescribingJson object at 0x000002703E6616E0>]}
[0m18:21:06.033139 [debug] [MainThread]: Sending event: {'category': 'dbt', 'action': 'adapter_info', 'label': '90ecd44b-bfbb-4b10-af70-29dee5a1ad6d', 'context': [<snowplow_tracker.self_describing_json.SelfDescribingJson object at 0x0000027039E5DF20>]}
[0m18:21:06.034025 [info ] [MainThread]: Registered adapter: sqlserver=1.11.1
[0m18:21:06.346854 [warn ] [MainThread]: [[33mWARNING[0m]: When True, uses SQL Server-native string type mappings: STRING -> VARCHAR(MAX), NCHAR -> NCHAR(1), NVARCHAR -> NVARCHAR(4000). When False (default), preserves legacy mappings: STRING and NVARCHAR -> VARCHAR(8000), NCHAR -> CHAR(1). The new behaviour is intended to become the default in a future release.
You may opt into the new behavior sooner by setting `flags.dbt_sqlserver_use_native_string_types` to `True` in `dbt_project.yml`.
Visit https://docs.getdbt.com/reference/global-configs/behavior-changes for more information.
[0m18:21:06.348275 [debug] [MainThread]: Sending event: {'category': 'dbt', 'action': 'BehaviorChangeEvent', 'label': '90ecd44b-bfbb-4b10-af70-29dee5a1ad6d', 'context': [<snowplow_tracker.self_describing_json.SelfDescribingJson object at 0x000002703E986050>]}
[0m18:21:06.348894 [warn ] [MainThread]: [[33mWARNING[0m]: When True, dbt transaction hooks (begin/commit) emit real T-SQL BEGIN TRANSACTION / COMMIT TRANSACTION statements. When False (default and legacy), begin/commit are no-ops and each statement is auto-committed by the driver. This means earlier successful statements are not rolled back if a later statement fails. This behavior is intended to become the default in a future release.
You may opt into the new behavior sooner by setting `flags.dbt_sqlserver_use_dbt_transactions` to `True` in `dbt_project.yml`.
Visit https://docs.getdbt.com/reference/global-configs/behavior-changes for more information.
[0m18:21:06.349879 [debug] [MainThread]: Sending event: {'category': 'dbt', 'action': 'BehaviorChangeEvent', 'label': '90ecd44b-bfbb-4b10-af70-29dee5a1ad6d', 'context': [<snowplow_tracker.self_describing_json.SelfDescribingJson object at 0x000002703ECE97C0>]}
[0m18:21:06.362482 [debug] [MainThread]: checksum: 61fa0cb8ebbab08e6306b916b7eee9c1bd2f4ae870aa253f37d5f612939c7047, vars: {}, profile: project_dbt, target: dev, version: 1.12.3
[0m18:21:06.535490 [info ] [MainThread]: Unable to do partial parsing because a project config has changed
[0m18:21:06.536445 [debug] [MainThread]: Sending event: {'category': 'dbt', 'action': 'partial_parser', 'label': '90ecd44b-bfbb-4b10-af70-29dee5a1ad6d', 'context': [<snowplow_tracker.self_describing_json.SelfDescribingJson object at 0x000002703F132DD0>]}
[0m18:21:07.861980 [warn ] [MainThread]: [[33mWARNING[0m]: When True, uses dbt-core's standard schema concatenation (`target.schema` + `_` + `custom_schema_name`). When False (default), uses legacy adapter behaviour: `custom_schema_name` is used directly without prefixing `target.schema`. For a permanent solution, override the `sqlserver__generate_schema_name` macro in your project instead.
You may opt into the new behavior sooner by setting `flags.dbt_sqlserver_use_default_schema_concat` to `True` in `dbt_project.yml`.
Visit https://docs.getdbt.com/reference/global-configs/behavior-changes for more information.
[0m18:21:07.863331 [debug] [MainThread]: Sending event: {'category': 'dbt', 'action': 'BehaviorChangeEvent', 'label': '90ecd44b-bfbb-4b10-af70-29dee5a1ad6d', 'context': [<snowplow_tracker.self_describing_json.SelfDescribingJson object at 0x000002703F760EF0>]}
[0m18:21:08.525604 [warn ] [MainThread]: [[33mWARNING[0m]: Configuration paths exist in your dbt_project.yml file which do not apply to any resources.
There are 2 unused configuration paths:
- models.gold
- models.silver
[0m18:21:08.530378 [debug] [MainThread]: Sending event: {'category': 'dbt', 'action': 'load_project', 'label': '90ecd44b-bfbb-4b10-af70-29dee5a1ad6d', 'context': [<snowplow_tracker.self_describing_json.SelfDescribingJson object at 0x0000027040B656D0>]}
[0m18:21:08.658543 [debug] [MainThread]: Wrote artifact WritableManifest to D:\Local Projects\DBT\target\manifest.json
[0m18:21:08.664605 [debug] [MainThread]: Wrote artifact SemanticManifest to D:\Local Projects\DBT\target\semantic_manifest.json
[0m18:21:08.731666 [debug] [MainThread]: Wrote artifact OsiDocument to D:\Local Projects\DBT\target\osi_document.json
[0m18:21:08.757125 [debug] [MainThread]: Sending event: {'category': 'dbt', 'action': 'resource_counts', 'label': '90ecd44b-bfbb-4b10-af70-29dee5a1ad6d', 'context': [<snowplow_tracker.self_describing_json.SelfDescribingJson object at 0x000002704100B5F0>]}
[0m18:21:08.757939 [info ] [MainThread]: Found 6 models, 7 data tests, 4 sources, 556 macros
[0m18:21:08.758694 [debug] [MainThread]: Sending event: {'category': 'dbt', 'action': 'runnable_timing', 'label': '90ecd44b-bfbb-4b10-af70-29dee5a1ad6d', 'context': [<snowplow_tracker.self_describing_json.SelfDescribingJson object at 0x0000027040FE5A90>]}
[0m18:21:08.761451 [info ] [MainThread]: 
[0m18:21:08.762275 [info ] [MainThread]: Concurrency: 3 threads (target='dev')
[0m18:21:08.763120 [info ] [MainThread]: 
[0m18:21:08.764320 [debug] [MainThread]: Acquiring new sqlserver connection 'master'
[0m18:21:08.772775 [debug] [ThreadPool]: Acquiring new sqlserver connection 'list_sql_local'
[0m18:21:08.796215 [debug] [ThreadPool]: dbt-sqlserver
[0m18:21:08.798877 [debug] [ThreadPool]: Using sqlserver connection "list_sql_local"
[0m18:21:08.799201 [debug] [ThreadPool]: On list_sql_local: /* {"app": "dbt", "dbt_version": "1.12.3", "profile_name": "project_dbt", "target_name": "dev", "connection_name": "list_sql_local"} */
USE [sql_local];
    select  name as [schema]
    from sys.schemas with (nolock) 
    OPTION (LABEL = 'dbt-sqlserver');

  
[0m18:21:08.799462 [debug] [ThreadPool]: Opening a new connection, currently in state init
[0m18:21:08.803190 [debug] [ThreadPool]: sqlserver adapter: Using connection string: DRIVER={ODBC Driver 18 for SQL Server};SERVER=HONEY\SQLEXPRESS;Database=sql_local;UID=***;PWD=***;encrypt=Yes;TrustServerCertificate=Yes;APP=dbt-sqlserver/1.11.1;Pooling=true;SQL_ATTR_TRACE=SQL_OPT_TRACE_OFF;ConnectRetryCount=3;ConnectRetryInterval=10
[0m18:21:09.041606 [debug] [ThreadPool]: sqlserver adapter: Connected to db: sql_local
[0m18:21:09.053736 [debug] [ThreadPool]: SQL status: OK in 0.000 seconds
[0m18:21:09.055372 [debug] [ThreadPool]: On list_sql_local: Close
[0m18:21:09.058321 [debug] [ThreadPool]: Acquiring new sqlserver connection 'list_sql_local_dbo'
[0m18:21:09.063925 [debug] [ThreadPool]: dbt-sqlserver
[0m18:21:09.064573 [debug] [ThreadPool]: Using sqlserver connection "list_sql_local_dbo"
[0m18:21:09.065202 [debug] [ThreadPool]: On list_sql_local_dbo: /* {"app": "dbt", "dbt_version": "1.12.3", "profile_name": "project_dbt", "target_name": "dev", "connection_name": "list_sql_local_dbo"} */
USE [sql_local];
    declare @schema_id int = schema_id('dbo');
    select
      DB_NAME() as [database],
      t.name as [name],
      'dbo' as [schema],
      'table' as table_type
    from sys.tables as t with (nolock)
    where t.schema_id = @schema_id
    union all
    select
      DB_NAME() as [database],
      v.name as [name],
      'dbo' as [schema],
      'view' as table_type
    from sys.views as v with (nolock)
    where v.schema_id = @schema_id
    
    OPTION (LABEL = 'dbt-sqlserver');

  
[0m18:21:09.065807 [debug] [ThreadPool]: Opening a new connection, currently in state init
[0m18:21:09.066403 [debug] [ThreadPool]: sqlserver adapter: Using connection string: DRIVER={ODBC Driver 18 for SQL Server};SERVER=HONEY\SQLEXPRESS;Database=sql_local;UID=***;PWD=***;encrypt=Yes;TrustServerCertificate=Yes;APP=dbt-sqlserver/1.11.1;Pooling=true;SQL_ATTR_TRACE=SQL_OPT_TRACE_OFF;ConnectRetryCount=3;ConnectRetryInterval=10
[0m18:21:09.066909 [debug] [ThreadPool]: sqlserver adapter: Connected to db: sql_local
[0m18:21:09.169839 [debug] [ThreadPool]: SQL status: OK in 0.000 seconds
[0m18:21:09.173146 [debug] [ThreadPool]: On list_sql_local_dbo: ROLLBACK
[0m18:21:09.174986 [debug] [ThreadPool]: On list_sql_local_dbo: Close
[0m18:21:09.177349 [debug] [MainThread]: Sending event: {'category': 'dbt', 'action': 'runnable_timing', 'label': '90ecd44b-bfbb-4b10-af70-29dee5a1ad6d', 'context': [<snowplow_tracker.self_describing_json.SelfDescribingJson object at 0x0000027040AD4D50>]}
[0m18:21:09.178062 [debug] [MainThread]: On master: COMMIT
[0m18:21:09.187475 [debug] [Thread-1 (]: Began running node model.project_dbt.silver_employee
[0m18:21:09.189113 [debug] [Thread-2 (]: Began running node model.project_dbt.silver_salary
[0m18:21:09.188353 [info ] [Thread-1 (]: 1 of 3 START sql view model dbo.silver_employee ................................ [RUN]
[0m18:21:09.191459 [debug] [Thread-1 (]: Acquiring new sqlserver connection 'model.project_dbt.silver_employee'
[0m18:21:09.192543 [debug] [Thread-1 (]: Began compiling node model.project_dbt.silver_employee
[0m18:21:09.200083 [debug] [Thread-1 (]: Writing injected SQL for node "model.project_dbt.silver_employee"
[0m18:21:09.190398 [info ] [Thread-2 (]: 2 of 3 START sql view model dbo.silver_salary .................................. [RUN]
[0m18:21:09.200883 [debug] [Thread-2 (]: Acquiring new sqlserver connection 'model.project_dbt.silver_salary'
[0m18:21:09.201832 [debug] [Thread-2 (]: Began compiling node model.project_dbt.silver_salary
[0m18:21:09.206401 [debug] [Thread-2 (]: Writing injected SQL for node "model.project_dbt.silver_salary"
[0m18:21:09.209765 [debug] [Thread-1 (]: Began executing node model.project_dbt.silver_employee
[0m18:21:09.210530 [debug] [Thread-2 (]: Began executing node model.project_dbt.silver_salary
[0m18:21:09.290909 [debug] [Thread-1 (]: Writing runtime sql for node "model.project_dbt.silver_employee"
[0m18:21:09.292632 [debug] [Thread-2 (]: Writing runtime sql for node "model.project_dbt.silver_salary"
[0m18:21:09.296385 [debug] [Thread-2 (]: Using sqlserver connection "model.project_dbt.silver_salary"
[0m18:21:09.297298 [debug] [Thread-2 (]: On model.project_dbt.silver_salary: /* {"app": "dbt", "dbt_version": "1.12.3", "profile_name": "project_dbt", "target_name": "dev", "node_id": "model.project_dbt.silver_salary"} */
USE [sql_local];
    
    

    

    USE [sql_local];
    EXEC('
        CREATE OR ALTER VIEW "dbo"."silver_salary" AS select
    s.salary_id,
    s.employee_id,
    s.base_salary,
    s.bonus,
    (s.base_salary + isnull(s.bonus, 0)) as total_salary,
    s.effective_date
from "bronze"."dbo"."salary" s;
    ')


[0m18:21:09.298599 [debug] [Thread-2 (]: Opening a new connection, currently in state init
[0m18:21:09.299317 [debug] [Thread-2 (]: sqlserver adapter: Using connection string: DRIVER={ODBC Driver 18 for SQL Server};SERVER=HONEY\SQLEXPRESS;Database=sql_local;UID=***;PWD=***;encrypt=Yes;TrustServerCertificate=Yes;APP=dbt-sqlserver/1.11.1;Pooling=true;SQL_ATTR_TRACE=SQL_OPT_TRACE_OFF;ConnectRetryCount=3;ConnectRetryInterval=10
[0m18:21:09.297941 [debug] [Thread-1 (]: Using sqlserver connection "model.project_dbt.silver_employee"
[0m18:21:09.299891 [debug] [Thread-1 (]: On model.project_dbt.silver_employee: /* {"app": "dbt", "dbt_version": "1.12.3", "profile_name": "project_dbt", "target_name": "dev", "node_id": "model.project_dbt.silver_employee"} */
USE [sql_local];
    
    

    

    USE [sql_local];
    EXEC('
        CREATE OR ALTER VIEW "dbo"."silver_employee" AS select
    e.employee_id,
    e.first_name,
    e.last_name,
    e.email,
    e.department_id,
    d.department_name,
    e.hire_date
from "bronze"."dbo"."employees_raw" e
left join "bronze"."dbo"."department" d
    on e.department_id = d.department_id;
    ')


[0m18:21:09.300904 [debug] [Thread-1 (]: Opening a new connection, currently in state init
[0m18:21:09.301344 [debug] [Thread-1 (]: sqlserver adapter: Using connection string: DRIVER={ODBC Driver 18 for SQL Server};SERVER=HONEY\SQLEXPRESS;Database=sql_local;UID=***;PWD=***;encrypt=Yes;TrustServerCertificate=Yes;APP=dbt-sqlserver/1.11.1;Pooling=true;SQL_ATTR_TRACE=SQL_OPT_TRACE_OFF;ConnectRetryCount=3;ConnectRetryInterval=10
[0m18:21:09.300400 [debug] [Thread-2 (]: sqlserver adapter: Connected to db: sql_local
[0m18:21:09.314633 [debug] [Thread-2 (]: SQL status: OK in 0.000 seconds
[0m18:21:09.332497 [debug] [Thread-2 (]: On model.project_dbt.silver_salary: COMMIT
[0m18:21:09.337525 [debug] [Thread-2 (]: Applying DROP to: "sql_local"."dbo"."silver_salary__dbt_backup"
[0m18:21:09.346689 [debug] [Thread-2 (]: dbt-sqlserver
[0m18:21:09.347548 [debug] [Thread-2 (]: Using sqlserver connection "model.project_dbt.silver_salary"
[0m18:21:09.348021 [debug] [Thread-2 (]: On model.project_dbt.silver_salary: /* {"app": "dbt", "dbt_version": "1.12.3", "profile_name": "project_dbt", "target_name": "dev", "node_id": "model.project_dbt.silver_salary"} */

        USE [sql_local];
        select
            sch.name as schema_name,
            obj.name as view_name
        from sys.sql_expression_dependencies refs with (nolock)
        inner join sys.objects obj with (nolock)
        on refs.referencing_id = obj.object_id
        inner join sys.schemas sch with (nolock)
        on obj.schema_id = sch.schema_id
        where refs.referenced_database_name = 'sql_local'
        and refs.referenced_schema_name = 'dbo'
        and refs.referenced_entity_name = 'silver_salary__dbt_backup'
        and obj.type = 'V'
        
    OPTION (LABEL = 'dbt-sqlserver');

      
[0m18:21:09.380084 [debug] [Thread-2 (]: SQL status: OK in 0.000 seconds
[0m18:21:09.382101 [debug] [Thread-2 (]: Using sqlserver connection "model.project_dbt.silver_salary"
[0m18:21:09.382610 [debug] [Thread-2 (]: On model.project_dbt.silver_salary: /* {"app": "dbt", "dbt_version": "1.12.3", "profile_name": "project_dbt", "target_name": "dev", "node_id": "model.project_dbt.silver_salary"} */

      
      
    
    USE [sql_local];
    EXEC('DROP view IF EXISTS "dbo"."silver_salary__dbt_backup";');

[0m18:21:09.385002 [debug] [Thread-2 (]: SQL status: OK in 0.000 seconds
[0m18:21:09.387584 [debug] [Thread-2 (]: On model.project_dbt.silver_salary: Close
[0m18:21:09.390609 [debug] [Thread-2 (]: Sending event: {'category': 'dbt', 'action': 'run_model', 'label': '90ecd44b-bfbb-4b10-af70-29dee5a1ad6d', 'context': [<snowplow_tracker.self_describing_json.SelfDescribingJson object at 0x0000027040A45080>]}
[0m18:21:09.391306 [info ] [Thread-2 (]: 2 of 3 OK created sql view model dbo.silver_salary ............................. [[32mOK[0m in 0.19s]
[0m18:21:09.392466 [debug] [Thread-2 (]: Finished running node model.project_dbt.silver_salary
[0m18:21:09.545650 [debug] [Thread-1 (]: sqlserver adapter: Connected to db: sql_local
[0m18:21:09.557092 [debug] [Thread-1 (]: SQL status: OK in 0.000 seconds
[0m18:21:09.558869 [debug] [Thread-1 (]: On model.project_dbt.silver_employee: ROLLBACK
[0m18:21:09.559411 [debug] [Thread-1 (]: On model.project_dbt.silver_employee: Close
[0m18:21:09.560079 [error] [Thread-1 (]: [[31mERROR[0m]: Unhandled error while executing target\run\project_dbt\project_dbt/models\silver\silver_employee.sql
('42S22', "[42S22] [Microsoft][ODBC Driver 18 for SQL Server][SQL Server]Invalid column name 'department_id'. (207) (SQLMoreResults); [42S22] [Microsoft][ODBC Driver 18 for SQL Server][SQL Server]Invalid column name 'department_id'. (207)")
[0m18:21:09.802272 [debug] [Thread-1 (]: Traceback (most recent call last):
  File "D:\Local Projects\DBT\.dbt_venv\Lib\site-packages\dbt\task\base.py", line 388, in safe_run
    result = self.compile_and_execute(manifest, ctx)
  File "D:\Local Projects\DBT\.dbt_venv\Lib\site-packages\dbt\task\base.py", line 335, in compile_and_execute
    result = self.run(ctx.node, manifest)
  File "D:\Local Projects\DBT\.dbt_venv\Lib\site-packages\dbt\task\base.py", line 440, in run
    return self.execute(compiled_node, manifest)  # type: ignore[arg-type]
           ~~~~~~~~~~~~^^^^^^^^^^^^^^^^^^^^^^^^^
  File "D:\Local Projects\DBT\.dbt_venv\Lib\site-packages\dbt\task\run.py", line 484, in execute
    return self._execute_model(
           ~~~~~~~~~~~~~~~~~~~^
        hook_ctx, context["config"], model, context, materialization_macro, manifest
        ^^^^^^^^^^^^^^^^^^^^^^^^^^^^^^^^^^^^^^^^^^^^^^^^^^^^^^^^^^^^^^^^^^^^^^^^^^^^
    )
    ^
  File "D:\Local Projects\DBT\.dbt_venv\Lib\site-packages\dbt\task\run.py", line 440, in _execute_model
    result = MacroGenerator(
        materialization_macro, context, stack=context["context_macro_stack"]
    )()
  File "D:\Local Projects\DBT\.dbt_venv\Lib\site-packages\dbt\clients\jinja.py", line 151, in __call__
    return self.call_macro(*args, **kwargs)
           ~~~~~~~~~~~~~~~^^^^^^^^^^^^^^^^^
  File "D:\Local Projects\DBT\.dbt_venv\Lib\site-packages\dbt_common\clients\jinja.py", line 395, in call_macro
    return macro(*args, **kwargs)
  File "D:\Local Projects\DBT\.dbt_venv\Lib\site-packages\jinja2\runtime.py", line 770, in __call__
    return self._invoke(arguments, autoescape)
           ~~~~~~~~~~~~^^^^^^^^^^^^^^^^^^^^^^^
  File "D:\Local Projects\DBT\.dbt_venv\Lib\site-packages\jinja2\runtime.py", line 784, in _invoke
    rv = self._func(*arguments)
  File "<template>", line 298, in macro
  File "D:\Local Projects\DBT\.dbt_venv\Lib\site-packages\jinja2\sandbox.py", line 401, in call
    return __context.call(__obj, *args, **kwargs)
           ~~~~~~~~~~~~~~^^^^^^^^^^^^^^^^^^^^^^^^
  File "D:\Local Projects\DBT\.dbt_venv\Lib\site-packages\jinja2\runtime.py", line 303, in call
    return __obj(*args, **kwargs)
  File "D:\Local Projects\DBT\.dbt_venv\Lib\site-packages\dbt\clients\jinja.py", line 151, in __call__
    return self.call_macro(*args, **kwargs)
           ~~~~~~~~~~~~~~~^^^^^^^^^^^^^^^^^
  File "D:\Local Projects\DBT\.dbt_venv\Lib\site-packages\dbt_common\clients\jinja.py", line 395, in call_macro
    return macro(*args, **kwargs)
  File "D:\Local Projects\DBT\.dbt_venv\Lib\site-packages\jinja2\runtime.py", line 770, in __call__
    return self._invoke(arguments, autoescape)
           ~~~~~~~~~~~~^^^^^^^^^^^^^^^^^^^^^^^
  File "D:\Local Projects\DBT\.dbt_venv\Lib\site-packages\jinja2\runtime.py", line 784, in _invoke
    rv = self._func(*arguments)
  File "<template>", line 52, in macro
  File "D:\Local Projects\DBT\.dbt_venv\Lib\site-packages\jinja2\sandbox.py", line 401, in call
    return __context.call(__obj, *args, **kwargs)
           ~~~~~~~~~~~~~~^^^^^^^^^^^^^^^^^^^^^^^^
  File "D:\Local Projects\DBT\.dbt_venv\Lib\site-packages\jinja2\runtime.py", line 303, in call
    return __obj(*args, **kwargs)
  File "D:\Local Projects\DBT\.dbt_venv\Lib\site-packages\dbt_common\record.py", line 538, in record_replay_wrapper
    return func_to_record(*call_args, **kwargs)
  File "D:\Local Projects\DBT\.dbt_venv\Lib\site-packages\dbt\adapters\base\impl.py", line 523, in execute
    return self.connections.execute(sql=sql, auto_begin=auto_begin, fetch=fetch, limit=limit)
           ~~~~~~~~~~~~~~~~~~~~~~~~^^^^^^^^^^^^^^^^^^^^^^^^^^^^^^^^^^^^^^^^^^^^^^^^^^^^^^^^^^
  File "D:\Local Projects\DBT\.dbt_venv\Lib\site-packages\dbt\adapters\sqlserver\sqlserver_connections.py", line 528, in execute
    while cursor.nextset():
          ~~~~~~~~~~~~~~^^
pyodbc.ProgrammingError: ('42S22', "[42S22] [Microsoft][ODBC Driver 18 for SQL Server][SQL Server]Invalid column name 'department_id'. (207) (SQLMoreResults); [42S22] [Microsoft][ODBC Driver 18 for SQL Server][SQL Server]Invalid column name 'department_id'. (207)")

[0m18:21:09.803184 [debug] [Thread-1 (]: Sending event: {'category': 'dbt', 'action': 'run_model', 'label': '90ecd44b-bfbb-4b10-af70-29dee5a1ad6d', 'context': [<snowplow_tracker.self_describing_json.SelfDescribingJson object at 0x00000270410AEFF0>]}
[0m18:21:09.803980 [error] [Thread-1 (]: 1 of 3 ERROR creating sql view model dbo.silver_employee ....................... [[31mERROR[0m in 0.61s]
[0m18:21:09.805471 [debug] [Thread-1 (]: Finished running node model.project_dbt.silver_employee
[0m18:21:09.806373 [debug] [Thread-6 (]: Marking all children of 'model.project_dbt.silver_employee' to be skipped because of status 'error'.  Reason: ('42S22', "[42S22] [Microsoft][ODBC Driver 18 for SQL Server][SQL Server]Invalid column name 'department_id'. (207) (SQLMoreResults); [42S22] [Microsoft][ODBC Driver 18 for SQL Server][SQL Server]Invalid column name 'department_id'. (207)").
[0m18:21:09.808111 [debug] [Thread-3 (]: Began running node model.project_dbt.gold_summary
[0m18:21:09.808742 [info ] [Thread-3 (]: 3 of 3 SKIP relation dbo.gold_summary .......................................... [[33mSKIP[0m]
[0m18:21:09.810011 [debug] [Thread-3 (]: Finished running node model.project_dbt.gold_summary
[0m18:21:09.813144 [debug] [MainThread]: On master: COMMIT
[0m18:21:09.814030 [debug] [MainThread]: Connection 'master' was properly closed.
[0m18:21:09.814781 [debug] [MainThread]: Connection 'list_sql_local' was properly closed.
[0m18:21:09.815397 [debug] [MainThread]: Connection 'list_sql_local_dbo' was properly closed.
[0m18:21:09.815932 [debug] [MainThread]: Connection 'model.project_dbt.silver_employee' was properly closed.
[0m18:21:09.816305 [debug] [MainThread]: Connection 'model.project_dbt.silver_salary' was properly closed.
[0m18:21:09.816963 [info ] [MainThread]: 
[0m18:21:09.818002 [info ] [MainThread]: Finished running 3 view models in 0 hours 0 minutes and 1.05 seconds (1.05s).
[0m18:21:09.820000 [debug] [MainThread]: Command end result
[0m18:21:09.865467 [debug] [MainThread]: Wrote artifact WritableManifest to D:\Local Projects\DBT\target\manifest.json
[0m18:21:09.869550 [debug] [MainThread]: Wrote artifact SemanticManifest to D:\Local Projects\DBT\target\semantic_manifest.json
[0m18:21:09.875290 [debug] [MainThread]: Wrote artifact OsiDocument to D:\Local Projects\DBT\target\osi_document.json
[0m18:21:09.882708 [debug] [MainThread]: Wrote artifact RunExecutionResult to D:\Local Projects\DBT\target\run_results.json
[0m18:21:09.883162 [info ] [MainThread]: 
[0m18:21:09.884329 [info ] [MainThread]: [31mCompleted with 1 error, 0 partial successes, and 0 warnings:[0m
[0m18:21:09.885231 [info ] [MainThread]: 
[0m18:21:09.886561 [error] [MainThread]: [[31mERROR[0m]: in model silver_employee (project_dbt/models\silver\silver_employee.sql)
[0m18:21:09.887910 [error] [MainThread]:   ('42S22', "[42S22] [Microsoft][ODBC Driver 18 for SQL Server][SQL Server]Invalid column name 'department_id'. (207) (SQLMoreResults); [42S22] [Microsoft][ODBC Driver 18 for SQL Server][SQL Server]Invalid column name 'department_id'. (207)")
[0m18:21:09.888819 [info ] [MainThread]: 
[0m18:21:09.890006 [info ] [MainThread]:   compiled code at target\compiled\project_dbt\project_dbt/models\silver\silver_employee.sql
[0m18:21:09.891119 [info ] [MainThread]: 
[0m18:21:09.892074 [info ] [MainThread]: Done. PASS=1 WARN=0 ERROR=1 SKIP=1 NO-OP=0 REUSED=0 TOTAL=3
[0m18:21:09.894043 [debug] [MainThread]: Command `dbt run` failed at 18:21:09.893913 after 4.48 seconds
[0m18:21:09.894428 [debug] [MainThread]: Sending event: {'category': 'dbt', 'action': 'invocation', 'label': 'end', 'context': [<snowplow_tracker.self_describing_json.SelfDescribingJson object at 0x000002703C935190>, <snowplow_tracker.self_describing_json.SelfDescribingJson object at 0x0000027041732390>, <snowplow_tracker.self_describing_json.SelfDescribingJson object at 0x00000270417A4050>]}
[0m18:21:09.894761 [debug] [MainThread]: Flushing usage events
[0m18:21:11.851513 [debug] [MainThread]: An error was encountered while trying to flush usage events
[0m18:23:36.093807 [debug] [MainThread]: Sending event: {'category': 'dbt', 'action': 'invocation', 'label': 'start', 'context': [<snowplow_tracker.self_describing_json.SelfDescribingJson object at 0x0000026F3563E3C0>, <snowplow_tracker.self_describing_json.SelfDescribingJson object at 0x0000026F32F90F50>, <snowplow_tracker.self_describing_json.SelfDescribingJson object at 0x0000026F37F939D0>]}


============================== 18:23:36.100388 | 22929361-c374-4db7-b671-b9d8ec753d86 ==============================
[0m18:23:36.100388 [info ] [MainThread]: Running with dbt=1.12.3
[0m18:23:36.101641 [debug] [MainThread]: running dbt with arguments {'static_parser': 'True', 'no_print': 'None', 'maximum_seed_size_mib': '1', 'target_path': 'None', 'warn_error_options': 'WarnErrorOptionsV2(error=[], warn=[], silence=[])', 'version_check': 'True', 'printer_width': '80', 'write_json': 'True', 'introspect': 'True', 'log_cache_events': 'False', 'empty': 'False', 'cache_selected_only': 'False', 'fail_fast': 'False', 'debug': 'False', 'log_format': 'default', 'partial_parse': 'True', 'send_anonymous_usage_stats': 'True', 'quiet': 'False', 'warn_error': 'None', 'profiles_dir': 'C:\\Users\\Dell\\.dbt', 'use_colors': 'True', 'hints_enabled': 'True', 'invocation_command': 'dbt run --select silver+', 'use_experimental_parser': 'False', 'indirect_selection': 'eager', 'log_path': 'D:\\Local Projects\\DBT\\logs'}
[0m18:23:36.496868 [debug] [MainThread]: Sending event: {'category': 'dbt', 'action': 'project_id', 'label': '22929361-c374-4db7-b671-b9d8ec753d86', 'context': [<snowplow_tracker.self_describing_json.SelfDescribingJson object at 0x0000026F380116E0>]}
[0m18:23:36.602169 [debug] [MainThread]: Sending event: {'category': 'dbt', 'action': 'adapter_info', 'label': '22929361-c374-4db7-b671-b9d8ec753d86', 'context': [<snowplow_tracker.self_describing_json.SelfDescribingJson object at 0x0000026F3380DF20>]}
[0m18:23:36.603350 [info ] [MainThread]: Registered adapter: sqlserver=1.11.1
[0m18:23:36.921587 [warn ] [MainThread]: [[33mWARNING[0m]: When True, uses SQL Server-native string type mappings: STRING -> VARCHAR(MAX), NCHAR -> NCHAR(1), NVARCHAR -> NVARCHAR(4000). When False (default), preserves legacy mappings: STRING and NVARCHAR -> VARCHAR(8000), NCHAR -> CHAR(1). The new behaviour is intended to become the default in a future release.
You may opt into the new behavior sooner by setting `flags.dbt_sqlserver_use_native_string_types` to `True` in `dbt_project.yml`.
Visit https://docs.getdbt.com/reference/global-configs/behavior-changes for more information.
[0m18:23:36.922777 [debug] [MainThread]: Sending event: {'category': 'dbt', 'action': 'BehaviorChangeEvent', 'label': '22929361-c374-4db7-b671-b9d8ec753d86', 'context': [<snowplow_tracker.self_describing_json.SelfDescribingJson object at 0x0000026F38386050>]}
[0m18:23:36.923381 [warn ] [MainThread]: [[33mWARNING[0m]: When True, dbt transaction hooks (begin/commit) emit real T-SQL BEGIN TRANSACTION / COMMIT TRANSACTION statements. When False (default and legacy), begin/commit are no-ops and each statement is auto-committed by the driver. This means earlier successful statements are not rolled back if a later statement fails. This behavior is intended to become the default in a future release.
You may opt into the new behavior sooner by setting `flags.dbt_sqlserver_use_dbt_transactions` to `True` in `dbt_project.yml`.
Visit https://docs.getdbt.com/reference/global-configs/behavior-changes for more information.
[0m18:23:36.924344 [debug] [MainThread]: Sending event: {'category': 'dbt', 'action': 'BehaviorChangeEvent', 'label': '22929361-c374-4db7-b671-b9d8ec753d86', 'context': [<snowplow_tracker.self_describing_json.SelfDescribingJson object at 0x0000026F386E97C0>]}
[0m18:23:36.939297 [debug] [MainThread]: checksum: 61fa0cb8ebbab08e6306b916b7eee9c1bd2f4ae870aa253f37d5f612939c7047, vars: {}, profile: project_dbt, target: dev, version: 1.12.3
[0m18:23:37.184333 [debug] [MainThread]: Partial parsing enabled: 0 files deleted, 0 files added, 2 files changed.
[0m18:23:37.185023 [debug] [MainThread]: Partial parsing: updated file: project_dbt://project_dbt/models\gold\gold_summary.sql
[0m18:23:37.185393 [debug] [MainThread]: Partial parsing: updated file: project_dbt://project_dbt/models\silver\silver_employee.sql
[0m18:23:37.485735 [warn ] [MainThread]: [[33mWARNING[0m]: When True, uses dbt-core's standard schema concatenation (`target.schema` + `_` + `custom_schema_name`). When False (default), uses legacy adapter behaviour: `custom_schema_name` is used directly without prefixing `target.schema`. For a permanent solution, override the `sqlserver__generate_schema_name` macro in your project instead.
You may opt into the new behavior sooner by setting `flags.dbt_sqlserver_use_default_schema_concat` to `True` in `dbt_project.yml`.
Visit https://docs.getdbt.com/reference/global-configs/behavior-changes for more information.
[0m18:23:37.486752 [debug] [MainThread]: Sending event: {'category': 'dbt', 'action': 'BehaviorChangeEvent', 'label': '22929361-c374-4db7-b671-b9d8ec753d86', 'context': [<snowplow_tracker.self_describing_json.SelfDescribingJson object at 0x0000026F38C749F0>]}
[0m18:23:37.609031 [warn ] [MainThread]: [[33mWARNING[0m]: Configuration paths exist in your dbt_project.yml file which do not apply to any resources.
There are 2 unused configuration paths:
- models.gold
- models.silver
[0m18:23:37.613617 [debug] [MainThread]: Sending event: {'category': 'dbt', 'action': 'load_project', 'label': '22929361-c374-4db7-b671-b9d8ec753d86', 'context': [<snowplow_tracker.self_describing_json.SelfDescribingJson object at 0x0000026F38D87A00>]}
[0m18:23:37.758598 [debug] [MainThread]: Wrote artifact WritableManifest to D:\Local Projects\DBT\target\manifest.json
[0m18:23:37.763692 [debug] [MainThread]: Wrote artifact SemanticManifest to D:\Local Projects\DBT\target\semantic_manifest.json
[0m18:23:37.812290 [debug] [MainThread]: Wrote artifact OsiDocument to D:\Local Projects\DBT\target\osi_document.json
[0m18:23:37.835187 [debug] [MainThread]: Sending event: {'category': 'dbt', 'action': 'resource_counts', 'label': '22929361-c374-4db7-b671-b9d8ec753d86', 'context': [<snowplow_tracker.self_describing_json.SelfDescribingJson object at 0x0000026F38CBA5D0>]}
[0m18:23:37.836044 [info ] [MainThread]: Found 6 models, 7 data tests, 4 sources, 556 macros
[0m18:23:37.836956 [debug] [MainThread]: Sending event: {'category': 'dbt', 'action': 'runnable_timing', 'label': '22929361-c374-4db7-b671-b9d8ec753d86', 'context': [<snowplow_tracker.self_describing_json.SelfDescribingJson object at 0x0000026F38D71FF0>]}
[0m18:23:37.839726 [info ] [MainThread]: 
[0m18:23:37.840515 [info ] [MainThread]: Concurrency: 3 threads (target='dev')
[0m18:23:37.841580 [info ] [MainThread]: 
[0m18:23:37.842615 [debug] [MainThread]: Acquiring new sqlserver connection 'master'
[0m18:23:37.851033 [debug] [ThreadPool]: Acquiring new sqlserver connection 'list_sql_local'
[0m18:23:37.878525 [debug] [ThreadPool]: dbt-sqlserver
[0m18:23:37.881284 [debug] [ThreadPool]: Using sqlserver connection "list_sql_local"
[0m18:23:37.881601 [debug] [ThreadPool]: On list_sql_local: /* {"app": "dbt", "dbt_version": "1.12.3", "profile_name": "project_dbt", "target_name": "dev", "connection_name": "list_sql_local"} */
USE [sql_local];
    select  name as [schema]
    from sys.schemas with (nolock) 
    OPTION (LABEL = 'dbt-sqlserver');

  
[0m18:23:37.881872 [debug] [ThreadPool]: Opening a new connection, currently in state init
[0m18:23:37.885842 [debug] [ThreadPool]: sqlserver adapter: Using connection string: DRIVER={ODBC Driver 18 for SQL Server};SERVER=HONEY\SQLEXPRESS;Database=sql_local;UID=***;PWD=***;encrypt=Yes;TrustServerCertificate=Yes;APP=dbt-sqlserver/1.11.1;Pooling=true;SQL_ATTR_TRACE=SQL_OPT_TRACE_OFF;ConnectRetryCount=3;ConnectRetryInterval=10
[0m18:23:38.233117 [debug] [ThreadPool]: sqlserver adapter: Connected to db: sql_local
[0m18:23:38.237745 [debug] [ThreadPool]: SQL status: OK in 0.000 seconds
[0m18:23:38.239653 [debug] [ThreadPool]: On list_sql_local: Close
[0m18:23:38.242251 [debug] [ThreadPool]: Acquiring new sqlserver connection 'list_sql_local_dbo'
[0m18:23:38.247607 [debug] [ThreadPool]: dbt-sqlserver
[0m18:23:38.248222 [debug] [ThreadPool]: Using sqlserver connection "list_sql_local_dbo"
[0m18:23:38.248549 [debug] [ThreadPool]: On list_sql_local_dbo: /* {"app": "dbt", "dbt_version": "1.12.3", "profile_name": "project_dbt", "target_name": "dev", "connection_name": "list_sql_local_dbo"} */
USE [sql_local];
    declare @schema_id int = schema_id('dbo');
    select
      DB_NAME() as [database],
      t.name as [name],
      'dbo' as [schema],
      'table' as table_type
    from sys.tables as t with (nolock)
    where t.schema_id = @schema_id
    union all
    select
      DB_NAME() as [database],
      v.name as [name],
      'dbo' as [schema],
      'view' as table_type
    from sys.views as v with (nolock)
    where v.schema_id = @schema_id
    
    OPTION (LABEL = 'dbt-sqlserver');

  
[0m18:23:38.248826 [debug] [ThreadPool]: Opening a new connection, currently in state init
[0m18:23:38.249223 [debug] [ThreadPool]: sqlserver adapter: Using connection string: DRIVER={ODBC Driver 18 for SQL Server};SERVER=HONEY\SQLEXPRESS;Database=sql_local;UID=***;PWD=***;encrypt=Yes;TrustServerCertificate=Yes;APP=dbt-sqlserver/1.11.1;Pooling=true;SQL_ATTR_TRACE=SQL_OPT_TRACE_OFF;ConnectRetryCount=3;ConnectRetryInterval=10
[0m18:23:38.249694 [debug] [ThreadPool]: sqlserver adapter: Connected to db: sql_local
[0m18:23:38.334212 [debug] [ThreadPool]: SQL status: OK in 0.000 seconds
[0m18:23:38.337222 [debug] [ThreadPool]: On list_sql_local_dbo: ROLLBACK
[0m18:23:38.337768 [debug] [ThreadPool]: On list_sql_local_dbo: Close
[0m18:23:38.340176 [debug] [MainThread]: Sending event: {'category': 'dbt', 'action': 'runnable_timing', 'label': '22929361-c374-4db7-b671-b9d8ec753d86', 'context': [<snowplow_tracker.self_describing_json.SelfDescribingJson object at 0x0000026F38D4A0D0>]}
[0m18:23:38.341074 [debug] [MainThread]: On master: COMMIT
[0m18:23:38.350510 [debug] [Thread-1 (]: Began running node model.project_dbt.silver_employee
[0m18:23:38.351394 [debug] [Thread-2 (]: Began running node model.project_dbt.silver_salary
[0m18:23:38.352456 [info ] [Thread-1 (]: 1 of 3 START sql view model dbo.silver_employee ................................ [RUN]
[0m18:23:38.354333 [debug] [Thread-1 (]: Acquiring new sqlserver connection 'model.project_dbt.silver_employee'
[0m18:23:38.355426 [debug] [Thread-1 (]: Began compiling node model.project_dbt.silver_employee
[0m18:23:38.353252 [info ] [Thread-2 (]: 2 of 3 START sql view model dbo.silver_salary .................................. [RUN]
[0m18:23:38.368225 [debug] [Thread-2 (]: Acquiring new sqlserver connection 'model.project_dbt.silver_salary'
[0m18:23:38.366654 [debug] [Thread-1 (]: Writing injected SQL for node "model.project_dbt.silver_employee"
[0m18:23:38.369003 [debug] [Thread-2 (]: Began compiling node model.project_dbt.silver_salary
[0m18:23:38.373356 [debug] [Thread-2 (]: Writing injected SQL for node "model.project_dbt.silver_salary"
[0m18:23:38.374973 [debug] [Thread-1 (]: Began executing node model.project_dbt.silver_employee
[0m18:23:38.410763 [debug] [Thread-2 (]: Began executing node model.project_dbt.silver_salary
[0m18:23:38.425840 [debug] [Thread-2 (]: Using sqlserver connection "model.project_dbt.silver_salary"
[0m18:23:38.441819 [debug] [Thread-2 (]: On model.project_dbt.silver_salary: /* {"app": "dbt", "dbt_version": "1.12.3", "profile_name": "project_dbt", "target_name": "dev", "node_id": "model.project_dbt.silver_salary"} */

    USE [sql_local];
  select object_definition(object_id(quotename('dbo') + '.' + quotename('silver_salary'), 'V')) as definition
  where object_id(quotename('dbo') + '.' + quotename('silver_salary'), 'V') is not null

  
[0m18:23:38.450345 [debug] [Thread-2 (]: Opening a new connection, currently in state init
[0m18:23:38.451112 [debug] [Thread-2 (]: sqlserver adapter: Using connection string: DRIVER={ODBC Driver 18 for SQL Server};SERVER=HONEY\SQLEXPRESS;Database=sql_local;UID=***;PWD=***;encrypt=Yes;TrustServerCertificate=Yes;APP=dbt-sqlserver/1.11.1;Pooling=true;SQL_ATTR_TRACE=SQL_OPT_TRACE_OFF;ConnectRetryCount=3;ConnectRetryInterval=10
[0m18:23:38.449619 [debug] [Thread-1 (]: Writing runtime sql for node "model.project_dbt.silver_employee"
[0m18:23:38.451943 [debug] [Thread-2 (]: sqlserver adapter: Connected to db: sql_local
[0m18:23:38.453085 [debug] [Thread-1 (]: Using sqlserver connection "model.project_dbt.silver_employee"
[0m18:23:38.453664 [debug] [Thread-1 (]: On model.project_dbt.silver_employee: /* {"app": "dbt", "dbt_version": "1.12.3", "profile_name": "project_dbt", "target_name": "dev", "node_id": "model.project_dbt.silver_employee"} */
USE [sql_local];
    
    

    

    USE [sql_local];
    EXEC('
        CREATE OR ALTER VIEW "dbo"."silver_employee" AS select
    e.employee_id,
    e.first_name,
    e.last_name,
    e.email,
    d.department_name,
    e.hire_date
from "bronze"."dbo"."employees_raw" e
left join "bronze"."dbo"."department" d
    on e.department_id = d.department_id;
    ')


[0m18:23:38.454187 [debug] [Thread-1 (]: Opening a new connection, currently in state init
[0m18:23:38.454668 [debug] [Thread-1 (]: sqlserver adapter: Using connection string: DRIVER={ODBC Driver 18 for SQL Server};SERVER=HONEY\SQLEXPRESS;Database=sql_local;UID=***;PWD=***;encrypt=Yes;TrustServerCertificate=Yes;APP=dbt-sqlserver/1.11.1;Pooling=true;SQL_ATTR_TRACE=SQL_OPT_TRACE_OFF;ConnectRetryCount=3;ConnectRetryInterval=10
[0m18:23:38.461263 [debug] [Thread-2 (]: SQL status: OK in 0.000 seconds
[0m18:23:38.463285 [debug] [Thread-2 (]: Writing runtime sql for node "model.project_dbt.silver_salary"
[0m18:23:38.464653 [debug] [Thread-2 (]: Using sqlserver connection "model.project_dbt.silver_salary"
[0m18:23:38.465108 [debug] [Thread-2 (]: On model.project_dbt.silver_salary: /* {"app": "dbt", "dbt_version": "1.12.3", "profile_name": "project_dbt", "target_name": "dev", "node_id": "model.project_dbt.silver_salary"} */
declare @dbt_sqlserver_noop int;
[0m18:23:38.467001 [debug] [Thread-2 (]: SQL status: OK in 0.000 seconds
[0m18:23:38.487922 [debug] [Thread-2 (]: On model.project_dbt.silver_salary: COMMIT
[0m18:23:38.493190 [debug] [Thread-2 (]: Applying DROP to: "sql_local"."dbo"."silver_salary__dbt_backup"
[0m18:23:38.499868 [debug] [Thread-2 (]: dbt-sqlserver
[0m18:23:38.500453 [debug] [Thread-2 (]: Using sqlserver connection "model.project_dbt.silver_salary"
[0m18:23:38.500805 [debug] [Thread-2 (]: On model.project_dbt.silver_salary: /* {"app": "dbt", "dbt_version": "1.12.3", "profile_name": "project_dbt", "target_name": "dev", "node_id": "model.project_dbt.silver_salary"} */

        USE [sql_local];
        select
            sch.name as schema_name,
            obj.name as view_name
        from sys.sql_expression_dependencies refs with (nolock)
        inner join sys.objects obj with (nolock)
        on refs.referencing_id = obj.object_id
        inner join sys.schemas sch with (nolock)
        on obj.schema_id = sch.schema_id
        where refs.referenced_database_name = 'sql_local'
        and refs.referenced_schema_name = 'dbo'
        and refs.referenced_entity_name = 'silver_salary__dbt_backup'
        and obj.type = 'V'
        
    OPTION (LABEL = 'dbt-sqlserver');

      
[0m18:23:38.568026 [debug] [Thread-2 (]: SQL status: OK in 0.000 seconds
[0m18:23:38.570711 [debug] [Thread-2 (]: Using sqlserver connection "model.project_dbt.silver_salary"
[0m18:23:38.571485 [debug] [Thread-2 (]: On model.project_dbt.silver_salary: /* {"app": "dbt", "dbt_version": "1.12.3", "profile_name": "project_dbt", "target_name": "dev", "node_id": "model.project_dbt.silver_salary"} */

      
      
    
    USE [sql_local];
    EXEC('DROP view IF EXISTS "dbo"."silver_salary__dbt_backup";');

[0m18:23:38.573568 [debug] [Thread-2 (]: SQL status: OK in 0.000 seconds
[0m18:23:38.576371 [debug] [Thread-2 (]: On model.project_dbt.silver_salary: Close
[0m18:23:38.579544 [debug] [Thread-2 (]: Sending event: {'category': 'dbt', 'action': 'run_model', 'label': '22929361-c374-4db7-b671-b9d8ec753d86', 'context': [<snowplow_tracker.self_describing_json.SelfDescribingJson object at 0x0000026F35B6B450>]}
[0m18:23:38.580338 [info ] [Thread-2 (]: 2 of 3 OK created sql view model dbo.silver_salary ............................. [[32mOK[0m in 0.21s]
[0m18:23:38.581576 [debug] [Thread-2 (]: Finished running node model.project_dbt.silver_salary
[0m18:23:38.754570 [debug] [Thread-1 (]: sqlserver adapter: Connected to db: sql_local
[0m18:23:38.759466 [debug] [Thread-1 (]: SQL status: OK in 0.000 seconds
[0m18:23:38.760834 [debug] [Thread-1 (]: On model.project_dbt.silver_employee: ROLLBACK
[0m18:23:38.761321 [debug] [Thread-1 (]: On model.project_dbt.silver_employee: Close
[0m18:23:38.762000 [error] [Thread-1 (]: [[31mERROR[0m]: Unhandled error while executing target\run\project_dbt\project_dbt/models\silver\silver_employee.sql
('42S22', "[42S22] [Microsoft][ODBC Driver 18 for SQL Server][SQL Server]Invalid column name 'department_id'. (207) (SQLMoreResults)")
[0m18:23:38.770088 [debug] [Thread-1 (]: Traceback (most recent call last):
  File "D:\Local Projects\DBT\.dbt_venv\Lib\site-packages\dbt\task\base.py", line 388, in safe_run
    result = self.compile_and_execute(manifest, ctx)
  File "D:\Local Projects\DBT\.dbt_venv\Lib\site-packages\dbt\task\base.py", line 335, in compile_and_execute
    result = self.run(ctx.node, manifest)
  File "D:\Local Projects\DBT\.dbt_venv\Lib\site-packages\dbt\task\base.py", line 440, in run
    return self.execute(compiled_node, manifest)  # type: ignore[arg-type]
           ~~~~~~~~~~~~^^^^^^^^^^^^^^^^^^^^^^^^^
  File "D:\Local Projects\DBT\.dbt_venv\Lib\site-packages\dbt\task\run.py", line 484, in execute
    return self._execute_model(
           ~~~~~~~~~~~~~~~~~~~^
        hook_ctx, context["config"], model, context, materialization_macro, manifest
        ^^^^^^^^^^^^^^^^^^^^^^^^^^^^^^^^^^^^^^^^^^^^^^^^^^^^^^^^^^^^^^^^^^^^^^^^^^^^
    )
    ^
  File "D:\Local Projects\DBT\.dbt_venv\Lib\site-packages\dbt\task\run.py", line 440, in _execute_model
    result = MacroGenerator(
        materialization_macro, context, stack=context["context_macro_stack"]
    )()
  File "D:\Local Projects\DBT\.dbt_venv\Lib\site-packages\dbt\clients\jinja.py", line 151, in __call__
    return self.call_macro(*args, **kwargs)
           ~~~~~~~~~~~~~~~^^^^^^^^^^^^^^^^^
  File "D:\Local Projects\DBT\.dbt_venv\Lib\site-packages\dbt_common\clients\jinja.py", line 395, in call_macro
    return macro(*args, **kwargs)
  File "D:\Local Projects\DBT\.dbt_venv\Lib\site-packages\jinja2\runtime.py", line 770, in __call__
    return self._invoke(arguments, autoescape)
           ~~~~~~~~~~~~^^^^^^^^^^^^^^^^^^^^^^^
  File "D:\Local Projects\DBT\.dbt_venv\Lib\site-packages\jinja2\runtime.py", line 784, in _invoke
    rv = self._func(*arguments)
  File "<template>", line 298, in macro
  File "D:\Local Projects\DBT\.dbt_venv\Lib\site-packages\jinja2\sandbox.py", line 401, in call
    return __context.call(__obj, *args, **kwargs)
           ~~~~~~~~~~~~~~^^^^^^^^^^^^^^^^^^^^^^^^
  File "D:\Local Projects\DBT\.dbt_venv\Lib\site-packages\jinja2\runtime.py", line 303, in call
    return __obj(*args, **kwargs)
  File "D:\Local Projects\DBT\.dbt_venv\Lib\site-packages\dbt\clients\jinja.py", line 151, in __call__
    return self.call_macro(*args, **kwargs)
           ~~~~~~~~~~~~~~~^^^^^^^^^^^^^^^^^
  File "D:\Local Projects\DBT\.dbt_venv\Lib\site-packages\dbt_common\clients\jinja.py", line 395, in call_macro
    return macro(*args, **kwargs)
  File "D:\Local Projects\DBT\.dbt_venv\Lib\site-packages\jinja2\runtime.py", line 770, in __call__
    return self._invoke(arguments, autoescape)
           ~~~~~~~~~~~~^^^^^^^^^^^^^^^^^^^^^^^
  File "D:\Local Projects\DBT\.dbt_venv\Lib\site-packages\jinja2\runtime.py", line 784, in _invoke
    rv = self._func(*arguments)
  File "<template>", line 52, in macro
  File "D:\Local Projects\DBT\.dbt_venv\Lib\site-packages\jinja2\sandbox.py", line 401, in call
    return __context.call(__obj, *args, **kwargs)
           ~~~~~~~~~~~~~~^^^^^^^^^^^^^^^^^^^^^^^^
  File "D:\Local Projects\DBT\.dbt_venv\Lib\site-packages\jinja2\runtime.py", line 303, in call
    return __obj(*args, **kwargs)
  File "D:\Local Projects\DBT\.dbt_venv\Lib\site-packages\dbt_common\record.py", line 538, in record_replay_wrapper
    return func_to_record(*call_args, **kwargs)
  File "D:\Local Projects\DBT\.dbt_venv\Lib\site-packages\dbt\adapters\base\impl.py", line 523, in execute
    return self.connections.execute(sql=sql, auto_begin=auto_begin, fetch=fetch, limit=limit)
           ~~~~~~~~~~~~~~~~~~~~~~~~^^^^^^^^^^^^^^^^^^^^^^^^^^^^^^^^^^^^^^^^^^^^^^^^^^^^^^^^^^
  File "D:\Local Projects\DBT\.dbt_venv\Lib\site-packages\dbt\adapters\sqlserver\sqlserver_connections.py", line 528, in execute
    while cursor.nextset():
          ~~~~~~~~~~~~~~^^
pyodbc.ProgrammingError: ('42S22', "[42S22] [Microsoft][ODBC Driver 18 for SQL Server][SQL Server]Invalid column name 'department_id'. (207) (SQLMoreResults)")

[0m18:23:38.770880 [debug] [Thread-1 (]: Sending event: {'category': 'dbt', 'action': 'run_model', 'label': '22929361-c374-4db7-b671-b9d8ec753d86', 'context': [<snowplow_tracker.self_describing_json.SelfDescribingJson object at 0x0000026F38D3B460>]}
[0m18:23:38.771536 [error] [Thread-1 (]: 1 of 3 ERROR creating sql view model dbo.silver_employee ....................... [[31mERROR[0m in 0.42s]
[0m18:23:38.772478 [debug] [Thread-1 (]: Finished running node model.project_dbt.silver_employee
[0m18:23:38.773321 [debug] [Thread-6 (]: Marking all children of 'model.project_dbt.silver_employee' to be skipped because of status 'error'.  Reason: ('42S22', "[42S22] [Microsoft][ODBC Driver 18 for SQL Server][SQL Server]Invalid column name 'department_id'. (207) (SQLMoreResults)").
[0m18:23:38.775096 [debug] [Thread-3 (]: Began running node model.project_dbt.gold_summary
[0m18:23:38.775976 [info ] [Thread-3 (]: 3 of 3 SKIP relation dbo.gold_summary .......................................... [[33mSKIP[0m]
[0m18:23:38.777397 [debug] [Thread-3 (]: Finished running node model.project_dbt.gold_summary
[0m18:23:38.780489 [debug] [MainThread]: On master: COMMIT
[0m18:23:38.781125 [debug] [MainThread]: Connection 'master' was properly closed.
[0m18:23:38.781524 [debug] [MainThread]: Connection 'list_sql_local' was properly closed.
[0m18:23:38.781984 [debug] [MainThread]: Connection 'list_sql_local_dbo' was properly closed.
[0m18:23:38.782199 [debug] [MainThread]: Connection 'model.project_dbt.silver_employee' was properly closed.
[0m18:23:38.782410 [debug] [MainThread]: Connection 'model.project_dbt.silver_salary' was properly closed.
[0m18:23:38.782719 [info ] [MainThread]: 
[0m18:23:38.783323 [info ] [MainThread]: Finished running 3 view models in 0 hours 0 minutes and 0.94 seconds (0.94s).
[0m18:23:38.784742 [debug] [MainThread]: Command end result
[0m18:23:38.838468 [debug] [MainThread]: Wrote artifact WritableManifest to D:\Local Projects\DBT\target\manifest.json
[0m18:23:38.843618 [debug] [MainThread]: Wrote artifact SemanticManifest to D:\Local Projects\DBT\target\semantic_manifest.json
[0m18:23:38.848899 [debug] [MainThread]: Wrote artifact OsiDocument to D:\Local Projects\DBT\target\osi_document.json
[0m18:23:38.861906 [debug] [MainThread]: Wrote artifact RunExecutionResult to D:\Local Projects\DBT\target\run_results.json
[0m18:23:38.862392 [info ] [MainThread]: 
[0m18:23:38.863182 [info ] [MainThread]: [31mCompleted with 1 error, 0 partial successes, and 0 warnings:[0m
[0m18:23:38.864062 [info ] [MainThread]: 
[0m18:23:38.865212 [error] [MainThread]: [[31mERROR[0m]: in model silver_employee (project_dbt/models\silver\silver_employee.sql)
[0m18:23:38.866743 [error] [MainThread]:   ('42S22', "[42S22] [Microsoft][ODBC Driver 18 for SQL Server][SQL Server]Invalid column name 'department_id'. (207) (SQLMoreResults)")
[0m18:23:38.867736 [info ] [MainThread]: 
[0m18:23:38.868451 [info ] [MainThread]:   compiled code at target\compiled\project_dbt\project_dbt/models\silver\silver_employee.sql
[0m18:23:38.869297 [info ] [MainThread]: 
[0m18:23:38.870283 [info ] [MainThread]: Done. PASS=1 WARN=0 ERROR=1 SKIP=1 NO-OP=0 REUSED=0 TOTAL=3
[0m18:23:38.873098 [debug] [MainThread]: Command `dbt run` failed at 18:23:38.872586 after 2.99 seconds
[0m18:23:38.874702 [debug] [MainThread]: Sending event: {'category': 'dbt', 'action': 'invocation', 'label': 'end', 'context': [<snowplow_tracker.self_describing_json.SelfDescribingJson object at 0x0000026F36331F10>, <snowplow_tracker.self_describing_json.SelfDescribingJson object at 0x0000026F38DFFE30>, <snowplow_tracker.self_describing_json.SelfDescribingJson object at 0x0000026F38625490>]}
[0m18:23:38.876173 [debug] [MainThread]: Flushing usage events
[0m18:23:40.639849 [debug] [MainThread]: An error was encountered while trying to flush usage events
[0m18:28:19.265882 [debug] [MainThread]: Sending event: {'category': 'dbt', 'action': 'invocation', 'label': 'start', 'context': [<snowplow_tracker.self_describing_json.SelfDescribingJson object at 0x000001D6FB5AE3C0>, <snowplow_tracker.self_describing_json.SelfDescribingJson object at 0x000001D6F8F09090>, <snowplow_tracker.self_describing_json.SelfDescribingJson object at 0x000001D6FDEA79D0>]}


============================== 18:28:19.274095 | 6898a28a-aedd-4db3-8490-fb6a53e672c7 ==============================
[0m18:28:19.274095 [info ] [MainThread]: Running with dbt=1.12.3
[0m18:28:19.275296 [debug] [MainThread]: running dbt with arguments {'version_check': 'True', 'no_print': 'None', 'static_parser': 'True', 'target_path': 'None', 'maximum_seed_size_mib': '1', 'warn_error_options': 'WarnErrorOptionsV2(error=[], warn=[], silence=[])', 'printer_width': '80', 'write_json': 'True', 'introspect': 'True', 'log_cache_events': 'False', 'empty': 'None', 'cache_selected_only': 'False', 'log_format': 'default', 'debug': 'False', 'fail_fast': 'False', 'profiles_dir': 'C:\\Users\\Dell\\.dbt', 'send_anonymous_usage_stats': 'True', 'quiet': 'False', 'warn_error': 'None', 'partial_parse': 'True', 'use_colors': 'True', 'hints_enabled': 'True', 'invocation_command': 'dbt debug', 'use_experimental_parser': 'False', 'indirect_selection': 'eager', 'log_path': 'D:\\Local Projects\\DBT\\logs'}
[0m18:28:19.314910 [info ] [MainThread]: dbt version: 1.12.3
[0m18:28:19.315738 [info ] [MainThread]: python version: 3.14.4
[0m18:28:19.316803 [info ] [MainThread]: python path: D:\Local Projects\DBT\.dbt_venv\Scripts\python.exe
[0m18:28:19.317926 [info ] [MainThread]: os info: Windows-10-10.0.19045-SP0
[0m18:28:19.536981 [info ] [MainThread]: Using profiles dir at C:\Users\Dell\.dbt
[0m18:28:19.537682 [info ] [MainThread]: Using profiles.yml file at C:\Users\Dell\.dbt\profiles.yml
[0m18:28:19.538338 [info ] [MainThread]: Using dbt_project.yml file at D:\Local Projects\DBT\dbt_project.yml
[0m18:28:19.539100 [info ] [MainThread]: adapter type: sqlserver
[0m18:28:19.539740 [info ] [MainThread]: adapter version: 1.11.1
[0m18:28:19.665120 [info ] [MainThread]: Configuration:
[0m18:28:19.666060 [info ] [MainThread]:   profiles.yml file [[32mOK found and valid[0m]
[0m18:28:19.667057 [info ] [MainThread]:   dbt_project.yml file [[32mOK found and valid[0m]
[0m18:28:19.667927 [info ] [MainThread]: Required dependencies:
[0m18:28:19.668906 [debug] [MainThread]: Executing "git --help"
[0m18:28:19.743001 [debug] [MainThread]: STDOUT: "b"usage: git [-v | --version] [-h | --help] [-C <path>] [-c <name>=<value>]\n           [--exec-path[=<path>]] [--html-path] [--man-path] [--info-path]\n           [-p | --paginate | -P | --no-pager] [--no-replace-objects] [--no-lazy-fetch]\n           [--no-optional-locks] [--no-advice] [--bare] [--git-dir=<path>]\n           [--work-tree=<path>] [--namespace=<name>] [--config-env=<name>=<envvar>]\n           <command> [<args>]\n\nThese are common Git commands used in various situations:\n\nstart a working area (see also: git help tutorial)\n   clone      Clone a repository into a new directory\n   init       Create an empty Git repository or reinitialize an existing one\n\nwork on the current change (see also: git help everyday)\n   add        Add file contents to the index\n   mv         Move or rename a file, a directory, or a symlink\n   restore    Restore working tree files\n   rm         Remove files from the working tree and from the index\n\nexamine the history and state (see also: git help revisions)\n   bisect     Use binary search to find the commit that introduced a bug\n   diff       Show changes between commits, commit and working tree, etc\n   grep       Print lines matching a pattern\n   log        Show commit logs\n   show       Show various types of objects\n   status     Show the working tree status\n\ngrow, mark and tweak your common history\n   backfill   Download missing objects in a partial clone\n   branch     List, create, or delete branches\n   commit     Record changes to the repository\n   history    EXPERIMENTAL: Rewrite history\n   merge      Join two or more development histories together\n   rebase     Reapply commits on top of another base tip\n   reset      Set `HEAD` or the index to a known state\n   switch     Switch branches\n   tag        Create, list, delete or verify tags\n\ncollaborate (see also: git help workflows)\n   fetch      Download objects and refs from another repository\n   pull       Fetch from and integrate with another repository or a local branch\n   push       Update remote refs along with associated objects\n\n'git help -a' and 'git help -g' list available subcommands and some\nconcept guides. See 'git help <command>' or 'git help <concept>'\nto read about a specific subcommand or concept.\nSee 'git help git' for an overview of the system.\n""
[0m18:28:19.743612 [debug] [MainThread]: STDERR: "b''"
[0m18:28:19.744252 [info ] [MainThread]:  - git [[32mOK found[0m]

[0m18:28:19.745440 [info ] [MainThread]: Connection:
[0m18:28:19.746747 [info ] [MainThread]:   driver: ODBC Driver 18 for SQL Server
[0m18:28:19.748070 [info ] [MainThread]:   server: HONEY\SQLEXPRESS
[0m18:28:19.749274 [info ] [MainThread]:   port: 1433
[0m18:28:19.749972 [info ] [MainThread]:   database: sql_local
[0m18:28:19.750727 [info ] [MainThread]:   schema: dbo
[0m18:28:19.751596 [info ] [MainThread]:   UID: dbt_harsh
[0m18:28:19.752457 [info ] [MainThread]:   authentication: sql
[0m18:28:19.753185 [info ] [MainThread]:   windows_login: False
[0m18:28:19.754182 [info ] [MainThread]:   retries: 3
[0m18:28:19.755000 [info ] [MainThread]:   login_timeout: 0
[0m18:28:19.755884 [info ] [MainThread]:   query_timeout: 0
[0m18:28:19.757325 [info ] [MainThread]:   trace_flag: False
[0m18:28:19.759104 [info ] [MainThread]:   encrypt: True
[0m18:28:19.760697 [info ] [MainThread]:   trust_cert: True
[0m18:28:19.761449 [info ] [MainThread]:   backend: pyodbc
[0m18:28:19.762333 [info ] [MainThread]:   xact_abort: True
[0m18:28:19.766340 [info ] [MainThread]: Registered adapter: sqlserver=1.11.1
[0m18:28:20.087858 [warn ] [MainThread]: [[33mWARNING[0m]: When True, uses SQL Server-native string type mappings: STRING -> VARCHAR(MAX), NCHAR -> NCHAR(1), NVARCHAR -> NVARCHAR(4000). When False (default), preserves legacy mappings: STRING and NVARCHAR -> VARCHAR(8000), NCHAR -> CHAR(1). The new behaviour is intended to become the default in a future release.
You may opt into the new behavior sooner by setting `flags.dbt_sqlserver_use_native_string_types` to `True` in `dbt_project.yml`.
Visit https://docs.getdbt.com/reference/global-configs/behavior-changes for more information.
[0m18:28:20.089139 [debug] [MainThread]: Sending event: {'category': 'dbt', 'action': 'BehaviorChangeEvent', 'label': '6898a28a-aedd-4db3-8490-fb6a53e672c7', 'context': [<snowplow_tracker.self_describing_json.SelfDescribingJson object at 0x000001D6FDFCEB10>]}
[0m18:28:20.089802 [warn ] [MainThread]: [[33mWARNING[0m]: When True, dbt transaction hooks (begin/commit) emit real T-SQL BEGIN TRANSACTION / COMMIT TRANSACTION statements. When False (default and legacy), begin/commit are no-ops and each statement is auto-committed by the driver. This means earlier successful statements are not rolled back if a later statement fails. This behavior is intended to become the default in a future release.
You may opt into the new behavior sooner by setting `flags.dbt_sqlserver_use_dbt_transactions` to `True` in `dbt_project.yml`.
Visit https://docs.getdbt.com/reference/global-configs/behavior-changes for more information.
[0m18:28:20.090840 [debug] [MainThread]: Sending event: {'category': 'dbt', 'action': 'BehaviorChangeEvent', 'label': '6898a28a-aedd-4db3-8490-fb6a53e672c7', 'context': [<snowplow_tracker.self_describing_json.SelfDescribingJson object at 0x000001D6FE4879B0>]}
[0m18:28:20.091782 [debug] [MainThread]: Acquiring new sqlserver connection 'debug'
[0m18:28:20.092203 [debug] [MainThread]: Using sqlserver connection "debug"
[0m18:28:20.092559 [debug] [MainThread]: On debug: select 1 as id
[0m18:28:20.092945 [debug] [MainThread]: Opening a new connection, currently in state init
[0m18:28:20.096564 [debug] [MainThread]: sqlserver adapter: Using connection string: DRIVER={ODBC Driver 18 for SQL Server};SERVER=HONEY\SQLEXPRESS;Database=sql_local;UID=***;PWD=***;encrypt=Yes;TrustServerCertificate=Yes;APP=dbt-sqlserver/1.11.1;Pooling=true;SQL_ATTR_TRACE=SQL_OPT_TRACE_OFF;ConnectRetryCount=3;ConnectRetryInterval=10
[0m18:28:20.523797 [debug] [MainThread]: sqlserver adapter: Connected to db: sql_local
[0m18:28:20.526509 [debug] [MainThread]: SQL status: OK in 0.000 seconds
[0m18:28:20.528615 [debug] [MainThread]: On debug: Close
[0m18:28:20.529385 [info ] [MainThread]:   Connection test: [[32mOK connection ok[0m]

[0m18:28:20.530326 [info ] [MainThread]: [32mAll checks passed![0m
[0m18:28:20.532740 [debug] [MainThread]: Command `dbt debug` succeeded at 18:28:20.532350 after 1.47 seconds
[0m18:28:20.533492 [debug] [MainThread]: Connection 'debug' was properly closed.
[0m18:28:20.534151 [debug] [MainThread]: Sending event: {'category': 'dbt', 'action': 'invocation', 'label': 'end', 'context': [<snowplow_tracker.self_describing_json.SelfDescribingJson object at 0x000001D6FE5C8350>, <snowplow_tracker.self_describing_json.SelfDescribingJson object at 0x000001D6FE5C8250>, <snowplow_tracker.self_describing_json.SelfDescribingJson object at 0x000001D6FE4E2120>]}
[0m18:28:20.534860 [debug] [MainThread]: Flushing usage events
[0m18:28:22.097741 [debug] [MainThread]: An error was encountered while trying to flush usage events
[0m18:28:28.311647 [debug] [MainThread]: Sending event: {'category': 'dbt', 'action': 'invocation', 'label': 'start', 'context': [<snowplow_tracker.self_describing_json.SelfDescribingJson object at 0x00000155CCEAE3C0>, <snowplow_tracker.self_describing_json.SelfDescribingJson object at 0x00000155CA800F50>, <snowplow_tracker.self_describing_json.SelfDescribingJson object at 0x00000155CF7FF9D0>]}


============================== 18:28:28.318664 | 8d4669a1-218d-43ef-bfa3-9cd5047b5e53 ==============================
[0m18:28:28.318664 [info ] [MainThread]: Running with dbt=1.12.3
[0m18:28:28.319922 [debug] [MainThread]: running dbt with arguments {'static_parser': 'True', 'no_print': 'None', 'version_check': 'True', 'warn_error_options': 'WarnErrorOptionsV2(error=[], warn=[], silence=[])', 'maximum_seed_size_mib': '1', 'target_path': 'None', 'printer_width': '80', 'write_json': 'True', 'empty': 'False', 'log_cache_events': 'False', 'introspect': 'True', 'cache_selected_only': 'False', 'log_format': 'default', 'debug': 'False', 'fail_fast': 'False', 'partial_parse': 'True', 'send_anonymous_usage_stats': 'True', 'quiet': 'False', 'warn_error': 'None', 'profiles_dir': 'C:\\Users\\Dell\\.dbt', 'invocation_command': 'dbt run --select silver+', 'hints_enabled': 'True', 'use_colors': 'True', 'use_experimental_parser': 'False', 'indirect_selection': 'eager', 'log_path': 'D:\\Local Projects\\DBT\\logs'}
[0m18:28:28.643522 [debug] [MainThread]: Sending event: {'category': 'dbt', 'action': 'project_id', 'label': '8d4669a1-218d-43ef-bfa3-9cd5047b5e53', 'context': [<snowplow_tracker.self_describing_json.SelfDescribingJson object at 0x00000155CF8816E0>]}
[0m18:28:28.744724 [debug] [MainThread]: Sending event: {'category': 'dbt', 'action': 'adapter_info', 'label': '8d4669a1-218d-43ef-bfa3-9cd5047b5e53', 'context': [<snowplow_tracker.self_describing_json.SelfDescribingJson object at 0x00000155CB07DF20>]}
[0m18:28:28.745721 [info ] [MainThread]: Registered adapter: sqlserver=1.11.1
[0m18:28:29.066128 [warn ] [MainThread]: [[33mWARNING[0m]: When True, uses SQL Server-native string type mappings: STRING -> VARCHAR(MAX), NCHAR -> NCHAR(1), NVARCHAR -> NVARCHAR(4000). When False (default), preserves legacy mappings: STRING and NVARCHAR -> VARCHAR(8000), NCHAR -> CHAR(1). The new behaviour is intended to become the default in a future release.
You may opt into the new behavior sooner by setting `flags.dbt_sqlserver_use_native_string_types` to `True` in `dbt_project.yml`.
Visit https://docs.getdbt.com/reference/global-configs/behavior-changes for more information.
[0m18:28:29.067404 [debug] [MainThread]: Sending event: {'category': 'dbt', 'action': 'BehaviorChangeEvent', 'label': '8d4669a1-218d-43ef-bfa3-9cd5047b5e53', 'context': [<snowplow_tracker.self_describing_json.SelfDescribingJson object at 0x00000155CFC22050>]}
[0m18:28:29.067841 [warn ] [MainThread]: [[33mWARNING[0m]: When True, dbt transaction hooks (begin/commit) emit real T-SQL BEGIN TRANSACTION / COMMIT TRANSACTION statements. When False (default and legacy), begin/commit are no-ops and each statement is auto-committed by the driver. This means earlier successful statements are not rolled back if a later statement fails. This behavior is intended to become the default in a future release.
You may opt into the new behavior sooner by setting `flags.dbt_sqlserver_use_dbt_transactions` to `True` in `dbt_project.yml`.
Visit https://docs.getdbt.com/reference/global-configs/behavior-changes for more information.
[0m18:28:29.068961 [debug] [MainThread]: Sending event: {'category': 'dbt', 'action': 'BehaviorChangeEvent', 'label': '8d4669a1-218d-43ef-bfa3-9cd5047b5e53', 'context': [<snowplow_tracker.self_describing_json.SelfDescribingJson object at 0x00000155CFF897C0>]}
[0m18:28:29.081869 [debug] [MainThread]: checksum: 61fa0cb8ebbab08e6306b916b7eee9c1bd2f4ae870aa253f37d5f612939c7047, vars: {}, profile: project_dbt, target: dev, version: 1.12.3
[0m18:28:29.311608 [debug] [MainThread]: Partial parsing enabled: 0 files deleted, 0 files added, 2 files changed.
[0m18:28:29.312167 [debug] [MainThread]: Partial parsing: updated file: project_dbt://project_dbt/models\gold\gold_summary.sql
[0m18:28:29.312844 [debug] [MainThread]: Partial parsing: updated file: project_dbt://project_dbt/models\silver\silver_employee.sql
[0m18:28:29.577575 [warn ] [MainThread]: [[33mWARNING[0m]: When True, uses dbt-core's standard schema concatenation (`target.schema` + `_` + `custom_schema_name`). When False (default), uses legacy adapter behaviour: `custom_schema_name` is used directly without prefixing `target.schema`. For a permanent solution, override the `sqlserver__generate_schema_name` macro in your project instead.
You may opt into the new behavior sooner by setting `flags.dbt_sqlserver_use_default_schema_concat` to `True` in `dbt_project.yml`.
Visit https://docs.getdbt.com/reference/global-configs/behavior-changes for more information.
[0m18:28:29.578959 [debug] [MainThread]: Sending event: {'category': 'dbt', 'action': 'BehaviorChangeEvent', 'label': '8d4669a1-218d-43ef-bfa3-9cd5047b5e53', 'context': [<snowplow_tracker.self_describing_json.SelfDescribingJson object at 0x00000155D0514830>]}
[0m18:28:29.677399 [warn ] [MainThread]: [[33mWARNING[0m]: Configuration paths exist in your dbt_project.yml file which do not apply to any resources.
There are 2 unused configuration paths:
- models.gold
- models.silver
[0m18:28:29.684161 [debug] [MainThread]: Sending event: {'category': 'dbt', 'action': 'load_project', 'label': '8d4669a1-218d-43ef-bfa3-9cd5047b5e53', 'context': [<snowplow_tracker.self_describing_json.SelfDescribingJson object at 0x00000155D0623A00>]}
[0m18:28:29.876060 [debug] [MainThread]: Wrote artifact WritableManifest to D:\Local Projects\DBT\target\manifest.json
[0m18:28:29.883902 [debug] [MainThread]: Wrote artifact SemanticManifest to D:\Local Projects\DBT\target\semantic_manifest.json
[0m18:28:29.940026 [debug] [MainThread]: Wrote artifact OsiDocument to D:\Local Projects\DBT\target\osi_document.json
[0m18:28:29.962898 [debug] [MainThread]: Sending event: {'category': 'dbt', 'action': 'resource_counts', 'label': '8d4669a1-218d-43ef-bfa3-9cd5047b5e53', 'context': [<snowplow_tracker.self_describing_json.SelfDescribingJson object at 0x00000155D055A510>]}
[0m18:28:29.963969 [info ] [MainThread]: Found 6 models, 7 data tests, 4 sources, 556 macros
[0m18:28:29.965046 [debug] [MainThread]: Sending event: {'category': 'dbt', 'action': 'runnable_timing', 'label': '8d4669a1-218d-43ef-bfa3-9cd5047b5e53', 'context': [<snowplow_tracker.self_describing_json.SelfDescribingJson object at 0x00000155D060DE90>]}
[0m18:28:29.968988 [info ] [MainThread]: 
[0m18:28:29.969963 [info ] [MainThread]: Concurrency: 3 threads (target='dev')
[0m18:28:29.971305 [info ] [MainThread]: 
[0m18:28:29.972984 [debug] [MainThread]: Acquiring new sqlserver connection 'master'
[0m18:28:29.988076 [debug] [ThreadPool]: Acquiring new sqlserver connection 'list_sql_local'
[0m18:28:30.042478 [debug] [ThreadPool]: dbt-sqlserver
[0m18:28:30.048877 [debug] [ThreadPool]: Using sqlserver connection "list_sql_local"
[0m18:28:30.049671 [debug] [ThreadPool]: On list_sql_local: /* {"app": "dbt", "dbt_version": "1.12.3", "profile_name": "project_dbt", "target_name": "dev", "connection_name": "list_sql_local"} */
USE [sql_local];
    select  name as [schema]
    from sys.schemas with (nolock) 
    OPTION (LABEL = 'dbt-sqlserver');

  
[0m18:28:30.050561 [debug] [ThreadPool]: Opening a new connection, currently in state init
[0m18:28:30.055766 [debug] [ThreadPool]: sqlserver adapter: Using connection string: DRIVER={ODBC Driver 18 for SQL Server};SERVER=HONEY\SQLEXPRESS;Database=sql_local;UID=***;PWD=***;encrypt=Yes;TrustServerCertificate=Yes;APP=dbt-sqlserver/1.11.1;Pooling=true;SQL_ATTR_TRACE=SQL_OPT_TRACE_OFF;ConnectRetryCount=3;ConnectRetryInterval=10
[0m18:28:30.527668 [debug] [ThreadPool]: sqlserver adapter: Connected to db: sql_local
[0m18:28:30.533698 [debug] [ThreadPool]: SQL status: OK in 0.000 seconds
[0m18:28:30.536853 [debug] [ThreadPool]: On list_sql_local: Close
[0m18:28:30.540622 [debug] [ThreadPool]: Acquiring new sqlserver connection 'list_sql_local_dbo'
[0m18:28:30.550218 [debug] [ThreadPool]: dbt-sqlserver
[0m18:28:30.551106 [debug] [ThreadPool]: Using sqlserver connection "list_sql_local_dbo"
[0m18:28:30.551451 [debug] [ThreadPool]: On list_sql_local_dbo: /* {"app": "dbt", "dbt_version": "1.12.3", "profile_name": "project_dbt", "target_name": "dev", "connection_name": "list_sql_local_dbo"} */
USE [sql_local];
    declare @schema_id int = schema_id('dbo');
    select
      DB_NAME() as [database],
      t.name as [name],
      'dbo' as [schema],
      'table' as table_type
    from sys.tables as t with (nolock)
    where t.schema_id = @schema_id
    union all
    select
      DB_NAME() as [database],
      v.name as [name],
      'dbo' as [schema],
      'view' as table_type
    from sys.views as v with (nolock)
    where v.schema_id = @schema_id
    
    OPTION (LABEL = 'dbt-sqlserver');

  
[0m18:28:30.551830 [debug] [ThreadPool]: Opening a new connection, currently in state init
[0m18:28:30.552192 [debug] [ThreadPool]: sqlserver adapter: Using connection string: DRIVER={ODBC Driver 18 for SQL Server};SERVER=HONEY\SQLEXPRESS;Database=sql_local;UID=***;PWD=***;encrypt=Yes;TrustServerCertificate=Yes;APP=dbt-sqlserver/1.11.1;Pooling=true;SQL_ATTR_TRACE=SQL_OPT_TRACE_OFF;ConnectRetryCount=3;ConnectRetryInterval=10
[0m18:28:30.552645 [debug] [ThreadPool]: sqlserver adapter: Connected to db: sql_local
[0m18:28:30.621918 [debug] [ThreadPool]: SQL status: OK in 0.000 seconds
[0m18:28:30.624975 [debug] [ThreadPool]: On list_sql_local_dbo: ROLLBACK
[0m18:28:30.625825 [debug] [ThreadPool]: On list_sql_local_dbo: Close
[0m18:28:30.628775 [debug] [MainThread]: Sending event: {'category': 'dbt', 'action': 'runnable_timing', 'label': '8d4669a1-218d-43ef-bfa3-9cd5047b5e53', 'context': [<snowplow_tracker.self_describing_json.SelfDescribingJson object at 0x00000155D05E60D0>]}
[0m18:28:30.629636 [debug] [MainThread]: On master: COMMIT
[0m18:28:30.639921 [debug] [Thread-1 (]: Began running node model.project_dbt.silver_employee
[0m18:28:30.640770 [debug] [Thread-2 (]: Began running node model.project_dbt.silver_salary
[0m18:28:30.641771 [info ] [Thread-1 (]: 1 of 3 START sql view model dbo.silver_employee ................................ [RUN]
[0m18:28:30.644319 [debug] [Thread-1 (]: Acquiring new sqlserver connection 'model.project_dbt.silver_employee'
[0m18:28:30.645372 [debug] [Thread-1 (]: Began compiling node model.project_dbt.silver_employee
[0m18:28:30.655041 [debug] [Thread-1 (]: Writing injected SQL for node "model.project_dbt.silver_employee"
[0m18:28:30.642806 [info ] [Thread-2 (]: 2 of 3 START sql view model dbo.silver_salary .................................. [RUN]
[0m18:28:30.656584 [debug] [Thread-2 (]: Acquiring new sqlserver connection 'model.project_dbt.silver_salary'
[0m18:28:30.657097 [debug] [Thread-2 (]: Began compiling node model.project_dbt.silver_salary
[0m18:28:30.659446 [debug] [Thread-2 (]: Writing injected SQL for node "model.project_dbt.silver_salary"
[0m18:28:30.660911 [debug] [Thread-1 (]: Began executing node model.project_dbt.silver_employee
[0m18:28:30.661769 [debug] [Thread-2 (]: Began executing node model.project_dbt.silver_salary
[0m18:28:30.722460 [debug] [Thread-2 (]: Using sqlserver connection "model.project_dbt.silver_salary"
[0m18:28:30.729351 [debug] [Thread-2 (]: On model.project_dbt.silver_salary: /* {"app": "dbt", "dbt_version": "1.12.3", "profile_name": "project_dbt", "target_name": "dev", "node_id": "model.project_dbt.silver_salary"} */

    USE [sql_local];
  select object_definition(object_id(quotename('dbo') + '.' + quotename('silver_salary'), 'V')) as definition
  where object_id(quotename('dbo') + '.' + quotename('silver_salary'), 'V') is not null

  
[0m18:28:30.730399 [debug] [Thread-2 (]: Opening a new connection, currently in state init
[0m18:28:30.730957 [debug] [Thread-2 (]: sqlserver adapter: Using connection string: DRIVER={ODBC Driver 18 for SQL Server};SERVER=HONEY\SQLEXPRESS;Database=sql_local;UID=***;PWD=***;encrypt=Yes;TrustServerCertificate=Yes;APP=dbt-sqlserver/1.11.1;Pooling=true;SQL_ATTR_TRACE=SQL_OPT_TRACE_OFF;ConnectRetryCount=3;ConnectRetryInterval=10
[0m18:28:30.728669 [debug] [Thread-1 (]: Writing runtime sql for node "model.project_dbt.silver_employee"
[0m18:28:30.731651 [debug] [Thread-2 (]: sqlserver adapter: Connected to db: sql_local
[0m18:28:30.732666 [debug] [Thread-1 (]: Using sqlserver connection "model.project_dbt.silver_employee"
[0m18:28:30.733446 [debug] [Thread-1 (]: On model.project_dbt.silver_employee: /* {"app": "dbt", "dbt_version": "1.12.3", "profile_name": "project_dbt", "target_name": "dev", "node_id": "model.project_dbt.silver_employee"} */
USE [sql_local];
    
    

    

    USE [sql_local];
    EXEC('
        CREATE OR ALTER VIEW "dbo"."silver_employee" AS select
    e.employee_id,
    e.first_name,
    e.last_name,
    e.email,
    e.department_id,
    d.department_name,
    e.hire_date
from "bronze"."dbo"."employees_raw" e
left join "bronze"."dbo"."department" d
    on e.department_id = d.department_id;
    ')


[0m18:28:30.734086 [debug] [Thread-1 (]: Opening a new connection, currently in state init
[0m18:28:30.734594 [debug] [Thread-1 (]: sqlserver adapter: Using connection string: DRIVER={ODBC Driver 18 for SQL Server};SERVER=HONEY\SQLEXPRESS;Database=sql_local;UID=***;PWD=***;encrypt=Yes;TrustServerCertificate=Yes;APP=dbt-sqlserver/1.11.1;Pooling=true;SQL_ATTR_TRACE=SQL_OPT_TRACE_OFF;ConnectRetryCount=3;ConnectRetryInterval=10
[0m18:28:30.738720 [debug] [Thread-2 (]: SQL status: OK in 0.000 seconds
[0m18:28:30.740939 [debug] [Thread-2 (]: Writing runtime sql for node "model.project_dbt.silver_salary"
[0m18:28:30.742102 [debug] [Thread-2 (]: Using sqlserver connection "model.project_dbt.silver_salary"
[0m18:28:30.742607 [debug] [Thread-2 (]: On model.project_dbt.silver_salary: /* {"app": "dbt", "dbt_version": "1.12.3", "profile_name": "project_dbt", "target_name": "dev", "node_id": "model.project_dbt.silver_salary"} */
declare @dbt_sqlserver_noop int;
[0m18:28:30.743669 [debug] [Thread-2 (]: SQL status: OK in 0.000 seconds
[0m18:28:30.773932 [debug] [Thread-2 (]: On model.project_dbt.silver_salary: COMMIT
[0m18:28:30.783833 [debug] [Thread-2 (]: Applying DROP to: "sql_local"."dbo"."silver_salary__dbt_backup"
[0m18:28:30.797021 [debug] [Thread-2 (]: dbt-sqlserver
[0m18:28:30.797810 [debug] [Thread-2 (]: Using sqlserver connection "model.project_dbt.silver_salary"
[0m18:28:30.798222 [debug] [Thread-2 (]: On model.project_dbt.silver_salary: /* {"app": "dbt", "dbt_version": "1.12.3", "profile_name": "project_dbt", "target_name": "dev", "node_id": "model.project_dbt.silver_salary"} */

        USE [sql_local];
        select
            sch.name as schema_name,
            obj.name as view_name
        from sys.sql_expression_dependencies refs with (nolock)
        inner join sys.objects obj with (nolock)
        on refs.referencing_id = obj.object_id
        inner join sys.schemas sch with (nolock)
        on obj.schema_id = sch.schema_id
        where refs.referenced_database_name = 'sql_local'
        and refs.referenced_schema_name = 'dbo'
        and refs.referenced_entity_name = 'silver_salary__dbt_backup'
        and obj.type = 'V'
        
    OPTION (LABEL = 'dbt-sqlserver');

      
[0m18:28:30.837119 [debug] [Thread-2 (]: SQL status: OK in 0.000 seconds
[0m18:28:30.838726 [debug] [Thread-2 (]: Using sqlserver connection "model.project_dbt.silver_salary"
[0m18:28:30.839209 [debug] [Thread-2 (]: On model.project_dbt.silver_salary: /* {"app": "dbt", "dbt_version": "1.12.3", "profile_name": "project_dbt", "target_name": "dev", "node_id": "model.project_dbt.silver_salary"} */

      
      
    
    USE [sql_local];
    EXEC('DROP view IF EXISTS "dbo"."silver_salary__dbt_backup";');

[0m18:28:30.840819 [debug] [Thread-2 (]: SQL status: OK in 0.000 seconds
[0m18:28:30.843162 [debug] [Thread-2 (]: On model.project_dbt.silver_salary: Close
[0m18:28:30.845470 [debug] [Thread-2 (]: Sending event: {'category': 'dbt', 'action': 'run_model', 'label': '8d4669a1-218d-43ef-bfa3-9cd5047b5e53', 'context': [<snowplow_tracker.self_describing_json.SelfDescribingJson object at 0x00000155CD3DB450>]}
[0m18:28:30.846181 [info ] [Thread-2 (]: 2 of 3 OK created sql view model dbo.silver_salary ............................. [[32mOK[0m in 0.19s]
[0m18:28:30.846922 [debug] [Thread-2 (]: Finished running node model.project_dbt.silver_salary
[0m18:28:30.970893 [debug] [Thread-1 (]: sqlserver adapter: Connected to db: sql_local
[0m18:28:30.977783 [debug] [Thread-1 (]: SQL status: OK in 0.000 seconds
[0m18:28:30.981517 [debug] [Thread-1 (]: On model.project_dbt.silver_employee: COMMIT
[0m18:28:30.985566 [debug] [Thread-1 (]: Applying DROP to: "sql_local"."dbo"."silver_employee__dbt_backup"
[0m18:28:30.988062 [debug] [Thread-1 (]: dbt-sqlserver
[0m18:28:30.989222 [debug] [Thread-1 (]: Using sqlserver connection "model.project_dbt.silver_employee"
[0m18:28:30.989898 [debug] [Thread-1 (]: On model.project_dbt.silver_employee: /* {"app": "dbt", "dbt_version": "1.12.3", "profile_name": "project_dbt", "target_name": "dev", "node_id": "model.project_dbt.silver_employee"} */

        USE [sql_local];
        select
            sch.name as schema_name,
            obj.name as view_name
        from sys.sql_expression_dependencies refs with (nolock)
        inner join sys.objects obj with (nolock)
        on refs.referencing_id = obj.object_id
        inner join sys.schemas sch with (nolock)
        on obj.schema_id = sch.schema_id
        where refs.referenced_database_name = 'sql_local'
        and refs.referenced_schema_name = 'dbo'
        and refs.referenced_entity_name = 'silver_employee__dbt_backup'
        and obj.type = 'V'
        
    OPTION (LABEL = 'dbt-sqlserver');

      
[0m18:28:31.026195 [debug] [Thread-1 (]: SQL status: OK in 0.000 seconds
[0m18:28:31.030174 [debug] [Thread-1 (]: Using sqlserver connection "model.project_dbt.silver_employee"
[0m18:28:31.031185 [debug] [Thread-1 (]: On model.project_dbt.silver_employee: /* {"app": "dbt", "dbt_version": "1.12.3", "profile_name": "project_dbt", "target_name": "dev", "node_id": "model.project_dbt.silver_employee"} */

      
      
    
    USE [sql_local];
    EXEC('DROP view IF EXISTS "dbo"."silver_employee__dbt_backup";');

[0m18:28:31.033252 [debug] [Thread-1 (]: SQL status: OK in 0.000 seconds
[0m18:28:31.035256 [debug] [Thread-1 (]: On model.project_dbt.silver_employee: Close
[0m18:28:31.035985 [debug] [Thread-1 (]: Sending event: {'category': 'dbt', 'action': 'run_model', 'label': '8d4669a1-218d-43ef-bfa3-9cd5047b5e53', 'context': [<snowplow_tracker.self_describing_json.SelfDescribingJson object at 0x00000155D045FBD0>]}
[0m18:28:31.036732 [info ] [Thread-1 (]: 1 of 3 OK created sql view model dbo.silver_employee ........................... [[32mOK[0m in 0.39s]
[0m18:28:31.038313 [debug] [Thread-1 (]: Finished running node model.project_dbt.silver_employee
[0m18:28:31.039798 [debug] [Thread-3 (]: Began running node model.project_dbt.gold_summary
[0m18:28:31.040488 [info ] [Thread-3 (]: 3 of 3 START sql view model dbo.gold_summary ................................... [RUN]
[0m18:28:31.041969 [debug] [Thread-3 (]: Acquiring new sqlserver connection 'model.project_dbt.gold_summary'
[0m18:28:31.042323 [debug] [Thread-3 (]: Began compiling node model.project_dbt.gold_summary
[0m18:28:31.044340 [debug] [Thread-3 (]: Writing injected SQL for node "model.project_dbt.gold_summary"
[0m18:28:31.046209 [debug] [Thread-3 (]: Began executing node model.project_dbt.gold_summary
[0m18:28:31.052636 [debug] [Thread-3 (]: Writing runtime sql for node "model.project_dbt.gold_summary"
[0m18:28:31.056159 [debug] [Thread-3 (]: Using sqlserver connection "model.project_dbt.gold_summary"
[0m18:28:31.056935 [debug] [Thread-3 (]: On model.project_dbt.gold_summary: /* {"app": "dbt", "dbt_version": "1.12.3", "profile_name": "project_dbt", "target_name": "dev", "node_id": "model.project_dbt.gold_summary"} */
USE [sql_local];
    
    

    

    USE [sql_local];
    EXEC('
        CREATE OR ALTER VIEW "dbo"."gold_summary" AS select
    e.department_id,
    e.department_name,
    count(distinct e.employee_id) as employee_count,
    avg(sal.total_salary) as avg_salary,
    sum(sal.total_salary) as total_salary_cost
from "sql_local"."dbo"."silver_employee" e
left join "sql_local"."dbo"."silver_salary" sal
    on e.employee_id = sal.employee_id
group by
    e.department_id,
    e.department_name;
    ')


[0m18:28:31.057302 [debug] [Thread-3 (]: Opening a new connection, currently in state init
[0m18:28:31.057730 [debug] [Thread-3 (]: sqlserver adapter: Using connection string: DRIVER={ODBC Driver 18 for SQL Server};SERVER=HONEY\SQLEXPRESS;Database=sql_local;UID=***;PWD=***;encrypt=Yes;TrustServerCertificate=Yes;APP=dbt-sqlserver/1.11.1;Pooling=true;SQL_ATTR_TRACE=SQL_OPT_TRACE_OFF;ConnectRetryCount=3;ConnectRetryInterval=10
[0m18:28:31.058118 [debug] [Thread-3 (]: sqlserver adapter: Connected to db: sql_local
[0m18:28:31.063923 [debug] [Thread-3 (]: SQL status: OK in 0.000 seconds
[0m18:28:31.065464 [debug] [Thread-3 (]: On model.project_dbt.gold_summary: COMMIT
[0m18:28:31.067107 [debug] [Thread-3 (]: Applying DROP to: "sql_local"."dbo"."gold_summary__dbt_backup"
[0m18:28:31.068679 [debug] [Thread-3 (]: dbt-sqlserver
[0m18:28:31.069255 [debug] [Thread-3 (]: Using sqlserver connection "model.project_dbt.gold_summary"
[0m18:28:31.069604 [debug] [Thread-3 (]: On model.project_dbt.gold_summary: /* {"app": "dbt", "dbt_version": "1.12.3", "profile_name": "project_dbt", "target_name": "dev", "node_id": "model.project_dbt.gold_summary"} */

        USE [sql_local];
        select
            sch.name as schema_name,
            obj.name as view_name
        from sys.sql_expression_dependencies refs with (nolock)
        inner join sys.objects obj with (nolock)
        on refs.referencing_id = obj.object_id
        inner join sys.schemas sch with (nolock)
        on obj.schema_id = sch.schema_id
        where refs.referenced_database_name = 'sql_local'
        and refs.referenced_schema_name = 'dbo'
        and refs.referenced_entity_name = 'gold_summary__dbt_backup'
        and obj.type = 'V'
        
    OPTION (LABEL = 'dbt-sqlserver');

      
[0m18:28:31.106798 [debug] [Thread-3 (]: SQL status: OK in 0.000 seconds
[0m18:28:31.109814 [debug] [Thread-3 (]: Using sqlserver connection "model.project_dbt.gold_summary"
[0m18:28:31.110364 [debug] [Thread-3 (]: On model.project_dbt.gold_summary: /* {"app": "dbt", "dbt_version": "1.12.3", "profile_name": "project_dbt", "target_name": "dev", "node_id": "model.project_dbt.gold_summary"} */

      
      
    
    USE [sql_local];
    EXEC('DROP view IF EXISTS "dbo"."gold_summary__dbt_backup";');

[0m18:28:31.111912 [debug] [Thread-3 (]: SQL status: OK in 0.000 seconds
[0m18:28:31.113684 [debug] [Thread-3 (]: On model.project_dbt.gold_summary: Close
[0m18:28:31.114357 [debug] [Thread-3 (]: Sending event: {'category': 'dbt', 'action': 'run_model', 'label': '8d4669a1-218d-43ef-bfa3-9cd5047b5e53', 'context': [<snowplow_tracker.self_describing_json.SelfDescribingJson object at 0x00000155D0D0B290>]}
[0m18:28:31.115127 [info ] [Thread-3 (]: 3 of 3 OK created sql view model dbo.gold_summary .............................. [[32mOK[0m in 0.07s]
[0m18:28:31.116438 [debug] [Thread-3 (]: Finished running node model.project_dbt.gold_summary
[0m18:28:31.119315 [debug] [MainThread]: On master: COMMIT
[0m18:28:31.119936 [debug] [MainThread]: Connection 'master' was properly closed.
[0m18:28:31.120288 [debug] [MainThread]: Connection 'list_sql_local' was properly closed.
[0m18:28:31.120631 [debug] [MainThread]: Connection 'list_sql_local_dbo' was properly closed.
[0m18:28:31.120936 [debug] [MainThread]: Connection 'model.project_dbt.silver_employee' was properly closed.
[0m18:28:31.121234 [debug] [MainThread]: Connection 'model.project_dbt.silver_salary' was properly closed.
[0m18:28:31.121544 [debug] [MainThread]: Connection 'model.project_dbt.gold_summary' was properly closed.
[0m18:28:31.121938 [info ] [MainThread]: 
[0m18:28:31.122764 [info ] [MainThread]: Finished running 3 view models in 0 hours 0 minutes and 1.15 seconds (1.15s).
[0m18:28:31.125361 [debug] [MainThread]: Command end result
[0m18:28:31.166987 [debug] [MainThread]: Wrote artifact WritableManifest to D:\Local Projects\DBT\target\manifest.json
[0m18:28:31.173213 [debug] [MainThread]: Wrote artifact SemanticManifest to D:\Local Projects\DBT\target\semantic_manifest.json
[0m18:28:31.177015 [debug] [MainThread]: Wrote artifact OsiDocument to D:\Local Projects\DBT\target\osi_document.json
[0m18:28:31.185250 [debug] [MainThread]: Wrote artifact RunExecutionResult to D:\Local Projects\DBT\target\run_results.json
[0m18:28:31.185992 [info ] [MainThread]: 
[0m18:28:31.186987 [info ] [MainThread]: [32mCompleted successfully[0m
[0m18:28:31.188118 [info ] [MainThread]: 
[0m18:28:31.189344 [info ] [MainThread]: Done. PASS=3 WARN=0 ERROR=0 SKIP=0 NO-OP=0 REUSED=0 TOTAL=3
[0m18:28:31.191916 [debug] [MainThread]: Command `dbt run` succeeded at 18:28:31.191671 after 3.07 seconds
[0m18:28:31.192457 [debug] [MainThread]: Sending event: {'category': 'dbt', 'action': 'invocation', 'label': 'end', 'context': [<snowplow_tracker.self_describing_json.SelfDescribingJson object at 0x00000155D0D0BB30>, <snowplow_tracker.self_describing_json.SelfDescribingJson object at 0x00000155CB122D50>, <snowplow_tracker.self_describing_json.SelfDescribingJson object at 0x00000155D0D4ED50>]}
[0m18:28:31.192797 [debug] [MainThread]: Flushing usage events
[0m18:28:33.038383 [debug] [MainThread]: An error was encountered while trying to flush usage events
[0m18:46:35.377874 [debug] [MainThread]: Sending event: {'category': 'dbt', 'action': 'invocation', 'label': 'start', 'context': [<snowplow_tracker.self_describing_json.SelfDescribingJson object at 0x000001FBE809E3C0>, <snowplow_tracker.self_describing_json.SelfDescribingJson object at 0x000001FBE5A00F50>, <snowplow_tracker.self_describing_json.SelfDescribingJson object at 0x000001FBEA9EF9D0>]}


============================== 18:46:35.384908 | 94e2f396-e3b4-4feb-92ce-522f7a8275e1 ==============================
[0m18:46:35.384908 [info ] [MainThread]: Running with dbt=1.12.3
[0m18:46:35.386120 [debug] [MainThread]: running dbt with arguments {'version_check': 'True', 'no_print': 'None', 'maximum_seed_size_mib': '1', 'warn_error_options': 'WarnErrorOptionsV2(error=[], warn=[], silence=[])', 'static_parser': 'True', 'target_path': 'None', 'printer_width': '80', 'write_json': 'True', 'introspect': 'True', 'log_cache_events': 'False', 'empty': 'False', 'cache_selected_only': 'False', 'fail_fast': 'False', 'debug': 'False', 'log_format': 'default', 'partial_parse': 'True', 'send_anonymous_usage_stats': 'True', 'quiet': 'False', 'warn_error': 'None', 'profiles_dir': 'C:\\Users\\Dell\\.dbt', 'invocation_command': 'dbt run --select path:models/silver', 'hints_enabled': 'True', 'use_colors': 'True', 'use_experimental_parser': 'False', 'indirect_selection': 'eager', 'log_path': 'D:\\Local Projects\\DBT\\logs'}
[0m18:46:38.523101 [debug] [MainThread]: Sending event: {'category': 'dbt', 'action': 'project_id', 'label': '94e2f396-e3b4-4feb-92ce-522f7a8275e1', 'context': [<snowplow_tracker.self_describing_json.SelfDescribingJson object at 0x000001FBEAA716E0>]}
[0m18:46:38.595773 [debug] [MainThread]: Sending event: {'category': 'dbt', 'action': 'adapter_info', 'label': '94e2f396-e3b4-4feb-92ce-522f7a8275e1', 'context': [<snowplow_tracker.self_describing_json.SelfDescribingJson object at 0x000001FBE627DF20>]}
[0m18:46:38.596718 [info ] [MainThread]: Registered adapter: sqlserver=1.11.1
[0m18:46:39.138837 [warn ] [MainThread]: [[33mWARNING[0m]: When True, uses SQL Server-native string type mappings: STRING -> VARCHAR(MAX), NCHAR -> NCHAR(1), NVARCHAR -> NVARCHAR(4000). When False (default), preserves legacy mappings: STRING and NVARCHAR -> VARCHAR(8000), NCHAR -> CHAR(1). The new behaviour is intended to become the default in a future release.
You may opt into the new behavior sooner by setting `flags.dbt_sqlserver_use_native_string_types` to `True` in `dbt_project.yml`.
Visit https://docs.getdbt.com/reference/global-configs/behavior-changes for more information.
[0m18:46:39.140943 [debug] [MainThread]: Sending event: {'category': 'dbt', 'action': 'BehaviorChangeEvent', 'label': '94e2f396-e3b4-4feb-92ce-522f7a8275e1', 'context': [<snowplow_tracker.self_describing_json.SelfDescribingJson object at 0x000001FBEADBA050>]}
[0m18:46:39.141631 [warn ] [MainThread]: [[33mWARNING[0m]: When True, dbt transaction hooks (begin/commit) emit real T-SQL BEGIN TRANSACTION / COMMIT TRANSACTION statements. When False (default and legacy), begin/commit are no-ops and each statement is auto-committed by the driver. This means earlier successful statements are not rolled back if a later statement fails. This behavior is intended to become the default in a future release.
You may opt into the new behavior sooner by setting `flags.dbt_sqlserver_use_dbt_transactions` to `True` in `dbt_project.yml`.
Visit https://docs.getdbt.com/reference/global-configs/behavior-changes for more information.
[0m18:46:39.142865 [debug] [MainThread]: Sending event: {'category': 'dbt', 'action': 'BehaviorChangeEvent', 'label': '94e2f396-e3b4-4feb-92ce-522f7a8275e1', 'context': [<snowplow_tracker.self_describing_json.SelfDescribingJson object at 0x000001FBEB1197C0>]}
[0m18:46:39.161612 [debug] [MainThread]: checksum: 61fa0cb8ebbab08e6306b916b7eee9c1bd2f4ae870aa253f37d5f612939c7047, vars: {}, profile: project_dbt, target: dev, version: 1.12.3
[0m18:46:40.541107 [debug] [MainThread]: Partial parsing enabled: 0 files deleted, 0 files added, 0 files changed.
[0m18:46:40.541496 [debug] [MainThread]: Nothing changed, skipping partial parsing.
[0m18:46:40.541744 [debug] [MainThread]: Partial parsing enabled, no changes found, skipping parsing
[0m18:46:40.547833 [warn ] [MainThread]: [[33mWARNING[0m]: Configuration paths exist in your dbt_project.yml file which do not apply to any resources.
There are 2 unused configuration paths:
- models.gold
- models.silver
[0m18:46:40.554474 [debug] [MainThread]: Sending event: {'category': 'dbt', 'action': 'load_project', 'label': '94e2f396-e3b4-4feb-92ce-522f7a8275e1', 'context': [<snowplow_tracker.self_describing_json.SelfDescribingJson object at 0x000001FBEB56B310>]}
[0m18:46:40.772059 [debug] [MainThread]: Wrote artifact WritableManifest to D:\Local Projects\DBT\target\manifest.json
[0m18:46:40.821071 [debug] [MainThread]: Wrote artifact SemanticManifest to D:\Local Projects\DBT\target\semantic_manifest.json
[0m18:46:40.873102 [debug] [MainThread]: Wrote artifact OsiDocument to D:\Local Projects\DBT\target\osi_document.json
[0m18:46:40.895128 [debug] [MainThread]: Sending event: {'category': 'dbt', 'action': 'resource_counts', 'label': '94e2f396-e3b4-4feb-92ce-522f7a8275e1', 'context': [<snowplow_tracker.self_describing_json.SelfDescribingJson object at 0x000001FBEB3C7790>]}
[0m18:46:40.895858 [info ] [MainThread]: Found 6 models, 7 data tests, 4 sources, 556 macros
[0m18:46:40.896608 [debug] [MainThread]: Sending event: {'category': 'dbt', 'action': 'runnable_timing', 'label': '94e2f396-e3b4-4feb-92ce-522f7a8275e1', 'context': [<snowplow_tracker.self_describing_json.SelfDescribingJson object at 0x000001FBEB5D5A90>]}
[0m18:46:40.898012 [warn ] [MainThread]: [[33mWARNING[0m]: The selection criterion 'path:models/silver' does not match any enabled nodes
[0m18:46:40.900287 [warn ] [MainThread]: [[33mWARNING[0m]: Nothing to do. Try checking your model configs and model specification args
[0m18:46:40.903271 [debug] [MainThread]: Command end result
[0m18:46:40.948785 [debug] [MainThread]: Wrote artifact WritableManifest to D:\Local Projects\DBT\target\manifest.json
[0m18:46:40.956349 [debug] [MainThread]: Wrote artifact SemanticManifest to D:\Local Projects\DBT\target\semantic_manifest.json
[0m18:46:40.960809 [debug] [MainThread]: Wrote artifact OsiDocument to D:\Local Projects\DBT\target\osi_document.json
[0m18:46:40.964945 [debug] [MainThread]: Wrote artifact RunExecutionResult to D:\Local Projects\DBT\target\run_results.json
[0m18:46:40.966306 [debug] [MainThread]: Command `dbt run` succeeded at 18:46:40.966047 after 5.90 seconds
[0m18:46:40.966923 [debug] [MainThread]: Sending event: {'category': 'dbt', 'action': 'invocation', 'label': 'end', 'context': [<snowplow_tracker.self_describing_json.SelfDescribingJson object at 0x000001FBEB657120>, <snowplow_tracker.self_describing_json.SelfDescribingJson object at 0x000001FBEA99CD70>, <snowplow_tracker.self_describing_json.SelfDescribingJson object at 0x000001FBEB63C910>]}
[0m18:46:40.967433 [debug] [MainThread]: Flushing usage events
[0m18:46:42.603948 [debug] [MainThread]: An error was encountered while trying to flush usage events
[0m18:47:07.046453 [debug] [MainThread]: Sending event: {'category': 'dbt', 'action': 'invocation', 'label': 'start', 'context': [<snowplow_tracker.self_describing_json.SelfDescribingJson object at 0x000001F36C76E3C0>, <snowplow_tracker.self_describing_json.SelfDescribingJson object at 0x000001F36A0C9090>, <snowplow_tracker.self_describing_json.SelfDescribingJson object at 0x000001F36F0BF9D0>]}


============================== 18:47:07.052952 | 8a78a25c-5bdb-4cd1-9db3-da0254ec1150 ==============================
[0m18:47:07.052952 [info ] [MainThread]: Running with dbt=1.12.3
[0m18:47:07.054309 [debug] [MainThread]: running dbt with arguments {'static_parser': 'True', 'no_print': 'None', 'version_check': 'True', 'warn_error_options': 'WarnErrorOptionsV2(error=[], warn=[], silence=[])', 'maximum_seed_size_mib': '1', 'target_path': 'None', 'printer_width': '80', 'write_json': 'True', 'empty': 'False', 'log_cache_events': 'False', 'introspect': 'True', 'cache_selected_only': 'False', 'log_format': 'default', 'debug': 'False', 'fail_fast': 'False', 'profiles_dir': 'C:\\Users\\Dell\\.dbt', 'send_anonymous_usage_stats': 'True', 'quiet': 'False', 'warn_error': 'None', 'partial_parse': 'True', 'indirect_selection': 'eager', 'hints_enabled': 'True', 'use_colors': 'True', 'use_experimental_parser': 'False', 'invocation_command': 'dbt run --select silver', 'log_path': 'D:\\Local Projects\\DBT\\logs'}
[0m18:47:07.390496 [debug] [MainThread]: Sending event: {'category': 'dbt', 'action': 'project_id', 'label': '8a78a25c-5bdb-4cd1-9db3-da0254ec1150', 'context': [<snowplow_tracker.self_describing_json.SelfDescribingJson object at 0x000001F36F1416E0>]}
[0m18:47:07.465952 [debug] [MainThread]: Sending event: {'category': 'dbt', 'action': 'adapter_info', 'label': '8a78a25c-5bdb-4cd1-9db3-da0254ec1150', 'context': [<snowplow_tracker.self_describing_json.SelfDescribingJson object at 0x000001F36A94DF20>]}
[0m18:47:07.466828 [info ] [MainThread]: Registered adapter: sqlserver=1.11.1
[0m18:47:07.762030 [warn ] [MainThread]: [[33mWARNING[0m]: When True, uses SQL Server-native string type mappings: STRING -> VARCHAR(MAX), NCHAR -> NCHAR(1), NVARCHAR -> NVARCHAR(4000). When False (default), preserves legacy mappings: STRING and NVARCHAR -> VARCHAR(8000), NCHAR -> CHAR(1). The new behaviour is intended to become the default in a future release.
You may opt into the new behavior sooner by setting `flags.dbt_sqlserver_use_native_string_types` to `True` in `dbt_project.yml`.
Visit https://docs.getdbt.com/reference/global-configs/behavior-changes for more information.
[0m18:47:07.763352 [debug] [MainThread]: Sending event: {'category': 'dbt', 'action': 'BehaviorChangeEvent', 'label': '8a78a25c-5bdb-4cd1-9db3-da0254ec1150', 'context': [<snowplow_tracker.self_describing_json.SelfDescribingJson object at 0x000001F36F452050>]}
[0m18:47:07.763877 [warn ] [MainThread]: [[33mWARNING[0m]: When True, dbt transaction hooks (begin/commit) emit real T-SQL BEGIN TRANSACTION / COMMIT TRANSACTION statements. When False (default and legacy), begin/commit are no-ops and each statement is auto-committed by the driver. This means earlier successful statements are not rolled back if a later statement fails. This behavior is intended to become the default in a future release.
You may opt into the new behavior sooner by setting `flags.dbt_sqlserver_use_dbt_transactions` to `True` in `dbt_project.yml`.
Visit https://docs.getdbt.com/reference/global-configs/behavior-changes for more information.
[0m18:47:07.764969 [debug] [MainThread]: Sending event: {'category': 'dbt', 'action': 'BehaviorChangeEvent', 'label': '8a78a25c-5bdb-4cd1-9db3-da0254ec1150', 'context': [<snowplow_tracker.self_describing_json.SelfDescribingJson object at 0x000001F36F7B97C0>]}
[0m18:47:07.779377 [debug] [MainThread]: checksum: 61fa0cb8ebbab08e6306b916b7eee9c1bd2f4ae870aa253f37d5f612939c7047, vars: {}, profile: project_dbt, target: dev, version: 1.12.3
[0m18:47:07.996716 [debug] [MainThread]: Partial parsing enabled: 0 files deleted, 0 files added, 0 files changed.
[0m18:47:07.997229 [debug] [MainThread]: Nothing changed, skipping partial parsing.
[0m18:47:07.997471 [debug] [MainThread]: Partial parsing enabled, no changes found, skipping parsing
[0m18:47:08.003620 [warn ] [MainThread]: [[33mWARNING[0m]: Configuration paths exist in your dbt_project.yml file which do not apply to any resources.
There are 2 unused configuration paths:
- models.gold
- models.silver
[0m18:47:08.008712 [debug] [MainThread]: Sending event: {'category': 'dbt', 'action': 'load_project', 'label': '8a78a25c-5bdb-4cd1-9db3-da0254ec1150', 'context': [<snowplow_tracker.self_describing_json.SelfDescribingJson object at 0x000001F36FC07310>]}
[0m18:47:08.214741 [debug] [MainThread]: Wrote artifact WritableManifest to D:\Local Projects\DBT\target\manifest.json
[0m18:47:08.219932 [debug] [MainThread]: Wrote artifact SemanticManifest to D:\Local Projects\DBT\target\semantic_manifest.json
[0m18:47:08.269587 [debug] [MainThread]: Wrote artifact OsiDocument to D:\Local Projects\DBT\target\osi_document.json
[0m18:47:08.291171 [debug] [MainThread]: Sending event: {'category': 'dbt', 'action': 'resource_counts', 'label': '8a78a25c-5bdb-4cd1-9db3-da0254ec1150', 'context': [<snowplow_tracker.self_describing_json.SelfDescribingJson object at 0x000001F36FA67790>]}
[0m18:47:08.291793 [info ] [MainThread]: Found 6 models, 7 data tests, 4 sources, 556 macros
[0m18:47:08.292772 [debug] [MainThread]: Sending event: {'category': 'dbt', 'action': 'runnable_timing', 'label': '8a78a25c-5bdb-4cd1-9db3-da0254ec1150', 'context': [<snowplow_tracker.self_describing_json.SelfDescribingJson object at 0x000001F36FC79A90>]}
[0m18:47:08.294803 [info ] [MainThread]: 
[0m18:47:08.295722 [info ] [MainThread]: Concurrency: 3 threads (target='dev')
[0m18:47:08.296595 [info ] [MainThread]: 
[0m18:47:08.297963 [debug] [MainThread]: Acquiring new sqlserver connection 'master'
[0m18:47:08.307188 [debug] [ThreadPool]: Acquiring new sqlserver connection 'list_sql_local'
[0m18:47:08.334912 [debug] [ThreadPool]: dbt-sqlserver
[0m18:47:08.337691 [debug] [ThreadPool]: Using sqlserver connection "list_sql_local"
[0m18:47:08.338005 [debug] [ThreadPool]: On list_sql_local: /* {"app": "dbt", "dbt_version": "1.12.3", "profile_name": "project_dbt", "target_name": "dev", "connection_name": "list_sql_local"} */
USE [sql_local];
    select  name as [schema]
    from sys.schemas with (nolock) 
    OPTION (LABEL = 'dbt-sqlserver');

  
[0m18:47:08.338270 [debug] [ThreadPool]: Opening a new connection, currently in state init
[0m18:47:08.371497 [debug] [ThreadPool]: sqlserver adapter: Using connection string: DRIVER={ODBC Driver 18 for SQL Server};SERVER=HONEY\SQLEXPRESS;Database=sql_local;UID=***;PWD=***;encrypt=Yes;TrustServerCertificate=Yes;APP=dbt-sqlserver/1.11.1;Pooling=true;SQL_ATTR_TRACE=SQL_OPT_TRACE_OFF;ConnectRetryCount=3;ConnectRetryInterval=10
[0m18:47:08.708844 [debug] [ThreadPool]: sqlserver adapter: Connected to db: sql_local
[0m18:47:08.713395 [debug] [ThreadPool]: SQL status: OK in 0.000 seconds
[0m18:47:08.715333 [debug] [ThreadPool]: On list_sql_local: Close
[0m18:47:08.718319 [debug] [ThreadPool]: Acquiring new sqlserver connection 'list_sql_local_dbo'
[0m18:47:08.726284 [debug] [ThreadPool]: dbt-sqlserver
[0m18:47:08.726927 [debug] [ThreadPool]: Using sqlserver connection "list_sql_local_dbo"
[0m18:47:08.727233 [debug] [ThreadPool]: On list_sql_local_dbo: /* {"app": "dbt", "dbt_version": "1.12.3", "profile_name": "project_dbt", "target_name": "dev", "connection_name": "list_sql_local_dbo"} */
USE [sql_local];
    declare @schema_id int = schema_id('dbo');
    select
      DB_NAME() as [database],
      t.name as [name],
      'dbo' as [schema],
      'table' as table_type
    from sys.tables as t with (nolock)
    where t.schema_id = @schema_id
    union all
    select
      DB_NAME() as [database],
      v.name as [name],
      'dbo' as [schema],
      'view' as table_type
    from sys.views as v with (nolock)
    where v.schema_id = @schema_id
    
    OPTION (LABEL = 'dbt-sqlserver');

  
[0m18:47:08.727502 [debug] [ThreadPool]: Opening a new connection, currently in state init
[0m18:47:08.727854 [debug] [ThreadPool]: sqlserver adapter: Using connection string: DRIVER={ODBC Driver 18 for SQL Server};SERVER=HONEY\SQLEXPRESS;Database=sql_local;UID=***;PWD=***;encrypt=Yes;TrustServerCertificate=Yes;APP=dbt-sqlserver/1.11.1;Pooling=true;SQL_ATTR_TRACE=SQL_OPT_TRACE_OFF;ConnectRetryCount=3;ConnectRetryInterval=10
[0m18:47:08.728214 [debug] [ThreadPool]: sqlserver adapter: Connected to db: sql_local
[0m18:47:08.811038 [debug] [ThreadPool]: SQL status: OK in 0.000 seconds
[0m18:47:08.814138 [debug] [ThreadPool]: On list_sql_local_dbo: ROLLBACK
[0m18:47:08.814723 [debug] [ThreadPool]: On list_sql_local_dbo: Close
[0m18:47:08.817011 [debug] [MainThread]: Sending event: {'category': 'dbt', 'action': 'runnable_timing', 'label': '8a78a25c-5bdb-4cd1-9db3-da0254ec1150', 'context': [<snowplow_tracker.self_describing_json.SelfDescribingJson object at 0x000001F36A34FCD0>]}
[0m18:47:08.817648 [debug] [MainThread]: On master: COMMIT
[0m18:47:08.830056 [debug] [Thread-1 (]: Began running node model.project_dbt.silver_employee
[0m18:47:08.830754 [debug] [Thread-2 (]: Began running node model.project_dbt.silver_salary
[0m18:47:08.831497 [info ] [Thread-1 (]: 1 of 2 START sql view model dbo.silver_employee ................................ [RUN]
[0m18:47:08.833815 [debug] [Thread-1 (]: Acquiring new sqlserver connection 'model.project_dbt.silver_employee'
[0m18:47:08.834177 [debug] [Thread-1 (]: Began compiling node model.project_dbt.silver_employee
[0m18:47:08.840287 [debug] [Thread-1 (]: Writing injected SQL for node "model.project_dbt.silver_employee"
[0m18:47:08.832706 [info ] [Thread-2 (]: 2 of 2 START sql view model dbo.silver_salary .................................. [RUN]
[0m18:47:08.841682 [debug] [Thread-2 (]: Acquiring new sqlserver connection 'model.project_dbt.silver_salary'
[0m18:47:08.843117 [debug] [Thread-2 (]: Began compiling node model.project_dbt.silver_salary
[0m18:47:08.846614 [debug] [Thread-2 (]: Writing injected SQL for node "model.project_dbt.silver_salary"
[0m18:47:08.847499 [debug] [Thread-1 (]: Began executing node model.project_dbt.silver_employee
[0m18:47:08.892251 [debug] [Thread-2 (]: Began executing node model.project_dbt.silver_salary
[0m18:47:08.899865 [debug] [Thread-2 (]: Using sqlserver connection "model.project_dbt.silver_salary"
[0m18:47:08.896599 [debug] [Thread-1 (]: Using sqlserver connection "model.project_dbt.silver_employee"
[0m18:47:08.901009 [debug] [Thread-1 (]: On model.project_dbt.silver_employee: /* {"app": "dbt", "dbt_version": "1.12.3", "profile_name": "project_dbt", "target_name": "dev", "node_id": "model.project_dbt.silver_employee"} */

    USE [sql_local];
  select object_definition(object_id(quotename('dbo') + '.' + quotename('silver_employee'), 'V')) as definition
  where object_id(quotename('dbo') + '.' + quotename('silver_employee'), 'V') is not null

  
[0m18:47:08.901364 [debug] [Thread-1 (]: Opening a new connection, currently in state init
[0m18:47:08.901769 [debug] [Thread-1 (]: sqlserver adapter: Using connection string: DRIVER={ODBC Driver 18 for SQL Server};SERVER=HONEY\SQLEXPRESS;Database=sql_local;UID=***;PWD=***;encrypt=Yes;TrustServerCertificate=Yes;APP=dbt-sqlserver/1.11.1;Pooling=true;SQL_ATTR_TRACE=SQL_OPT_TRACE_OFF;ConnectRetryCount=3;ConnectRetryInterval=10
[0m18:47:08.900437 [debug] [Thread-2 (]: On model.project_dbt.silver_salary: /* {"app": "dbt", "dbt_version": "1.12.3", "profile_name": "project_dbt", "target_name": "dev", "node_id": "model.project_dbt.silver_salary"} */

    USE [sql_local];
  select object_definition(object_id(quotename('dbo') + '.' + quotename('silver_salary'), 'V')) as definition
  where object_id(quotename('dbo') + '.' + quotename('silver_salary'), 'V') is not null

  
[0m18:47:08.902165 [debug] [Thread-2 (]: Opening a new connection, currently in state init
[0m18:47:08.902715 [debug] [Thread-2 (]: sqlserver adapter: Using connection string: DRIVER={ODBC Driver 18 for SQL Server};SERVER=HONEY\SQLEXPRESS;Database=sql_local;UID=***;PWD=***;encrypt=Yes;TrustServerCertificate=Yes;APP=dbt-sqlserver/1.11.1;Pooling=true;SQL_ATTR_TRACE=SQL_OPT_TRACE_OFF;ConnectRetryCount=3;ConnectRetryInterval=10
[0m18:47:08.903584 [debug] [Thread-2 (]: sqlserver adapter: Connected to db: sql_local
[0m18:47:08.909944 [debug] [Thread-2 (]: SQL status: OK in 0.000 seconds
[0m18:47:08.918840 [debug] [Thread-2 (]: Writing runtime sql for node "model.project_dbt.silver_salary"
[0m18:47:08.920007 [debug] [Thread-2 (]: Using sqlserver connection "model.project_dbt.silver_salary"
[0m18:47:08.920441 [debug] [Thread-2 (]: On model.project_dbt.silver_salary: /* {"app": "dbt", "dbt_version": "1.12.3", "profile_name": "project_dbt", "target_name": "dev", "node_id": "model.project_dbt.silver_salary"} */
declare @dbt_sqlserver_noop int;
[0m18:47:08.921659 [debug] [Thread-2 (]: SQL status: OK in 0.000 seconds
[0m18:47:08.945056 [debug] [Thread-2 (]: On model.project_dbt.silver_salary: COMMIT
[0m18:47:08.950725 [debug] [Thread-2 (]: Applying DROP to: "sql_local"."dbo"."silver_salary__dbt_backup"
[0m18:47:08.958496 [debug] [Thread-2 (]: dbt-sqlserver
[0m18:47:08.959409 [debug] [Thread-2 (]: Using sqlserver connection "model.project_dbt.silver_salary"
[0m18:47:08.959757 [debug] [Thread-2 (]: On model.project_dbt.silver_salary: /* {"app": "dbt", "dbt_version": "1.12.3", "profile_name": "project_dbt", "target_name": "dev", "node_id": "model.project_dbt.silver_salary"} */

        USE [sql_local];
        select
            sch.name as schema_name,
            obj.name as view_name
        from sys.sql_expression_dependencies refs with (nolock)
        inner join sys.objects obj with (nolock)
        on refs.referencing_id = obj.object_id
        inner join sys.schemas sch with (nolock)
        on obj.schema_id = sch.schema_id
        where refs.referenced_database_name = 'sql_local'
        and refs.referenced_schema_name = 'dbo'
        and refs.referenced_entity_name = 'silver_salary__dbt_backup'
        and obj.type = 'V'
        
    OPTION (LABEL = 'dbt-sqlserver');

      
[0m18:47:08.990328 [debug] [Thread-2 (]: SQL status: OK in 0.000 seconds
[0m18:47:08.992484 [debug] [Thread-2 (]: Using sqlserver connection "model.project_dbt.silver_salary"
[0m18:47:08.993068 [debug] [Thread-2 (]: On model.project_dbt.silver_salary: /* {"app": "dbt", "dbt_version": "1.12.3", "profile_name": "project_dbt", "target_name": "dev", "node_id": "model.project_dbt.silver_salary"} */

      
      
    
    USE [sql_local];
    EXEC('DROP view IF EXISTS "dbo"."silver_salary__dbt_backup";');

[0m18:47:08.994390 [debug] [Thread-2 (]: SQL status: OK in 0.000 seconds
[0m18:47:08.996854 [debug] [Thread-2 (]: On model.project_dbt.silver_salary: Close
[0m18:47:08.999662 [debug] [Thread-2 (]: Sending event: {'category': 'dbt', 'action': 'run_model', 'label': '8a78a25c-5bdb-4cd1-9db3-da0254ec1150', 'context': [<snowplow_tracker.self_describing_json.SelfDescribingJson object at 0x000001F36FD76990>]}
[0m18:47:09.000461 [info ] [Thread-2 (]: 2 of 2 OK created sql view model dbo.silver_salary ............................. [[32mOK[0m in 0.16s]
[0m18:47:09.001675 [debug] [Thread-2 (]: Finished running node model.project_dbt.silver_salary
[0m18:47:09.146841 [debug] [Thread-1 (]: sqlserver adapter: Connected to db: sql_local
[0m18:47:09.150736 [debug] [Thread-1 (]: SQL status: OK in 0.000 seconds
[0m18:47:09.153131 [debug] [Thread-1 (]: Writing runtime sql for node "model.project_dbt.silver_employee"
[0m18:47:09.154211 [debug] [Thread-1 (]: Using sqlserver connection "model.project_dbt.silver_employee"
[0m18:47:09.154726 [debug] [Thread-1 (]: On model.project_dbt.silver_employee: /* {"app": "dbt", "dbt_version": "1.12.3", "profile_name": "project_dbt", "target_name": "dev", "node_id": "model.project_dbt.silver_employee"} */
declare @dbt_sqlserver_noop int;
[0m18:47:09.155962 [debug] [Thread-1 (]: SQL status: OK in 0.000 seconds
[0m18:47:09.157587 [debug] [Thread-1 (]: On model.project_dbt.silver_employee: COMMIT
[0m18:47:09.159181 [debug] [Thread-1 (]: Applying DROP to: "sql_local"."dbo"."silver_employee__dbt_backup"
[0m18:47:09.160839 [debug] [Thread-1 (]: dbt-sqlserver
[0m18:47:09.161456 [debug] [Thread-1 (]: Using sqlserver connection "model.project_dbt.silver_employee"
[0m18:47:09.161791 [debug] [Thread-1 (]: On model.project_dbt.silver_employee: /* {"app": "dbt", "dbt_version": "1.12.3", "profile_name": "project_dbt", "target_name": "dev", "node_id": "model.project_dbt.silver_employee"} */

        USE [sql_local];
        select
            sch.name as schema_name,
            obj.name as view_name
        from sys.sql_expression_dependencies refs with (nolock)
        inner join sys.objects obj with (nolock)
        on refs.referencing_id = obj.object_id
        inner join sys.schemas sch with (nolock)
        on obj.schema_id = sch.schema_id
        where refs.referenced_database_name = 'sql_local'
        and refs.referenced_schema_name = 'dbo'
        and refs.referenced_entity_name = 'silver_employee__dbt_backup'
        and obj.type = 'V'
        
    OPTION (LABEL = 'dbt-sqlserver');

      
[0m18:47:09.191022 [debug] [Thread-1 (]: SQL status: OK in 0.000 seconds
[0m18:47:09.194978 [debug] [Thread-1 (]: Using sqlserver connection "model.project_dbt.silver_employee"
[0m18:47:09.195488 [debug] [Thread-1 (]: On model.project_dbt.silver_employee: /* {"app": "dbt", "dbt_version": "1.12.3", "profile_name": "project_dbt", "target_name": "dev", "node_id": "model.project_dbt.silver_employee"} */

      
      
    
    USE [sql_local];
    EXEC('DROP view IF EXISTS "dbo"."silver_employee__dbt_backup";');

[0m18:47:09.196818 [debug] [Thread-1 (]: SQL status: OK in 0.000 seconds
[0m18:47:09.198210 [debug] [Thread-1 (]: On model.project_dbt.silver_employee: Close
[0m18:47:09.198734 [debug] [Thread-1 (]: Sending event: {'category': 'dbt', 'action': 'run_model', 'label': '8a78a25c-5bdb-4cd1-9db3-da0254ec1150', 'context': [<snowplow_tracker.self_describing_json.SelfDescribingJson object at 0x000001F36F9AE350>]}
[0m18:47:09.199252 [info ] [Thread-1 (]: 1 of 2 OK created sql view model dbo.silver_employee ........................... [[32mOK[0m in 0.37s]
[0m18:47:09.200518 [debug] [Thread-1 (]: Finished running node model.project_dbt.silver_employee
[0m18:47:09.202992 [debug] [MainThread]: On master: COMMIT
[0m18:47:09.203550 [debug] [MainThread]: Connection 'master' was properly closed.
[0m18:47:09.203904 [debug] [MainThread]: Connection 'list_sql_local' was properly closed.
[0m18:47:09.204223 [debug] [MainThread]: Connection 'list_sql_local_dbo' was properly closed.
[0m18:47:09.204542 [debug] [MainThread]: Connection 'model.project_dbt.silver_employee' was properly closed.
[0m18:47:09.204844 [debug] [MainThread]: Connection 'model.project_dbt.silver_salary' was properly closed.
[0m18:47:09.205227 [info ] [MainThread]: 
[0m18:47:09.206035 [info ] [MainThread]: Finished running 2 view models in 0 hours 0 minutes and 0.91 seconds (0.91s).
[0m18:47:09.207704 [debug] [MainThread]: Command end result
[0m18:47:09.248856 [debug] [MainThread]: Wrote artifact WritableManifest to D:\Local Projects\DBT\target\manifest.json
[0m18:47:09.253043 [debug] [MainThread]: Wrote artifact SemanticManifest to D:\Local Projects\DBT\target\semantic_manifest.json
[0m18:47:09.257633 [debug] [MainThread]: Wrote artifact OsiDocument to D:\Local Projects\DBT\target\osi_document.json
[0m18:47:09.267157 [debug] [MainThread]: Wrote artifact RunExecutionResult to D:\Local Projects\DBT\target\run_results.json
[0m18:47:09.267732 [info ] [MainThread]: 
[0m18:47:09.268652 [info ] [MainThread]: [32mCompleted successfully[0m
[0m18:47:09.269627 [info ] [MainThread]: 
[0m18:47:09.270848 [info ] [MainThread]: Done. PASS=2 WARN=0 ERROR=0 SKIP=0 NO-OP=0 REUSED=0 TOTAL=2
[0m18:47:09.272850 [debug] [MainThread]: Command `dbt run` succeeded at 18:47:09.272685 after 2.42 seconds
[0m18:47:09.273199 [debug] [MainThread]: Sending event: {'category': 'dbt', 'action': 'invocation', 'label': 'end', 'context': [<snowplow_tracker.self_describing_json.SelfDescribingJson object at 0x000001F36EE99E10>, <snowplow_tracker.self_describing_json.SelfDescribingJson object at 0x000001F36F0E7310>, <snowplow_tracker.self_describing_json.SelfDescribingJson object at 0x000001F36EDE74D0>]}
[0m18:47:09.273558 [debug] [MainThread]: Flushing usage events
[0m18:47:11.127724 [debug] [MainThread]: An error was encountered while trying to flush usage events
[0m18:47:58.252448 [debug] [MainThread]: Sending event: {'category': 'dbt', 'action': 'invocation', 'label': 'start', 'context': [<snowplow_tracker.self_describing_json.SelfDescribingJson object at 0x00000158132CE3C0>, <snowplow_tracker.self_describing_json.SelfDescribingJson object at 0x0000015810C20F50>, <snowplow_tracker.self_describing_json.SelfDescribingJson object at 0x0000015815C239D0>]}


============================== 18:47:58.259683 | 32874beb-2197-4300-8e9e-6d73f1b7dc9c ==============================
[0m18:47:58.259683 [info ] [MainThread]: Running with dbt=1.12.3
[0m18:47:58.261059 [debug] [MainThread]: running dbt with arguments {'maximum_seed_size_mib': '1', 'no_print': 'None', 'version_check': 'True', 'warn_error_options': 'WarnErrorOptionsV2(error=[], warn=[], silence=[])', 'target_path': 'None', 'static_parser': 'True', 'printer_width': '80', 'write_json': 'True', 'empty': 'False', 'log_cache_events': 'False', 'introspect': 'True', 'cache_selected_only': 'False', 'fail_fast': 'False', 'debug': 'False', 'log_format': 'default', 'profiles_dir': 'C:\\Users\\Dell\\.dbt', 'send_anonymous_usage_stats': 'True', 'quiet': 'False', 'warn_error': 'None', 'partial_parse': 'True', 'use_colors': 'True', 'hints_enabled': 'True', 'indirect_selection': 'eager', 'use_experimental_parser': 'False', 'invocation_command': 'dbt run --select silver', 'log_path': 'D:\\Local Projects\\DBT\\logs'}
[0m18:47:58.586136 [debug] [MainThread]: Sending event: {'category': 'dbt', 'action': 'project_id', 'label': '32874beb-2197-4300-8e9e-6d73f1b7dc9c', 'context': [<snowplow_tracker.self_describing_json.SelfDescribingJson object at 0x0000015815CA16E0>]}
[0m18:47:58.660060 [debug] [MainThread]: Sending event: {'category': 'dbt', 'action': 'adapter_info', 'label': '32874beb-2197-4300-8e9e-6d73f1b7dc9c', 'context': [<snowplow_tracker.self_describing_json.SelfDescribingJson object at 0x000001581149DF20>]}
[0m18:47:58.660940 [info ] [MainThread]: Registered adapter: sqlserver=1.11.1
[0m18:47:58.952120 [warn ] [MainThread]: [[33mWARNING[0m]: When True, uses SQL Server-native string type mappings: STRING -> VARCHAR(MAX), NCHAR -> NCHAR(1), NVARCHAR -> NVARCHAR(4000). When False (default), preserves legacy mappings: STRING and NVARCHAR -> VARCHAR(8000), NCHAR -> CHAR(1). The new behaviour is intended to become the default in a future release.
You may opt into the new behavior sooner by setting `flags.dbt_sqlserver_use_native_string_types` to `True` in `dbt_project.yml`.
Visit https://docs.getdbt.com/reference/global-configs/behavior-changes for more information.
[0m18:47:58.953452 [debug] [MainThread]: Sending event: {'category': 'dbt', 'action': 'BehaviorChangeEvent', 'label': '32874beb-2197-4300-8e9e-6d73f1b7dc9c', 'context': [<snowplow_tracker.self_describing_json.SelfDescribingJson object at 0x0000015815FB6050>]}
[0m18:47:58.953964 [warn ] [MainThread]: [[33mWARNING[0m]: When True, dbt transaction hooks (begin/commit) emit real T-SQL BEGIN TRANSACTION / COMMIT TRANSACTION statements. When False (default and legacy), begin/commit are no-ops and each statement is auto-committed by the driver. This means earlier successful statements are not rolled back if a later statement fails. This behavior is intended to become the default in a future release.
You may opt into the new behavior sooner by setting `flags.dbt_sqlserver_use_dbt_transactions` to `True` in `dbt_project.yml`.
Visit https://docs.getdbt.com/reference/global-configs/behavior-changes for more information.
[0m18:47:58.955138 [debug] [MainThread]: Sending event: {'category': 'dbt', 'action': 'BehaviorChangeEvent', 'label': '32874beb-2197-4300-8e9e-6d73f1b7dc9c', 'context': [<snowplow_tracker.self_describing_json.SelfDescribingJson object at 0x00000158163197C0>]}
[0m18:47:58.966073 [debug] [MainThread]: checksum: 61fa0cb8ebbab08e6306b916b7eee9c1bd2f4ae870aa253f37d5f612939c7047, vars: {}, profile: project_dbt, target: dev, version: 1.12.3
[0m18:47:59.111709 [info ] [MainThread]: Unable to do partial parsing because a project config has changed
[0m18:47:59.112576 [debug] [MainThread]: Sending event: {'category': 'dbt', 'action': 'partial_parser', 'label': '32874beb-2197-4300-8e9e-6d73f1b7dc9c', 'context': [<snowplow_tracker.self_describing_json.SelfDescribingJson object at 0x000001581676B150>]}
[0m18:48:00.422818 [warn ] [MainThread]: [[33mWARNING[0m]: When True, uses dbt-core's standard schema concatenation (`target.schema` + `_` + `custom_schema_name`). When False (default), uses legacy adapter behaviour: `custom_schema_name` is used directly without prefixing `target.schema`. For a permanent solution, override the `sqlserver__generate_schema_name` macro in your project instead.
You may opt into the new behavior sooner by setting `flags.dbt_sqlserver_use_default_schema_concat` to `True` in `dbt_project.yml`.
Visit https://docs.getdbt.com/reference/global-configs/behavior-changes for more information.
[0m18:48:00.423959 [debug] [MainThread]: Sending event: {'category': 'dbt', 'action': 'BehaviorChangeEvent', 'label': '32874beb-2197-4300-8e9e-6d73f1b7dc9c', 'context': [<snowplow_tracker.self_describing_json.SelfDescribingJson object at 0x0000015816D90E20>]}
[0m18:48:01.103332 [debug] [MainThread]: Sending event: {'category': 'dbt', 'action': 'load_project', 'label': '32874beb-2197-4300-8e9e-6d73f1b7dc9c', 'context': [<snowplow_tracker.self_describing_json.SelfDescribingJson object at 0x0000015818195850>]}
[0m18:48:01.223369 [debug] [MainThread]: Wrote artifact WritableManifest to D:\Local Projects\DBT\target\manifest.json
[0m18:48:01.227403 [debug] [MainThread]: Wrote artifact SemanticManifest to D:\Local Projects\DBT\target\semantic_manifest.json
[0m18:48:01.281349 [debug] [MainThread]: Wrote artifact OsiDocument to D:\Local Projects\DBT\target\osi_document.json
[0m18:48:01.301313 [debug] [MainThread]: Sending event: {'category': 'dbt', 'action': 'resource_counts', 'label': '32874beb-2197-4300-8e9e-6d73f1b7dc9c', 'context': [<snowplow_tracker.self_describing_json.SelfDescribingJson object at 0x000001581863F800>]}
[0m18:48:01.302062 [info ] [MainThread]: Found 6 models, 7 data tests, 4 sources, 556 macros
[0m18:48:01.302891 [debug] [MainThread]: Sending event: {'category': 'dbt', 'action': 'runnable_timing', 'label': '32874beb-2197-4300-8e9e-6d73f1b7dc9c', 'context': [<snowplow_tracker.self_describing_json.SelfDescribingJson object at 0x0000015818615A90>]}
[0m18:48:01.305837 [info ] [MainThread]: 
[0m18:48:01.306833 [info ] [MainThread]: Concurrency: 3 threads (target='dev')
[0m18:48:01.307703 [info ] [MainThread]: 
[0m18:48:01.308906 [debug] [MainThread]: Acquiring new sqlserver connection 'master'
[0m18:48:01.318405 [debug] [ThreadPool]: Acquiring new sqlserver connection 'list_silver'
[0m18:48:01.345758 [debug] [ThreadPool]: dbt-sqlserver
[0m18:48:01.350339 [debug] [ThreadPool]: Using sqlserver connection "list_silver"
[0m18:48:01.350724 [debug] [ThreadPool]: On list_silver: /* {"app": "dbt", "dbt_version": "1.12.3", "profile_name": "project_dbt", "target_name": "dev", "connection_name": "list_silver"} */
USE [silver];
    select  name as [schema]
    from sys.schemas with (nolock) 
    OPTION (LABEL = 'dbt-sqlserver');

  
[0m18:48:01.350994 [debug] [ThreadPool]: Opening a new connection, currently in state init
[0m18:48:01.354503 [debug] [ThreadPool]: sqlserver adapter: Using connection string: DRIVER={ODBC Driver 18 for SQL Server};SERVER=HONEY\SQLEXPRESS;Database=sql_local;UID=***;PWD=***;encrypt=Yes;TrustServerCertificate=Yes;APP=dbt-sqlserver/1.11.1;Pooling=true;SQL_ATTR_TRACE=SQL_OPT_TRACE_OFF;ConnectRetryCount=3;ConnectRetryInterval=10
[0m18:48:01.595917 [debug] [ThreadPool]: sqlserver adapter: Connected to db: sql_local
[0m18:48:01.673992 [debug] [ThreadPool]: SQL status: OK in 0.000 seconds
[0m18:48:01.677344 [debug] [ThreadPool]: On list_silver: Close
[0m18:48:01.681353 [debug] [ThreadPool]: Acquiring new sqlserver connection 'list_silver_dbo'
[0m18:48:01.689459 [debug] [ThreadPool]: Acquiring new sqlserver connection 'list_gold_dbo'
[0m18:48:01.692998 [debug] [ThreadPool]: dbt-sqlserver
[0m18:48:01.693844 [debug] [ThreadPool]: Using sqlserver connection "list_gold_dbo"
[0m18:48:01.694255 [debug] [ThreadPool]: On list_gold_dbo: /* {"app": "dbt", "dbt_version": "1.12.3", "profile_name": "project_dbt", "target_name": "dev", "connection_name": "list_gold_dbo"} */
USE [gold];
    declare @schema_id int = schema_id('dbo');
    select
      DB_NAME() as [database],
      t.name as [name],
      'dbo' as [schema],
      'table' as table_type
    from sys.tables as t with (nolock)
    where t.schema_id = @schema_id
    union all
    select
      DB_NAME() as [database],
      v.name as [name],
      'dbo' as [schema],
      'view' as table_type
    from sys.views as v with (nolock)
    where v.schema_id = @schema_id
    
    OPTION (LABEL = 'dbt-sqlserver');

  
[0m18:48:01.694678 [debug] [ThreadPool]: Opening a new connection, currently in state init
[0m18:48:01.695159 [debug] [ThreadPool]: sqlserver adapter: Using connection string: DRIVER={ODBC Driver 18 for SQL Server};SERVER=HONEY\SQLEXPRESS;Database=sql_local;UID=***;PWD=***;encrypt=Yes;TrustServerCertificate=Yes;APP=dbt-sqlserver/1.11.1;Pooling=true;SQL_ATTR_TRACE=SQL_OPT_TRACE_OFF;ConnectRetryCount=3;ConnectRetryInterval=10
[0m18:48:01.690974 [debug] [ThreadPool]: dbt-sqlserver
[0m18:48:01.696343 [debug] [ThreadPool]: Using sqlserver connection "list_silver_dbo"
[0m18:48:01.696845 [debug] [ThreadPool]: On list_silver_dbo: /* {"app": "dbt", "dbt_version": "1.12.3", "profile_name": "project_dbt", "target_name": "dev", "connection_name": "list_silver_dbo"} */
USE [silver];
    declare @schema_id int = schema_id('dbo');
    select
      DB_NAME() as [database],
      t.name as [name],
      'dbo' as [schema],
      'table' as table_type
    from sys.tables as t with (nolock)
    where t.schema_id = @schema_id
    union all
    select
      DB_NAME() as [database],
      v.name as [name],
      'dbo' as [schema],
      'view' as table_type
    from sys.views as v with (nolock)
    where v.schema_id = @schema_id
    
    OPTION (LABEL = 'dbt-sqlserver');

  
[0m18:48:01.697209 [debug] [ThreadPool]: Opening a new connection, currently in state init
[0m18:48:01.697698 [debug] [ThreadPool]: sqlserver adapter: Using connection string: DRIVER={ODBC Driver 18 for SQL Server};SERVER=HONEY\SQLEXPRESS;Database=sql_local;UID=***;PWD=***;encrypt=Yes;TrustServerCertificate=Yes;APP=dbt-sqlserver/1.11.1;Pooling=true;SQL_ATTR_TRACE=SQL_OPT_TRACE_OFF;ConnectRetryCount=3;ConnectRetryInterval=10
[0m18:48:01.698179 [debug] [ThreadPool]: sqlserver adapter: Connected to db: sql_local
[0m18:48:01.699004 [debug] [ThreadPool]: Acquiring new sqlserver connection 'list_sql_local_dbo'
[0m18:48:01.700604 [debug] [ThreadPool]: dbt-sqlserver
[0m18:48:01.701280 [debug] [ThreadPool]: Using sqlserver connection "list_sql_local_dbo"
[0m18:48:01.701672 [debug] [ThreadPool]: On list_sql_local_dbo: /* {"app": "dbt", "dbt_version": "1.12.3", "profile_name": "project_dbt", "target_name": "dev", "connection_name": "list_sql_local_dbo"} */
USE [sql_local];
    declare @schema_id int = schema_id('dbo');
    select
      DB_NAME() as [database],
      t.name as [name],
      'dbo' as [schema],
      'table' as table_type
    from sys.tables as t with (nolock)
    where t.schema_id = @schema_id
    union all
    select
      DB_NAME() as [database],
      v.name as [name],
      'dbo' as [schema],
      'view' as table_type
    from sys.views as v with (nolock)
    where v.schema_id = @schema_id
    
    OPTION (LABEL = 'dbt-sqlserver');

  
[0m18:48:01.701977 [debug] [ThreadPool]: Opening a new connection, currently in state init
[0m18:48:01.702498 [debug] [ThreadPool]: sqlserver adapter: Using connection string: DRIVER={ODBC Driver 18 for SQL Server};SERVER=HONEY\SQLEXPRESS;Database=sql_local;UID=***;PWD=***;encrypt=Yes;TrustServerCertificate=Yes;APP=dbt-sqlserver/1.11.1;Pooling=true;SQL_ATTR_TRACE=SQL_OPT_TRACE_OFF;ConnectRetryCount=3;ConnectRetryInterval=10
[0m18:48:01.847943 [debug] [ThreadPool]: SQL status: OK in 0.000 seconds
[0m18:48:01.849617 [debug] [ThreadPool]: On list_gold_dbo: ROLLBACK
[0m18:48:01.850056 [debug] [ThreadPool]: On list_gold_dbo: Close
[0m18:48:02.073183 [debug] [ThreadPool]: sqlserver adapter: Connected to db: sql_local
[0m18:48:02.076866 [debug] [ThreadPool]: SQL status: OK in 0.000 seconds
[0m18:48:02.078110 [debug] [ThreadPool]: sqlserver adapter: Connected to db: sql_local
[0m18:48:02.081365 [debug] [ThreadPool]: On list_sql_local_dbo: ROLLBACK
[0m18:48:02.082302 [debug] [ThreadPool]: On list_sql_local_dbo: Close
[0m18:48:02.214633 [debug] [ThreadPool]: SQL status: OK in 1.000 seconds
[0m18:48:02.216145 [debug] [ThreadPool]: On list_silver_dbo: ROLLBACK
[0m18:48:02.216542 [debug] [ThreadPool]: On list_silver_dbo: Close
[0m18:48:02.218205 [debug] [MainThread]: Sending event: {'category': 'dbt', 'action': 'runnable_timing', 'label': '32874beb-2197-4300-8e9e-6d73f1b7dc9c', 'context': [<snowplow_tracker.self_describing_json.SelfDescribingJson object at 0x0000015812A15750>]}
[0m18:48:02.218983 [debug] [MainThread]: On master: COMMIT
[0m18:48:02.226109 [debug] [Thread-1 (]: Began running node model.project_dbt.silver_employee
[0m18:48:02.227459 [debug] [Thread-2 (]: Began running node model.project_dbt.silver_salary
[0m18:48:02.226737 [info ] [Thread-1 (]: 1 of 2 START sql table model silver.dbo.silver_employee ........................ [RUN]
[0m18:48:02.230057 [debug] [Thread-1 (]: Acquiring new sqlserver connection 'model.project_dbt.silver_employee'
[0m18:48:02.230612 [debug] [Thread-1 (]: Began compiling node model.project_dbt.silver_employee
[0m18:48:02.236700 [debug] [Thread-1 (]: Writing injected SQL for node "model.project_dbt.silver_employee"
[0m18:48:02.228418 [info ] [Thread-2 (]: 2 of 2 START sql table model silver.dbo.silver_salary .......................... [RUN]
[0m18:48:02.237634 [debug] [Thread-2 (]: Acquiring new sqlserver connection 'model.project_dbt.silver_salary'
[0m18:48:02.238159 [debug] [Thread-2 (]: Began compiling node model.project_dbt.silver_salary
[0m18:48:02.240453 [debug] [Thread-2 (]: Writing injected SQL for node "model.project_dbt.silver_salary"
[0m18:48:02.241529 [debug] [Thread-1 (]: Began executing node model.project_dbt.silver_employee
[0m18:48:02.275222 [debug] [Thread-2 (]: Began executing node model.project_dbt.silver_salary
[0m18:48:02.305520 [debug] [Thread-1 (]: dbt-sqlserver
[0m18:48:02.313799 [debug] [Thread-1 (]: Applying DROP to: "silver"."dbo"."silver_employee__dbt_tmp__dbt_tmp_vw"
[0m18:48:02.320674 [debug] [Thread-1 (]: dbt-sqlserver
[0m18:48:02.321305 [debug] [Thread-1 (]: Using sqlserver connection "model.project_dbt.silver_employee"
[0m18:48:02.321676 [debug] [Thread-1 (]: On model.project_dbt.silver_employee: /* {"app": "dbt", "dbt_version": "1.12.3", "profile_name": "project_dbt", "target_name": "dev", "node_id": "model.project_dbt.silver_employee"} */

        USE [silver];
        select
            sch.name as schema_name,
            obj.name as view_name
        from sys.sql_expression_dependencies refs with (nolock)
        inner join sys.objects obj with (nolock)
        on refs.referencing_id = obj.object_id
        inner join sys.schemas sch with (nolock)
        on obj.schema_id = sch.schema_id
        where refs.referenced_database_name = 'silver'
        and refs.referenced_schema_name = 'dbo'
        and refs.referenced_entity_name = 'silver_employee__dbt_tmp__dbt_tmp_vw'
        and obj.type = 'V'
        
    OPTION (LABEL = 'dbt-sqlserver');

      
[0m18:48:02.322018 [debug] [Thread-1 (]: Opening a new connection, currently in state init
[0m18:48:02.322656 [debug] [Thread-1 (]: sqlserver adapter: Using connection string: DRIVER={ODBC Driver 18 for SQL Server};SERVER=HONEY\SQLEXPRESS;Database=sql_local;UID=***;PWD=***;encrypt=Yes;TrustServerCertificate=Yes;APP=dbt-sqlserver/1.11.1;Pooling=true;SQL_ATTR_TRACE=SQL_OPT_TRACE_OFF;ConnectRetryCount=3;ConnectRetryInterval=10
[0m18:48:02.323808 [debug] [Thread-2 (]: dbt-sqlserver
[0m18:48:02.327119 [debug] [Thread-2 (]: Applying DROP to: "silver"."dbo"."silver_salary__dbt_tmp__dbt_tmp_vw"
[0m18:48:02.328145 [debug] [Thread-2 (]: dbt-sqlserver
[0m18:48:02.328721 [debug] [Thread-2 (]: Using sqlserver connection "model.project_dbt.silver_salary"
[0m18:48:02.329174 [debug] [Thread-2 (]: On model.project_dbt.silver_salary: /* {"app": "dbt", "dbt_version": "1.12.3", "profile_name": "project_dbt", "target_name": "dev", "node_id": "model.project_dbt.silver_salary"} */

        USE [silver];
        select
            sch.name as schema_name,
            obj.name as view_name
        from sys.sql_expression_dependencies refs with (nolock)
        inner join sys.objects obj with (nolock)
        on refs.referencing_id = obj.object_id
        inner join sys.schemas sch with (nolock)
        on obj.schema_id = sch.schema_id
        where refs.referenced_database_name = 'silver'
        and refs.referenced_schema_name = 'dbo'
        and refs.referenced_entity_name = 'silver_salary__dbt_tmp__dbt_tmp_vw'
        and obj.type = 'V'
        
    OPTION (LABEL = 'dbt-sqlserver');

      
[0m18:48:02.329555 [debug] [Thread-2 (]: Opening a new connection, currently in state init
[0m18:48:02.329964 [debug] [Thread-2 (]: sqlserver adapter: Using connection string: DRIVER={ODBC Driver 18 for SQL Server};SERVER=HONEY\SQLEXPRESS;Database=sql_local;UID=***;PWD=***;encrypt=Yes;TrustServerCertificate=Yes;APP=dbt-sqlserver/1.11.1;Pooling=true;SQL_ATTR_TRACE=SQL_OPT_TRACE_OFF;ConnectRetryCount=3;ConnectRetryInterval=10
[0m18:48:02.324789 [debug] [Thread-1 (]: sqlserver adapter: Connected to db: sql_local
[0m18:48:02.330418 [debug] [Thread-2 (]: sqlserver adapter: Connected to db: sql_local
[0m18:48:02.395384 [debug] [Thread-1 (]: SQL status: OK in 0.000 seconds
[0m18:48:02.399163 [debug] [Thread-1 (]: Using sqlserver connection "model.project_dbt.silver_employee"
[0m18:48:02.399881 [debug] [Thread-1 (]: On model.project_dbt.silver_employee: /* {"app": "dbt", "dbt_version": "1.12.3", "profile_name": "project_dbt", "target_name": "dev", "node_id": "model.project_dbt.silver_employee"} */

      
      
    
    USE [silver];
    EXEC('DROP view IF EXISTS "dbo"."silver_employee__dbt_tmp__dbt_tmp_vw";');

[0m18:48:02.400686 [debug] [Thread-2 (]: SQL status: OK in 0.000 seconds
[0m18:48:02.403169 [debug] [Thread-2 (]: Using sqlserver connection "model.project_dbt.silver_salary"
[0m18:48:02.403859 [debug] [Thread-2 (]: On model.project_dbt.silver_salary: /* {"app": "dbt", "dbt_version": "1.12.3", "profile_name": "project_dbt", "target_name": "dev", "node_id": "model.project_dbt.silver_salary"} */

      
      
    
    USE [silver];
    EXEC('DROP view IF EXISTS "dbo"."silver_salary__dbt_tmp__dbt_tmp_vw";');

[0m18:48:02.404551 [debug] [Thread-1 (]: SQL status: OK in 0.000 seconds
[0m18:48:02.417135 [debug] [Thread-1 (]: Writing runtime sql for node "model.project_dbt.silver_employee"
[0m18:48:02.417819 [debug] [Thread-2 (]: SQL status: OK in 0.000 seconds
[0m18:48:02.421618 [debug] [Thread-2 (]: Writing runtime sql for node "model.project_dbt.silver_salary"
[0m18:48:02.422941 [debug] [Thread-1 (]: Using sqlserver connection "model.project_dbt.silver_employee"
[0m18:48:02.423559 [debug] [Thread-1 (]: On model.project_dbt.silver_employee: /* {"app": "dbt", "dbt_version": "1.12.3", "profile_name": "project_dbt", "target_name": "dev", "node_id": "model.project_dbt.silver_employee"} */

  
    USE [silver];
    USE [silver];
    
    

    

    USE [silver];
    EXEC('
        CREATE OR ALTER VIEW "dbo"."silver_employee__dbt_tmp__dbt_tmp_vw" AS select
    e.employee_id,
    e.first_name,
    e.last_name,
    e.email,
    e.department_id,
    d.department_name,
    e.hire_date
from "bronze"."dbo"."employees_raw" e
left join "bronze"."dbo"."department" d
    on e.department_id = d.department_id;
    ')

EXEC('IF OBJECT_ID(''dbo.silver_employee__dbt_tmp'', ''U'') IS NOT NULL
                EXEC(''DROP TABLE "silver"."dbo"."silver_employee__dbt_tmp"'');SELECT * INTO "silver"."dbo"."silver_employee__dbt_tmp" FROM "silver"."dbo"."silver_employee__dbt_tmp__dbt_tmp_vw" 
    OPTION (LABEL = ''dbt-sqlserver'');

        ')

    
    EXEC('DROP VIEW IF EXISTS "dbo"."silver_employee__dbt_tmp__dbt_tmp_vw"')



    
    use [silver];
    if EXISTS (
        SELECT *
        FROM sys.indexes with (nolock)
        WHERE name = 'dbo_silver_employee__dbt_tmp_cci'
        AND object_id=object_id('"dbo"."silver_employee__dbt_tmp"')
    )
    DROP index "dbo"."silver_employee__dbt_tmp".dbo_silver_employee__dbt_tmp_cci
    CREATE CLUSTERED COLUMNSTORE INDEX dbo_silver_employee__dbt_tmp_cci
    ON "dbo"."silver_employee__dbt_tmp"

   


  
[0m18:48:02.424383 [debug] [Thread-2 (]: Using sqlserver connection "model.project_dbt.silver_salary"
[0m18:48:02.425505 [debug] [Thread-2 (]: On model.project_dbt.silver_salary: /* {"app": "dbt", "dbt_version": "1.12.3", "profile_name": "project_dbt", "target_name": "dev", "node_id": "model.project_dbt.silver_salary"} */

  
    USE [silver];
    USE [silver];
    
    

    

    USE [silver];
    EXEC('
        CREATE OR ALTER VIEW "dbo"."silver_salary__dbt_tmp__dbt_tmp_vw" AS select
    s.salary_id,
    s.employee_id,
    s.base_salary,
    s.bonus,
    (s.base_salary + isnull(s.bonus, 0)) as total_salary,
    s.effective_date
from "bronze"."dbo"."salary" s;
    ')

EXEC('IF OBJECT_ID(''dbo.silver_salary__dbt_tmp'', ''U'') IS NOT NULL
                EXEC(''DROP TABLE "silver"."dbo"."silver_salary__dbt_tmp"'');SELECT * INTO "silver"."dbo"."silver_salary__dbt_tmp" FROM "silver"."dbo"."silver_salary__dbt_tmp__dbt_tmp_vw" 
    OPTION (LABEL = ''dbt-sqlserver'');

        ')

    
    EXEC('DROP VIEW IF EXISTS "dbo"."silver_salary__dbt_tmp__dbt_tmp_vw"')



    
    use [silver];
    if EXISTS (
        SELECT *
        FROM sys.indexes with (nolock)
        WHERE name = 'dbo_silver_salary__dbt_tmp_cci'
        AND object_id=object_id('"dbo"."silver_salary__dbt_tmp"')
    )
    DROP index "dbo"."silver_salary__dbt_tmp".dbo_silver_salary__dbt_tmp_cci
    CREATE CLUSTERED COLUMNSTORE INDEX dbo_silver_salary__dbt_tmp_cci
    ON "dbo"."silver_salary__dbt_tmp"

   


  
[0m18:48:02.601406 [debug] [Thread-2 (]: SQL status: OK in 0.000 seconds
[0m18:48:02.610586 [debug] [Thread-2 (]: Using sqlserver connection "model.project_dbt.silver_salary"
[0m18:48:02.611129 [debug] [Thread-2 (]: On model.project_dbt.silver_salary: /* {"app": "dbt", "dbt_version": "1.12.3", "profile_name": "project_dbt", "target_name": "dev", "node_id": "model.project_dbt.silver_salary"} */
USE [silver];
      EXEC sp_rename 'dbo.silver_salary__dbt_tmp', 'silver_salary'
[0m18:48:02.611671 [debug] [Thread-1 (]: SQL status: OK in 0.000 seconds
[0m18:48:02.614761 [debug] [Thread-1 (]: Using sqlserver connection "model.project_dbt.silver_employee"
[0m18:48:02.615319 [debug] [Thread-1 (]: On model.project_dbt.silver_employee: /* {"app": "dbt", "dbt_version": "1.12.3", "profile_name": "project_dbt", "target_name": "dev", "node_id": "model.project_dbt.silver_employee"} */
USE [silver];
      EXEC sp_rename 'dbo.silver_employee__dbt_tmp', 'silver_employee'
[0m18:48:03.312947 [debug] [Thread-1 (]: SQL status: OK in 1.000 seconds
[0m18:48:03.314836 [debug] [Thread-2 (]: SQL status: OK in 1.000 seconds
[0m18:48:03.401188 [debug] [Thread-1 (]: On model.project_dbt.silver_employee: COMMIT
[0m18:48:03.402757 [debug] [Thread-1 (]: Applying DROP to: "silver"."dbo"."silver_employee__dbt_backup"
[0m18:48:03.403503 [debug] [Thread-1 (]: Using sqlserver connection "model.project_dbt.silver_employee"
[0m18:48:03.403847 [debug] [Thread-1 (]: On model.project_dbt.silver_employee: /* {"app": "dbt", "dbt_version": "1.12.3", "profile_name": "project_dbt", "target_name": "dev", "node_id": "model.project_dbt.silver_employee"} */

      
    USE [silver];
    EXEC('DROP table IF EXISTS "dbo"."silver_employee__dbt_backup";');

[0m18:48:03.407527 [debug] [Thread-2 (]: On model.project_dbt.silver_salary: COMMIT
[0m18:48:03.409426 [debug] [Thread-2 (]: Applying DROP to: "silver"."dbo"."silver_salary__dbt_backup"
[0m18:48:03.410142 [debug] [Thread-2 (]: Using sqlserver connection "model.project_dbt.silver_salary"
[0m18:48:03.410497 [debug] [Thread-2 (]: On model.project_dbt.silver_salary: /* {"app": "dbt", "dbt_version": "1.12.3", "profile_name": "project_dbt", "target_name": "dev", "node_id": "model.project_dbt.silver_salary"} */

      
    USE [silver];
    EXEC('DROP table IF EXISTS "dbo"."silver_salary__dbt_backup";');

[0m18:48:03.411073 [debug] [Thread-1 (]: SQL status: OK in 0.000 seconds
[0m18:48:03.414028 [debug] [Thread-1 (]: On model.project_dbt.silver_employee: Close
[0m18:48:03.414563 [debug] [Thread-2 (]: SQL status: OK in 0.000 seconds
[0m18:48:03.417116 [debug] [Thread-2 (]: On model.project_dbt.silver_salary: Close
[0m18:48:03.418867 [debug] [Thread-1 (]: Sending event: {'category': 'dbt', 'action': 'run_model', 'label': '32874beb-2197-4300-8e9e-6d73f1b7dc9c', 'context': [<snowplow_tracker.self_describing_json.SelfDescribingJson object at 0x0000015818DF4F30>]}
[0m18:48:03.420068 [debug] [Thread-2 (]: Sending event: {'category': 'dbt', 'action': 'run_model', 'label': '32874beb-2197-4300-8e9e-6d73f1b7dc9c', 'context': [<snowplow_tracker.self_describing_json.SelfDescribingJson object at 0x0000015818DD0830>]}
[0m18:48:03.419568 [info ] [Thread-1 (]: 1 of 2 OK created sql table model silver.dbo.silver_employee ................... [[32mOK[0m in 1.19s]
[0m18:48:03.422895 [debug] [Thread-1 (]: Finished running node model.project_dbt.silver_employee
[0m18:48:03.421723 [info ] [Thread-2 (]: 2 of 2 OK created sql table model silver.dbo.silver_salary ..................... [[32mOK[0m in 1.18s]
[0m18:48:03.423746 [debug] [Thread-2 (]: Finished running node model.project_dbt.silver_salary
[0m18:48:03.426441 [debug] [MainThread]: On master: COMMIT
[0m18:48:03.426850 [debug] [MainThread]: Connection 'master' was properly closed.
[0m18:48:03.427097 [debug] [MainThread]: Connection 'list_silver' was properly closed.
[0m18:48:03.427340 [debug] [MainThread]: Connection 'list_silver_dbo' was properly closed.
[0m18:48:03.427558 [debug] [MainThread]: Connection 'list_gold_dbo' was properly closed.
[0m18:48:03.427763 [debug] [MainThread]: Connection 'list_sql_local_dbo' was properly closed.
[0m18:48:03.427969 [debug] [MainThread]: Connection 'model.project_dbt.silver_employee' was properly closed.
[0m18:48:03.428179 [debug] [MainThread]: Connection 'model.project_dbt.silver_salary' was properly closed.
[0m18:48:03.428460 [info ] [MainThread]: 
[0m18:48:03.429210 [info ] [MainThread]: Finished running 2 table models in 0 hours 0 minutes and 2.12 seconds (2.12s).
[0m18:48:03.431180 [debug] [MainThread]: Command end result
[0m18:48:03.476574 [debug] [MainThread]: Wrote artifact WritableManifest to D:\Local Projects\DBT\target\manifest.json
[0m18:48:03.481209 [debug] [MainThread]: Wrote artifact SemanticManifest to D:\Local Projects\DBT\target\semantic_manifest.json
[0m18:48:03.485473 [debug] [MainThread]: Wrote artifact OsiDocument to D:\Local Projects\DBT\target\osi_document.json
[0m18:48:03.493011 [debug] [MainThread]: Wrote artifact RunExecutionResult to D:\Local Projects\DBT\target\run_results.json
[0m18:48:03.493455 [info ] [MainThread]: 
[0m18:48:03.494537 [info ] [MainThread]: [32mCompleted successfully[0m
[0m18:48:03.495582 [info ] [MainThread]: 
[0m18:48:03.496521 [info ] [MainThread]: Done. PASS=2 WARN=0 ERROR=0 SKIP=0 NO-OP=0 REUSED=0 TOTAL=2
[0m18:48:03.498458 [debug] [MainThread]: Command `dbt run` succeeded at 18:48:03.498200 after 5.44 seconds
[0m18:48:03.499522 [debug] [MainThread]: Sending event: {'category': 'dbt', 'action': 'invocation', 'label': 'end', 'context': [<snowplow_tracker.self_describing_json.SelfDescribingJson object at 0x0000015818DD0830>, <snowplow_tracker.self_describing_json.SelfDescribingJson object at 0x000001581377D3D0>, <snowplow_tracker.self_describing_json.SelfDescribingJson object at 0x0000015818E68110>]}
[0m18:48:03.532402 [debug] [MainThread]: Flushing usage events
[0m18:48:05.377075 [debug] [MainThread]: An error was encountered while trying to flush usage events
[0m18:49:02.127098 [debug] [MainThread]: Sending event: {'category': 'dbt', 'action': 'invocation', 'label': 'start', 'context': [<snowplow_tracker.self_describing_json.SelfDescribingJson object at 0x00000272D03DE3C0>, <snowplow_tracker.self_describing_json.SelfDescribingJson object at 0x00000272CDD39090>, <snowplow_tracker.self_describing_json.SelfDescribingJson object at 0x00000272D2D339D0>]}


============================== 18:49:02.133070 | b71506fc-0541-4efc-8390-d5ff088646f6 ==============================
[0m18:49:02.133070 [info ] [MainThread]: Running with dbt=1.12.3
[0m18:49:02.134277 [debug] [MainThread]: running dbt with arguments {'version_check': 'True', 'no_print': 'None', 'static_parser': 'True', 'warn_error_options': 'WarnErrorOptionsV2(error=[], warn=[], silence=[])', 'maximum_seed_size_mib': '1', 'target_path': 'None', 'printer_width': '80', 'write_json': 'True', 'empty': 'False', 'log_cache_events': 'False', 'introspect': 'True', 'cache_selected_only': 'False', 'log_format': 'default', 'debug': 'False', 'fail_fast': 'False', 'profiles_dir': 'C:\\Users\\Dell\\.dbt', 'send_anonymous_usage_stats': 'True', 'quiet': 'False', 'warn_error': 'None', 'partial_parse': 'True', 'indirect_selection': 'eager', 'hints_enabled': 'True', 'invocation_command': 'dbt run --select gold', 'use_experimental_parser': 'False', 'use_colors': 'True', 'log_path': 'D:\\Local Projects\\DBT\\logs'}
[0m18:49:02.448960 [debug] [MainThread]: Sending event: {'category': 'dbt', 'action': 'project_id', 'label': 'b71506fc-0541-4efc-8390-d5ff088646f6', 'context': [<snowplow_tracker.self_describing_json.SelfDescribingJson object at 0x00000272D2DB16E0>]}
[0m18:49:02.524681 [debug] [MainThread]: Sending event: {'category': 'dbt', 'action': 'adapter_info', 'label': 'b71506fc-0541-4efc-8390-d5ff088646f6', 'context': [<snowplow_tracker.self_describing_json.SelfDescribingJson object at 0x00000272CE5BDF20>]}
[0m18:49:02.525585 [info ] [MainThread]: Registered adapter: sqlserver=1.11.1
[0m18:49:02.809743 [warn ] [MainThread]: [[33mWARNING[0m]: When True, uses SQL Server-native string type mappings: STRING -> VARCHAR(MAX), NCHAR -> NCHAR(1), NVARCHAR -> NVARCHAR(4000). When False (default), preserves legacy mappings: STRING and NVARCHAR -> VARCHAR(8000), NCHAR -> CHAR(1). The new behaviour is intended to become the default in a future release.
You may opt into the new behavior sooner by setting `flags.dbt_sqlserver_use_native_string_types` to `True` in `dbt_project.yml`.
Visit https://docs.getdbt.com/reference/global-configs/behavior-changes for more information.
[0m18:49:02.811071 [debug] [MainThread]: Sending event: {'category': 'dbt', 'action': 'BehaviorChangeEvent', 'label': 'b71506fc-0541-4efc-8390-d5ff088646f6', 'context': [<snowplow_tracker.self_describing_json.SelfDescribingJson object at 0x00000272D3156050>]}
[0m18:49:02.811587 [warn ] [MainThread]: [[33mWARNING[0m]: When True, dbt transaction hooks (begin/commit) emit real T-SQL BEGIN TRANSACTION / COMMIT TRANSACTION statements. When False (default and legacy), begin/commit are no-ops and each statement is auto-committed by the driver. This means earlier successful statements are not rolled back if a later statement fails. This behavior is intended to become the default in a future release.
You may opt into the new behavior sooner by setting `flags.dbt_sqlserver_use_dbt_transactions` to `True` in `dbt_project.yml`.
Visit https://docs.getdbt.com/reference/global-configs/behavior-changes for more information.
[0m18:49:02.812805 [debug] [MainThread]: Sending event: {'category': 'dbt', 'action': 'BehaviorChangeEvent', 'label': 'b71506fc-0541-4efc-8390-d5ff088646f6', 'context': [<snowplow_tracker.self_describing_json.SelfDescribingJson object at 0x00000272D34B97C0>]}
[0m18:49:02.822573 [debug] [MainThread]: checksum: 61fa0cb8ebbab08e6306b916b7eee9c1bd2f4ae870aa253f37d5f612939c7047, vars: {}, profile: project_dbt, target: dev, version: 1.12.3
[0m18:49:03.053494 [debug] [MainThread]: Partial parsing enabled: 0 files deleted, 0 files added, 0 files changed.
[0m18:49:03.053879 [debug] [MainThread]: Nothing changed, skipping partial parsing.
[0m18:49:03.054124 [debug] [MainThread]: Partial parsing enabled, no changes found, skipping parsing
[0m18:49:03.064231 [debug] [MainThread]: Sending event: {'category': 'dbt', 'action': 'load_project', 'label': 'b71506fc-0541-4efc-8390-d5ff088646f6', 'context': [<snowplow_tracker.self_describing_json.SelfDescribingJson object at 0x00000272D390B310>]}
[0m18:49:03.289225 [debug] [MainThread]: Wrote artifact WritableManifest to D:\Local Projects\DBT\target\manifest.json
[0m18:49:03.293440 [debug] [MainThread]: Wrote artifact SemanticManifest to D:\Local Projects\DBT\target\semantic_manifest.json
[0m18:49:03.340165 [debug] [MainThread]: Wrote artifact OsiDocument to D:\Local Projects\DBT\target\osi_document.json
[0m18:49:03.359621 [debug] [MainThread]: Sending event: {'category': 'dbt', 'action': 'resource_counts', 'label': 'b71506fc-0541-4efc-8390-d5ff088646f6', 'context': [<snowplow_tracker.self_describing_json.SelfDescribingJson object at 0x00000272D3763790>]}
[0m18:49:03.360324 [info ] [MainThread]: Found 6 models, 7 data tests, 4 sources, 556 macros
[0m18:49:03.361185 [debug] [MainThread]: Sending event: {'category': 'dbt', 'action': 'runnable_timing', 'label': 'b71506fc-0541-4efc-8390-d5ff088646f6', 'context': [<snowplow_tracker.self_describing_json.SelfDescribingJson object at 0x00000272D3981A90>]}
[0m18:49:03.363553 [info ] [MainThread]: 
[0m18:49:03.364296 [info ] [MainThread]: Concurrency: 3 threads (target='dev')
[0m18:49:03.364918 [info ] [MainThread]: 
[0m18:49:03.365893 [debug] [MainThread]: Acquiring new sqlserver connection 'master'
[0m18:49:03.367968 [debug] [ThreadPool]: Acquiring new sqlserver connection 'list_gold'
[0m18:49:03.395677 [debug] [ThreadPool]: dbt-sqlserver
[0m18:49:03.399049 [debug] [ThreadPool]: Using sqlserver connection "list_gold"
[0m18:49:03.399634 [debug] [ThreadPool]: On list_gold: /* {"app": "dbt", "dbt_version": "1.12.3", "profile_name": "project_dbt", "target_name": "dev", "connection_name": "list_gold"} */
USE [gold];
    select  name as [schema]
    from sys.schemas with (nolock) 
    OPTION (LABEL = 'dbt-sqlserver');

  
[0m18:49:03.399915 [debug] [ThreadPool]: Opening a new connection, currently in state init
[0m18:49:03.403604 [debug] [ThreadPool]: sqlserver adapter: Using connection string: DRIVER={ODBC Driver 18 for SQL Server};SERVER=HONEY\SQLEXPRESS;Database=sql_local;UID=***;PWD=***;encrypt=Yes;TrustServerCertificate=Yes;APP=dbt-sqlserver/1.11.1;Pooling=true;SQL_ATTR_TRACE=SQL_OPT_TRACE_OFF;ConnectRetryCount=3;ConnectRetryInterval=10
[0m18:49:03.696611 [debug] [ThreadPool]: sqlserver adapter: Connected to db: sql_local
[0m18:49:03.789359 [debug] [ThreadPool]: SQL status: OK in 0.000 seconds
[0m18:49:03.791428 [debug] [ThreadPool]: On list_gold: Close
[0m18:49:03.801555 [debug] [ThreadPool]: Acquiring new sqlserver connection 'list_gold_dbo'
[0m18:49:03.807272 [debug] [ThreadPool]: dbt-sqlserver
[0m18:49:03.807903 [debug] [ThreadPool]: Using sqlserver connection "list_gold_dbo"
[0m18:49:03.808240 [debug] [ThreadPool]: On list_gold_dbo: /* {"app": "dbt", "dbt_version": "1.12.3", "profile_name": "project_dbt", "target_name": "dev", "connection_name": "list_gold_dbo"} */
USE [gold];
    declare @schema_id int = schema_id('dbo');
    select
      DB_NAME() as [database],
      t.name as [name],
      'dbo' as [schema],
      'table' as table_type
    from sys.tables as t with (nolock)
    where t.schema_id = @schema_id
    union all
    select
      DB_NAME() as [database],
      v.name as [name],
      'dbo' as [schema],
      'view' as table_type
    from sys.views as v with (nolock)
    where v.schema_id = @schema_id
    
    OPTION (LABEL = 'dbt-sqlserver');

  
[0m18:49:03.808535 [debug] [ThreadPool]: Opening a new connection, currently in state init
[0m18:49:03.808914 [debug] [ThreadPool]: sqlserver adapter: Using connection string: DRIVER={ODBC Driver 18 for SQL Server};SERVER=HONEY\SQLEXPRESS;Database=sql_local;UID=***;PWD=***;encrypt=Yes;TrustServerCertificate=Yes;APP=dbt-sqlserver/1.11.1;Pooling=true;SQL_ATTR_TRACE=SQL_OPT_TRACE_OFF;ConnectRetryCount=3;ConnectRetryInterval=10
[0m18:49:03.809750 [debug] [ThreadPool]: sqlserver adapter: Connected to db: sql_local
[0m18:49:03.810488 [debug] [ThreadPool]: Acquiring new sqlserver connection 'list_sql_local_dbo'
[0m18:49:03.812570 [debug] [ThreadPool]: dbt-sqlserver
[0m18:49:03.813451 [debug] [ThreadPool]: Using sqlserver connection "list_sql_local_dbo"
[0m18:49:03.813964 [debug] [ThreadPool]: On list_sql_local_dbo: /* {"app": "dbt", "dbt_version": "1.12.3", "profile_name": "project_dbt", "target_name": "dev", "connection_name": "list_sql_local_dbo"} */
USE [sql_local];
    declare @schema_id int = schema_id('dbo');
    select
      DB_NAME() as [database],
      t.name as [name],
      'dbo' as [schema],
      'table' as table_type
    from sys.tables as t with (nolock)
    where t.schema_id = @schema_id
    union all
    select
      DB_NAME() as [database],
      v.name as [name],
      'dbo' as [schema],
      'view' as table_type
    from sys.views as v with (nolock)
    where v.schema_id = @schema_id
    
    OPTION (LABEL = 'dbt-sqlserver');

  
[0m18:49:03.814284 [debug] [ThreadPool]: Opening a new connection, currently in state init
[0m18:49:03.814957 [debug] [ThreadPool]: sqlserver adapter: Using connection string: DRIVER={ODBC Driver 18 for SQL Server};SERVER=HONEY\SQLEXPRESS;Database=sql_local;UID=***;PWD=***;encrypt=Yes;TrustServerCertificate=Yes;APP=dbt-sqlserver/1.11.1;Pooling=true;SQL_ATTR_TRACE=SQL_OPT_TRACE_OFF;ConnectRetryCount=3;ConnectRetryInterval=10
[0m18:49:03.816221 [debug] [ThreadPool]: Acquiring new sqlserver connection 'list_silver_dbo'
[0m18:49:03.818584 [debug] [ThreadPool]: dbt-sqlserver
[0m18:49:03.819375 [debug] [ThreadPool]: Using sqlserver connection "list_silver_dbo"
[0m18:49:03.819735 [debug] [ThreadPool]: On list_silver_dbo: /* {"app": "dbt", "dbt_version": "1.12.3", "profile_name": "project_dbt", "target_name": "dev", "connection_name": "list_silver_dbo"} */
USE [silver];
    declare @schema_id int = schema_id('dbo');
    select
      DB_NAME() as [database],
      t.name as [name],
      'dbo' as [schema],
      'table' as table_type
    from sys.tables as t with (nolock)
    where t.schema_id = @schema_id
    union all
    select
      DB_NAME() as [database],
      v.name as [name],
      'dbo' as [schema],
      'view' as table_type
    from sys.views as v with (nolock)
    where v.schema_id = @schema_id
    
    OPTION (LABEL = 'dbt-sqlserver');

  
[0m18:49:03.820132 [debug] [ThreadPool]: Opening a new connection, currently in state init
[0m18:49:03.820638 [debug] [ThreadPool]: sqlserver adapter: Using connection string: DRIVER={ODBC Driver 18 for SQL Server};SERVER=HONEY\SQLEXPRESS;Database=sql_local;UID=***;PWD=***;encrypt=Yes;TrustServerCertificate=Yes;APP=dbt-sqlserver/1.11.1;Pooling=true;SQL_ATTR_TRACE=SQL_OPT_TRACE_OFF;ConnectRetryCount=3;ConnectRetryInterval=10
[0m18:49:03.897508 [debug] [ThreadPool]: SQL status: OK in 0.000 seconds
[0m18:49:03.899234 [debug] [ThreadPool]: On list_gold_dbo: ROLLBACK
[0m18:49:03.899664 [debug] [ThreadPool]: On list_gold_dbo: Close
[0m18:49:04.201936 [debug] [ThreadPool]: sqlserver adapter: Connected to db: sql_local
[0m18:49:04.205428 [debug] [ThreadPool]: sqlserver adapter: Connected to db: sql_local
[0m18:49:04.310444 [debug] [ThreadPool]: SQL status: OK in 0.000 seconds
[0m18:49:04.311895 [debug] [ThreadPool]: On list_sql_local_dbo: ROLLBACK
[0m18:49:04.312340 [debug] [ThreadPool]: On list_sql_local_dbo: Close
[0m18:49:04.372061 [debug] [ThreadPool]: SQL status: OK in 1.000 seconds
[0m18:49:04.374410 [debug] [ThreadPool]: On list_silver_dbo: ROLLBACK
[0m18:49:04.375072 [debug] [ThreadPool]: On list_silver_dbo: Close
[0m18:49:04.377588 [debug] [MainThread]: Sending event: {'category': 'dbt', 'action': 'runnable_timing', 'label': 'b71506fc-0541-4efc-8390-d5ff088646f6', 'context': [<snowplow_tracker.self_describing_json.SelfDescribingJson object at 0x00000272D313D4F0>]}
[0m18:49:04.378287 [debug] [MainThread]: On master: COMMIT
[0m18:49:04.388504 [debug] [Thread-1 (]: Began running node model.project_dbt.gold_summary
[0m18:49:04.389404 [info ] [Thread-1 (]: 1 of 1 START sql table model gold.dbo.gold_summary ............................. [RUN]
[0m18:49:04.390654 [debug] [Thread-1 (]: Acquiring new sqlserver connection 'model.project_dbt.gold_summary'
[0m18:49:04.391035 [debug] [Thread-1 (]: Began compiling node model.project_dbt.gold_summary
[0m18:49:04.399557 [debug] [Thread-1 (]: Writing injected SQL for node "model.project_dbt.gold_summary"
[0m18:49:04.401126 [debug] [Thread-1 (]: Began executing node model.project_dbt.gold_summary
[0m18:49:04.497587 [debug] [Thread-1 (]: dbt-sqlserver
[0m18:49:04.511336 [debug] [Thread-1 (]: Applying DROP to: "gold"."dbo"."gold_summary__dbt_tmp__dbt_tmp_vw"
[0m18:49:04.525784 [debug] [Thread-1 (]: dbt-sqlserver
[0m18:49:04.528070 [debug] [Thread-1 (]: Using sqlserver connection "model.project_dbt.gold_summary"
[0m18:49:04.529258 [debug] [Thread-1 (]: On model.project_dbt.gold_summary: /* {"app": "dbt", "dbt_version": "1.12.3", "profile_name": "project_dbt", "target_name": "dev", "node_id": "model.project_dbt.gold_summary"} */

        USE [gold];
        select
            sch.name as schema_name,
            obj.name as view_name
        from sys.sql_expression_dependencies refs with (nolock)
        inner join sys.objects obj with (nolock)
        on refs.referencing_id = obj.object_id
        inner join sys.schemas sch with (nolock)
        on obj.schema_id = sch.schema_id
        where refs.referenced_database_name = 'gold'
        and refs.referenced_schema_name = 'dbo'
        and refs.referenced_entity_name = 'gold_summary__dbt_tmp__dbt_tmp_vw'
        and obj.type = 'V'
        
    OPTION (LABEL = 'dbt-sqlserver');

      
[0m18:49:04.529769 [debug] [Thread-1 (]: Opening a new connection, currently in state init
[0m18:49:04.530341 [debug] [Thread-1 (]: sqlserver adapter: Using connection string: DRIVER={ODBC Driver 18 for SQL Server};SERVER=HONEY\SQLEXPRESS;Database=sql_local;UID=***;PWD=***;encrypt=Yes;TrustServerCertificate=Yes;APP=dbt-sqlserver/1.11.1;Pooling=true;SQL_ATTR_TRACE=SQL_OPT_TRACE_OFF;ConnectRetryCount=3;ConnectRetryInterval=10
[0m18:49:04.530897 [debug] [Thread-1 (]: sqlserver adapter: Connected to db: sql_local
[0m18:49:04.594163 [debug] [Thread-1 (]: SQL status: OK in 0.000 seconds
[0m18:49:04.596866 [debug] [Thread-1 (]: Using sqlserver connection "model.project_dbt.gold_summary"
[0m18:49:04.597504 [debug] [Thread-1 (]: On model.project_dbt.gold_summary: /* {"app": "dbt", "dbt_version": "1.12.3", "profile_name": "project_dbt", "target_name": "dev", "node_id": "model.project_dbt.gold_summary"} */

      
      
    
    USE [gold];
    EXEC('DROP view IF EXISTS "dbo"."gold_summary__dbt_tmp__dbt_tmp_vw";');

[0m18:49:04.600986 [debug] [Thread-1 (]: SQL status: OK in 0.000 seconds
[0m18:49:04.616952 [debug] [Thread-1 (]: Writing runtime sql for node "model.project_dbt.gold_summary"
[0m18:49:04.618650 [debug] [Thread-1 (]: Using sqlserver connection "model.project_dbt.gold_summary"
[0m18:49:04.619393 [debug] [Thread-1 (]: On model.project_dbt.gold_summary: /* {"app": "dbt", "dbt_version": "1.12.3", "profile_name": "project_dbt", "target_name": "dev", "node_id": "model.project_dbt.gold_summary"} */

  
    USE [gold];
    USE [gold];
    
    

    

    USE [gold];
    EXEC('
        CREATE OR ALTER VIEW "dbo"."gold_summary__dbt_tmp__dbt_tmp_vw" AS select
    e.department_id,
    e.department_name,
    count(distinct e.employee_id) as employee_count,
    avg(sal.total_salary) as avg_salary,
    sum(sal.total_salary) as total_salary_cost
from "silver"."dbo"."silver_employee" e
left join "silver"."dbo"."silver_salary" sal
    on e.employee_id = sal.employee_id
group by
    e.department_id,
    e.department_name;
    ')

EXEC('IF OBJECT_ID(''dbo.gold_summary__dbt_tmp'', ''U'') IS NOT NULL
                EXEC(''DROP TABLE "gold"."dbo"."gold_summary__dbt_tmp"'');SELECT * INTO "gold"."dbo"."gold_summary__dbt_tmp" FROM "gold"."dbo"."gold_summary__dbt_tmp__dbt_tmp_vw" 
    OPTION (LABEL = ''dbt-sqlserver'');

        ')

    
    EXEC('DROP VIEW IF EXISTS "dbo"."gold_summary__dbt_tmp__dbt_tmp_vw"')



    
    use [gold];
    if EXISTS (
        SELECT *
        FROM sys.indexes with (nolock)
        WHERE name = 'dbo_gold_summary__dbt_tmp_cci'
        AND object_id=object_id('"dbo"."gold_summary__dbt_tmp"')
    )
    DROP index "dbo"."gold_summary__dbt_tmp".dbo_gold_summary__dbt_tmp_cci
    CREATE CLUSTERED COLUMNSTORE INDEX dbo_gold_summary__dbt_tmp_cci
    ON "dbo"."gold_summary__dbt_tmp"

   


  
[0m18:49:54.980162 [debug] [Thread-1 (]: SQL status: OK in 50.000 seconds
[0m18:49:54.982185 [debug] [Thread-1 (]: On model.project_dbt.gold_summary: ROLLBACK
[0m18:49:54.982702 [debug] [Thread-1 (]: On model.project_dbt.gold_summary: Close
[0m18:49:54.983466 [error] [Thread-1 (]: [[31mERROR[0m]: Unhandled error while executing target\run\project_dbt\project_dbt/models\gold\gold_summary.sql
('42000', "[42000] [Microsoft][ODBC Driver 18 for SQL Server][SQL Server]A timeout occurred while waiting for memory resources to execute the query in resource pool 'internal' (1). Rerun the query. (8645) (SQLMoreResults)")
[0m18:49:55.141494 [debug] [Thread-1 (]: Traceback (most recent call last):
  File "D:\Local Projects\DBT\.dbt_venv\Lib\site-packages\dbt\task\base.py", line 388, in safe_run
    result = self.compile_and_execute(manifest, ctx)
  File "D:\Local Projects\DBT\.dbt_venv\Lib\site-packages\dbt\task\base.py", line 335, in compile_and_execute
    result = self.run(ctx.node, manifest)
  File "D:\Local Projects\DBT\.dbt_venv\Lib\site-packages\dbt\task\base.py", line 440, in run
    return self.execute(compiled_node, manifest)  # type: ignore[arg-type]
           ~~~~~~~~~~~~^^^^^^^^^^^^^^^^^^^^^^^^^
  File "D:\Local Projects\DBT\.dbt_venv\Lib\site-packages\dbt\task\run.py", line 484, in execute
    return self._execute_model(
           ~~~~~~~~~~~~~~~~~~~^
        hook_ctx, context["config"], model, context, materialization_macro, manifest
        ^^^^^^^^^^^^^^^^^^^^^^^^^^^^^^^^^^^^^^^^^^^^^^^^^^^^^^^^^^^^^^^^^^^^^^^^^^^^
    )
    ^
  File "D:\Local Projects\DBT\.dbt_venv\Lib\site-packages\dbt\task\run.py", line 440, in _execute_model
    result = MacroGenerator(
        materialization_macro, context, stack=context["context_macro_stack"]
    )()
  File "D:\Local Projects\DBT\.dbt_venv\Lib\site-packages\dbt\clients\jinja.py", line 151, in __call__
    return self.call_macro(*args, **kwargs)
           ~~~~~~~~~~~~~~~^^^^^^^^^^^^^^^^^
  File "D:\Local Projects\DBT\.dbt_venv\Lib\site-packages\dbt_common\clients\jinja.py", line 395, in call_macro
    return macro(*args, **kwargs)
  File "D:\Local Projects\DBT\.dbt_venv\Lib\site-packages\jinja2\runtime.py", line 770, in __call__
    return self._invoke(arguments, autoescape)
           ~~~~~~~~~~~~^^^^^^^^^^^^^^^^^^^^^^^
  File "D:\Local Projects\DBT\.dbt_venv\Lib\site-packages\jinja2\runtime.py", line 784, in _invoke
    rv = self._func(*arguments)
  File "<template>", line 153, in macro
  File "D:\Local Projects\DBT\.dbt_venv\Lib\site-packages\jinja2\sandbox.py", line 401, in call
    return __context.call(__obj, *args, **kwargs)
           ~~~~~~~~~~~~~~^^^^^^^^^^^^^^^^^^^^^^^^
  File "D:\Local Projects\DBT\.dbt_venv\Lib\site-packages\jinja2\runtime.py", line 303, in call
    return __obj(*args, **kwargs)
  File "D:\Local Projects\DBT\.dbt_venv\Lib\site-packages\dbt\clients\jinja.py", line 151, in __call__
    return self.call_macro(*args, **kwargs)
           ~~~~~~~~~~~~~~~^^^^^^^^^^^^^^^^^
  File "D:\Local Projects\DBT\.dbt_venv\Lib\site-packages\dbt_common\clients\jinja.py", line 395, in call_macro
    return macro(*args, **kwargs)
  File "D:\Local Projects\DBT\.dbt_venv\Lib\site-packages\jinja2\runtime.py", line 770, in __call__
    return self._invoke(arguments, autoescape)
           ~~~~~~~~~~~~^^^^^^^^^^^^^^^^^^^^^^^
  File "D:\Local Projects\DBT\.dbt_venv\Lib\site-packages\jinja2\runtime.py", line 784, in _invoke
    rv = self._func(*arguments)
  File "<template>", line 52, in macro
  File "D:\Local Projects\DBT\.dbt_venv\Lib\site-packages\jinja2\sandbox.py", line 401, in call
    return __context.call(__obj, *args, **kwargs)
           ~~~~~~~~~~~~~~^^^^^^^^^^^^^^^^^^^^^^^^
  File "D:\Local Projects\DBT\.dbt_venv\Lib\site-packages\jinja2\runtime.py", line 303, in call
    return __obj(*args, **kwargs)
  File "D:\Local Projects\DBT\.dbt_venv\Lib\site-packages\dbt_common\record.py", line 538, in record_replay_wrapper
    return func_to_record(*call_args, **kwargs)
  File "D:\Local Projects\DBT\.dbt_venv\Lib\site-packages\dbt\adapters\base\impl.py", line 523, in execute
    return self.connections.execute(sql=sql, auto_begin=auto_begin, fetch=fetch, limit=limit)
           ~~~~~~~~~~~~~~~~~~~~~~~~^^^^^^^^^^^^^^^^^^^^^^^^^^^^^^^^^^^^^^^^^^^^^^^^^^^^^^^^^^
  File "D:\Local Projects\DBT\.dbt_venv\Lib\site-packages\dbt\adapters\sqlserver\sqlserver_connections.py", line 528, in execute
    while cursor.nextset():
          ~~~~~~~~~~~~~~^^
pyodbc.ProgrammingError: ('42000', "[42000] [Microsoft][ODBC Driver 18 for SQL Server][SQL Server]A timeout occurred while waiting for memory resources to execute the query in resource pool 'internal' (1). Rerun the query. (8645) (SQLMoreResults)")

[0m18:49:55.145308 [debug] [Thread-1 (]: Sending event: {'category': 'dbt', 'action': 'run_model', 'label': 'b71506fc-0541-4efc-8390-d5ff088646f6', 'context': [<snowplow_tracker.self_describing_json.SelfDescribingJson object at 0x00000272D3A67250>]}
[0m18:49:55.146204 [error] [Thread-1 (]: 1 of 1 ERROR creating sql table model gold.dbo.gold_summary .................... [[31mERROR[0m in 50.75s]
[0m18:49:55.147111 [debug] [Thread-1 (]: Finished running node model.project_dbt.gold_summary
[0m18:49:55.148035 [debug] [Thread-6 (]: Marking all children of 'model.project_dbt.gold_summary' to be skipped because of status 'error'.  Reason: ('42000', "[42000] [Microsoft][ODBC Driver 18 for SQL Server][SQL Server]A timeout occurred while waiting for memory resources to execute the query in resource pool 'internal' (1). Rerun the query. (8645) (SQLMoreResults)").
[0m18:49:55.150646 [debug] [MainThread]: On master: COMMIT
[0m18:49:55.151291 [debug] [MainThread]: Connection 'master' was properly closed.
[0m18:49:55.151598 [debug] [MainThread]: Connection 'list_gold' was properly closed.
[0m18:49:55.151952 [debug] [MainThread]: Connection 'list_gold_dbo' was properly closed.
[0m18:49:55.152292 [debug] [MainThread]: Connection 'list_sql_local_dbo' was properly closed.
[0m18:49:55.152734 [debug] [MainThread]: Connection 'list_silver_dbo' was properly closed.
[0m18:49:55.153064 [debug] [MainThread]: Connection 'model.project_dbt.gold_summary' was properly closed.
[0m18:49:55.153502 [info ] [MainThread]: 
[0m18:49:55.154133 [info ] [MainThread]: Finished running 1 table model in 0 hours 0 minutes and 51.79 seconds (51.79s).
[0m18:49:55.155313 [debug] [MainThread]: Command end result
[0m18:49:55.200174 [debug] [MainThread]: Wrote artifact WritableManifest to D:\Local Projects\DBT\target\manifest.json
[0m18:49:55.204302 [debug] [MainThread]: Wrote artifact SemanticManifest to D:\Local Projects\DBT\target\semantic_manifest.json
[0m18:49:55.208200 [debug] [MainThread]: Wrote artifact OsiDocument to D:\Local Projects\DBT\target\osi_document.json
[0m18:49:55.216322 [debug] [MainThread]: Wrote artifact RunExecutionResult to D:\Local Projects\DBT\target\run_results.json
[0m18:49:55.216764 [info ] [MainThread]: 
[0m18:49:55.217864 [info ] [MainThread]: [31mCompleted with 1 error, 0 partial successes, and 0 warnings:[0m
[0m18:49:55.218762 [info ] [MainThread]: 
[0m18:49:55.219721 [error] [MainThread]: [[31mERROR[0m]: in model gold_summary (project_dbt/models\gold\gold_summary.sql)
[0m18:49:55.220662 [error] [MainThread]:   ('42000', "[42000] [Microsoft][ODBC Driver 18 for SQL Server][SQL Server]A timeout occurred while waiting for memory resources to execute the query in resource pool 'internal' (1). Rerun the query. (8645) (SQLMoreResults)")
[0m18:49:55.221372 [info ] [MainThread]: 
[0m18:49:55.222159 [info ] [MainThread]:   compiled code at target\compiled\project_dbt\project_dbt/models\gold\gold_summary.sql
[0m18:49:55.222772 [info ] [MainThread]: 
[0m18:49:55.223759 [info ] [MainThread]: Done. PASS=0 WARN=0 ERROR=1 SKIP=0 NO-OP=0 REUSED=0 TOTAL=1
[0m18:49:55.225649 [debug] [MainThread]: Command `dbt run` failed at 18:49:55.225456 after 53.29 seconds
[0m18:49:55.226128 [debug] [MainThread]: Sending event: {'category': 'dbt', 'action': 'invocation', 'label': 'end', 'context': [<snowplow_tracker.self_describing_json.SelfDescribingJson object at 0x00000272D3642450>, <snowplow_tracker.self_describing_json.SelfDescribingJson object at 0x00000272D3643ED0>, <snowplow_tracker.self_describing_json.SelfDescribingJson object at 0x00000272D2D57310>]}
[0m18:49:55.226469 [debug] [MainThread]: Flushing usage events
[0m18:49:56.907905 [debug] [MainThread]: An error was encountered while trying to flush usage events
[0m18:52:08.453306 [debug] [MainThread]: Sending event: {'category': 'dbt', 'action': 'invocation', 'label': 'start', 'context': [<snowplow_tracker.self_describing_json.SelfDescribingJson object at 0x000001A1B55DE3C0>, <snowplow_tracker.self_describing_json.SelfDescribingJson object at 0x000001A1B2F29090>, <snowplow_tracker.self_describing_json.SelfDescribingJson object at 0x000001A1B7F2F9D0>]}


============================== 18:52:08.462387 | c2b2bc1f-f268-4f30-9297-6c8e534908a1 ==============================
[0m18:52:08.462387 [info ] [MainThread]: Running with dbt=1.12.3
[0m18:52:08.464065 [debug] [MainThread]: running dbt with arguments {'static_parser': 'True', 'no_print': 'None', 'version_check': 'True', 'target_path': 'None', 'warn_error_options': 'WarnErrorOptionsV2(error=[], warn=[], silence=[])', 'maximum_seed_size_mib': '1', 'printer_width': '80', 'write_json': 'True', 'introspect': 'True', 'log_cache_events': 'False', 'empty': 'False', 'cache_selected_only': 'False', 'fail_fast': 'False', 'debug': 'False', 'log_format': 'default', 'profiles_dir': 'C:\\Users\\Dell\\.dbt', 'send_anonymous_usage_stats': 'True', 'quiet': 'False', 'warn_error': 'None', 'partial_parse': 'True', 'indirect_selection': 'eager', 'hints_enabled': 'True', 'use_colors': 'True', 'use_experimental_parser': 'False', 'invocation_command': 'dbt run --select gold', 'log_path': 'D:\\Local Projects\\DBT\\logs'}
[0m18:52:08.900642 [debug] [MainThread]: Sending event: {'category': 'dbt', 'action': 'project_id', 'label': 'c2b2bc1f-f268-4f30-9297-6c8e534908a1', 'context': [<snowplow_tracker.self_describing_json.SelfDescribingJson object at 0x000001A1B7FB16E0>]}
[0m18:52:08.984990 [debug] [MainThread]: Sending event: {'category': 'dbt', 'action': 'adapter_info', 'label': 'c2b2bc1f-f268-4f30-9297-6c8e534908a1', 'context': [<snowplow_tracker.self_describing_json.SelfDescribingJson object at 0x000001A1B37ADF20>]}
[0m18:52:08.986206 [info ] [MainThread]: Registered adapter: sqlserver=1.11.1
[0m18:52:09.341492 [warn ] [MainThread]: [[33mWARNING[0m]: When True, uses SQL Server-native string type mappings: STRING -> VARCHAR(MAX), NCHAR -> NCHAR(1), NVARCHAR -> NVARCHAR(4000). When False (default), preserves legacy mappings: STRING and NVARCHAR -> VARCHAR(8000), NCHAR -> CHAR(1). The new behaviour is intended to become the default in a future release.
You may opt into the new behavior sooner by setting `flags.dbt_sqlserver_use_native_string_types` to `True` in `dbt_project.yml`.
Visit https://docs.getdbt.com/reference/global-configs/behavior-changes for more information.
[0m18:52:09.342786 [debug] [MainThread]: Sending event: {'category': 'dbt', 'action': 'BehaviorChangeEvent', 'label': 'c2b2bc1f-f268-4f30-9297-6c8e534908a1', 'context': [<snowplow_tracker.self_describing_json.SelfDescribingJson object at 0x000001A1B8346050>]}
[0m18:52:09.343575 [warn ] [MainThread]: [[33mWARNING[0m]: When True, dbt transaction hooks (begin/commit) emit real T-SQL BEGIN TRANSACTION / COMMIT TRANSACTION statements. When False (default and legacy), begin/commit are no-ops and each statement is auto-committed by the driver. This means earlier successful statements are not rolled back if a later statement fails. This behavior is intended to become the default in a future release.
You may opt into the new behavior sooner by setting `flags.dbt_sqlserver_use_dbt_transactions` to `True` in `dbt_project.yml`.
Visit https://docs.getdbt.com/reference/global-configs/behavior-changes for more information.
[0m18:52:09.344595 [debug] [MainThread]: Sending event: {'category': 'dbt', 'action': 'BehaviorChangeEvent', 'label': 'c2b2bc1f-f268-4f30-9297-6c8e534908a1', 'context': [<snowplow_tracker.self_describing_json.SelfDescribingJson object at 0x000001A1B86A97C0>]}
[0m18:52:09.357133 [debug] [MainThread]: checksum: 61fa0cb8ebbab08e6306b916b7eee9c1bd2f4ae870aa253f37d5f612939c7047, vars: {}, profile: project_dbt, target: dev, version: 1.12.3
[0m18:52:09.600521 [debug] [MainThread]: Partial parsing enabled: 0 files deleted, 0 files added, 0 files changed.
[0m18:52:09.601096 [debug] [MainThread]: Nothing changed, skipping partial parsing.
[0m18:52:09.601451 [debug] [MainThread]: Partial parsing enabled, no changes found, skipping parsing
[0m18:52:09.612794 [debug] [MainThread]: Sending event: {'category': 'dbt', 'action': 'load_project', 'label': 'c2b2bc1f-f268-4f30-9297-6c8e534908a1', 'context': [<snowplow_tracker.self_describing_json.SelfDescribingJson object at 0x000001A1B8AFB310>]}
[0m18:52:09.851822 [debug] [MainThread]: Wrote artifact WritableManifest to D:\Local Projects\DBT\target\manifest.json
[0m18:52:09.856223 [debug] [MainThread]: Wrote artifact SemanticManifest to D:\Local Projects\DBT\target\semantic_manifest.json
[0m18:52:09.915226 [debug] [MainThread]: Wrote artifact OsiDocument to D:\Local Projects\DBT\target\osi_document.json
[0m18:52:09.938095 [debug] [MainThread]: Sending event: {'category': 'dbt', 'action': 'resource_counts', 'label': 'c2b2bc1f-f268-4f30-9297-6c8e534908a1', 'context': [<snowplow_tracker.self_describing_json.SelfDescribingJson object at 0x000001A1B8957790>]}
[0m18:52:09.939758 [info ] [MainThread]: Found 6 models, 7 data tests, 4 sources, 556 macros
[0m18:52:09.940730 [debug] [MainThread]: Sending event: {'category': 'dbt', 'action': 'runnable_timing', 'label': 'c2b2bc1f-f268-4f30-9297-6c8e534908a1', 'context': [<snowplow_tracker.self_describing_json.SelfDescribingJson object at 0x000001A1B8B71A90>]}
[0m18:52:09.942790 [info ] [MainThread]: 
[0m18:52:09.943593 [info ] [MainThread]: Concurrency: 3 threads (target='dev')
[0m18:52:09.944394 [info ] [MainThread]: 
[0m18:52:09.945489 [debug] [MainThread]: Acquiring new sqlserver connection 'master'
[0m18:52:09.946946 [debug] [ThreadPool]: Acquiring new sqlserver connection 'list_gold'
[0m18:52:09.974871 [debug] [ThreadPool]: dbt-sqlserver
[0m18:52:09.979452 [debug] [ThreadPool]: Using sqlserver connection "list_gold"
[0m18:52:09.980007 [debug] [ThreadPool]: On list_gold: /* {"app": "dbt", "dbt_version": "1.12.3", "profile_name": "project_dbt", "target_name": "dev", "connection_name": "list_gold"} */
USE [gold];
    select  name as [schema]
    from sys.schemas with (nolock) 
    OPTION (LABEL = 'dbt-sqlserver');

  
[0m18:52:09.980292 [debug] [ThreadPool]: Opening a new connection, currently in state init
[0m18:52:09.983539 [debug] [ThreadPool]: sqlserver adapter: Using connection string: DRIVER={ODBC Driver 18 for SQL Server};SERVER=HONEY\SQLEXPRESS;Database=sql_local;UID=***;PWD=***;encrypt=Yes;TrustServerCertificate=Yes;APP=dbt-sqlserver/1.11.1;Pooling=true;SQL_ATTR_TRACE=SQL_OPT_TRACE_OFF;ConnectRetryCount=3;ConnectRetryInterval=10
[0m18:52:10.287789 [debug] [ThreadPool]: sqlserver adapter: Connected to db: sql_local
[0m18:52:10.294109 [debug] [ThreadPool]: SQL status: OK in 0.000 seconds
[0m18:52:10.295571 [debug] [ThreadPool]: On list_gold: Close
[0m18:52:10.303088 [debug] [ThreadPool]: Acquiring new sqlserver connection 'list_sql_local_dbo'
[0m18:52:10.310716 [debug] [ThreadPool]: dbt-sqlserver
[0m18:52:10.312215 [debug] [ThreadPool]: Using sqlserver connection "list_sql_local_dbo"
[0m18:52:10.312639 [debug] [ThreadPool]: On list_sql_local_dbo: /* {"app": "dbt", "dbt_version": "1.12.3", "profile_name": "project_dbt", "target_name": "dev", "connection_name": "list_sql_local_dbo"} */
USE [sql_local];
    declare @schema_id int = schema_id('dbo');
    select
      DB_NAME() as [database],
      t.name as [name],
      'dbo' as [schema],
      'table' as table_type
    from sys.tables as t with (nolock)
    where t.schema_id = @schema_id
    union all
    select
      DB_NAME() as [database],
      v.name as [name],
      'dbo' as [schema],
      'view' as table_type
    from sys.views as v with (nolock)
    where v.schema_id = @schema_id
    
    OPTION (LABEL = 'dbt-sqlserver');

  
[0m18:52:10.313012 [debug] [ThreadPool]: Opening a new connection, currently in state init
[0m18:52:10.313529 [debug] [ThreadPool]: sqlserver adapter: Using connection string: DRIVER={ODBC Driver 18 for SQL Server};SERVER=HONEY\SQLEXPRESS;Database=sql_local;UID=***;PWD=***;encrypt=Yes;TrustServerCertificate=Yes;APP=dbt-sqlserver/1.11.1;Pooling=true;SQL_ATTR_TRACE=SQL_OPT_TRACE_OFF;ConnectRetryCount=3;ConnectRetryInterval=10
[0m18:52:10.311419 [debug] [ThreadPool]: Acquiring new sqlserver connection 'list_silver_dbo'
[0m18:52:10.316577 [debug] [ThreadPool]: dbt-sqlserver
[0m18:52:10.317632 [debug] [ThreadPool]: Using sqlserver connection "list_silver_dbo"
[0m18:52:10.318736 [debug] [ThreadPool]: On list_silver_dbo: /* {"app": "dbt", "dbt_version": "1.12.3", "profile_name": "project_dbt", "target_name": "dev", "connection_name": "list_silver_dbo"} */
USE [silver];
    declare @schema_id int = schema_id('dbo');
    select
      DB_NAME() as [database],
      t.name as [name],
      'dbo' as [schema],
      'table' as table_type
    from sys.tables as t with (nolock)
    where t.schema_id = @schema_id
    union all
    select
      DB_NAME() as [database],
      v.name as [name],
      'dbo' as [schema],
      'view' as table_type
    from sys.views as v with (nolock)
    where v.schema_id = @schema_id
    
    OPTION (LABEL = 'dbt-sqlserver');

  
[0m18:52:10.319334 [debug] [ThreadPool]: Opening a new connection, currently in state init
[0m18:52:10.318314 [debug] [ThreadPool]: Acquiring new sqlserver connection 'list_gold_dbo'
[0m18:52:10.321618 [debug] [ThreadPool]: dbt-sqlserver
[0m18:52:10.322215 [debug] [ThreadPool]: Using sqlserver connection "list_gold_dbo"
[0m18:52:10.322548 [debug] [ThreadPool]: On list_gold_dbo: /* {"app": "dbt", "dbt_version": "1.12.3", "profile_name": "project_dbt", "target_name": "dev", "connection_name": "list_gold_dbo"} */
USE [gold];
    declare @schema_id int = schema_id('dbo');
    select
      DB_NAME() as [database],
      t.name as [name],
      'dbo' as [schema],
      'table' as table_type
    from sys.tables as t with (nolock)
    where t.schema_id = @schema_id
    union all
    select
      DB_NAME() as [database],
      v.name as [name],
      'dbo' as [schema],
      'view' as table_type
    from sys.views as v with (nolock)
    where v.schema_id = @schema_id
    
    OPTION (LABEL = 'dbt-sqlserver');

  
[0m18:52:10.322877 [debug] [ThreadPool]: Opening a new connection, currently in state init
[0m18:52:10.323260 [debug] [ThreadPool]: sqlserver adapter: Using connection string: DRIVER={ODBC Driver 18 for SQL Server};SERVER=HONEY\SQLEXPRESS;Database=sql_local;UID=***;PWD=***;encrypt=Yes;TrustServerCertificate=Yes;APP=dbt-sqlserver/1.11.1;Pooling=true;SQL_ATTR_TRACE=SQL_OPT_TRACE_OFF;ConnectRetryCount=3;ConnectRetryInterval=10
[0m18:52:10.319981 [debug] [ThreadPool]: sqlserver adapter: Using connection string: DRIVER={ODBC Driver 18 for SQL Server};SERVER=HONEY\SQLEXPRESS;Database=sql_local;UID=***;PWD=***;encrypt=Yes;TrustServerCertificate=Yes;APP=dbt-sqlserver/1.11.1;Pooling=true;SQL_ATTR_TRACE=SQL_OPT_TRACE_OFF;ConnectRetryCount=3;ConnectRetryInterval=10
[0m18:52:10.704619 [debug] [ThreadPool]: sqlserver adapter: Connected to db: sql_local
[0m18:52:10.721749 [debug] [ThreadPool]: sqlserver adapter: Connected to db: sql_local
[0m18:52:10.749763 [debug] [ThreadPool]: sqlserver adapter: Connected to db: sql_local
[0m18:52:10.807951 [debug] [ThreadPool]: SQL status: OK in 0.000 seconds
[0m18:52:10.810102 [debug] [ThreadPool]: On list_sql_local_dbo: ROLLBACK
[0m18:52:10.810694 [debug] [ThreadPool]: On list_sql_local_dbo: Close
[0m18:52:10.832898 [debug] [ThreadPool]: SQL status: OK in 1.000 seconds
[0m18:52:10.835231 [debug] [ThreadPool]: On list_gold_dbo: ROLLBACK
[0m18:52:10.835815 [debug] [ThreadPool]: On list_gold_dbo: Close
[0m18:52:10.976304 [debug] [ThreadPool]: SQL status: OK in 1.000 seconds
[0m18:52:10.978220 [debug] [ThreadPool]: On list_silver_dbo: ROLLBACK
[0m18:52:10.978635 [debug] [ThreadPool]: On list_silver_dbo: Close
[0m18:52:10.980848 [debug] [MainThread]: Sending event: {'category': 'dbt', 'action': 'runnable_timing', 'label': 'c2b2bc1f-f268-4f30-9297-6c8e534908a1', 'context': [<snowplow_tracker.self_describing_json.SelfDescribingJson object at 0x000001A1B31AFCD0>]}
[0m18:52:10.981545 [debug] [MainThread]: On master: COMMIT
[0m18:52:10.989935 [debug] [Thread-1 (]: Began running node model.project_dbt.gold_summary
[0m18:52:10.990550 [info ] [Thread-1 (]: 1 of 1 START sql table model gold.dbo.gold_summary ............................. [RUN]
[0m18:52:10.992259 [debug] [Thread-1 (]: Acquiring new sqlserver connection 'model.project_dbt.gold_summary'
[0m18:52:10.992826 [debug] [Thread-1 (]: Began compiling node model.project_dbt.gold_summary
[0m18:52:10.999503 [debug] [Thread-1 (]: Writing injected SQL for node "model.project_dbt.gold_summary"
[0m18:52:11.000450 [debug] [Thread-1 (]: Began executing node model.project_dbt.gold_summary
[0m18:52:11.042731 [debug] [Thread-1 (]: Applying DROP to: "gold"."dbo"."gold_summary__dbt_tmp"
[0m18:52:11.049404 [debug] [Thread-1 (]: Using sqlserver connection "model.project_dbt.gold_summary"
[0m18:52:11.049777 [debug] [Thread-1 (]: On model.project_dbt.gold_summary: /* {"app": "dbt", "dbt_version": "1.12.3", "profile_name": "project_dbt", "target_name": "dev", "node_id": "model.project_dbt.gold_summary"} */

      
    USE [gold];
    EXEC('DROP table IF EXISTS "dbo"."gold_summary__dbt_tmp";');

[0m18:52:11.050073 [debug] [Thread-1 (]: Opening a new connection, currently in state init
[0m18:52:11.050477 [debug] [Thread-1 (]: sqlserver adapter: Using connection string: DRIVER={ODBC Driver 18 for SQL Server};SERVER=HONEY\SQLEXPRESS;Database=sql_local;UID=***;PWD=***;encrypt=Yes;TrustServerCertificate=Yes;APP=dbt-sqlserver/1.11.1;Pooling=true;SQL_ATTR_TRACE=SQL_OPT_TRACE_OFF;ConnectRetryCount=3;ConnectRetryInterval=10
[0m18:52:11.050865 [debug] [Thread-1 (]: sqlserver adapter: Connected to db: sql_local
[0m18:52:11.060105 [debug] [Thread-1 (]: SQL status: OK in 0.000 seconds
[0m18:52:11.084859 [debug] [Thread-1 (]: dbt-sqlserver
[0m18:52:11.090272 [debug] [Thread-1 (]: Applying DROP to: "gold"."dbo"."gold_summary__dbt_tmp__dbt_tmp_vw"
[0m18:52:11.092125 [debug] [Thread-1 (]: dbt-sqlserver
[0m18:52:11.092851 [debug] [Thread-1 (]: Using sqlserver connection "model.project_dbt.gold_summary"
[0m18:52:11.093188 [debug] [Thread-1 (]: On model.project_dbt.gold_summary: /* {"app": "dbt", "dbt_version": "1.12.3", "profile_name": "project_dbt", "target_name": "dev", "node_id": "model.project_dbt.gold_summary"} */

        USE [gold];
        select
            sch.name as schema_name,
            obj.name as view_name
        from sys.sql_expression_dependencies refs with (nolock)
        inner join sys.objects obj with (nolock)
        on refs.referencing_id = obj.object_id
        inner join sys.schemas sch with (nolock)
        on obj.schema_id = sch.schema_id
        where refs.referenced_database_name = 'gold'
        and refs.referenced_schema_name = 'dbo'
        and refs.referenced_entity_name = 'gold_summary__dbt_tmp__dbt_tmp_vw'
        and obj.type = 'V'
        
    OPTION (LABEL = 'dbt-sqlserver');

      
[0m18:52:11.138636 [debug] [Thread-1 (]: SQL status: OK in 0.000 seconds
[0m18:52:11.141504 [debug] [Thread-1 (]: Using sqlserver connection "model.project_dbt.gold_summary"
[0m18:52:11.142167 [debug] [Thread-1 (]: On model.project_dbt.gold_summary: /* {"app": "dbt", "dbt_version": "1.12.3", "profile_name": "project_dbt", "target_name": "dev", "node_id": "model.project_dbt.gold_summary"} */

      
      
    
    USE [gold];
    EXEC('DROP view IF EXISTS "dbo"."gold_summary__dbt_tmp__dbt_tmp_vw";');

[0m18:52:11.143521 [debug] [Thread-1 (]: SQL status: OK in 0.000 seconds
[0m18:52:11.156065 [debug] [Thread-1 (]: Writing runtime sql for node "model.project_dbt.gold_summary"
[0m18:52:11.157271 [debug] [Thread-1 (]: Using sqlserver connection "model.project_dbt.gold_summary"
[0m18:52:11.157696 [debug] [Thread-1 (]: On model.project_dbt.gold_summary: /* {"app": "dbt", "dbt_version": "1.12.3", "profile_name": "project_dbt", "target_name": "dev", "node_id": "model.project_dbt.gold_summary"} */

  
    USE [gold];
    USE [gold];
    
    

    

    USE [gold];
    EXEC('
        CREATE OR ALTER VIEW "dbo"."gold_summary__dbt_tmp__dbt_tmp_vw" AS select
    e.department_id,
    e.department_name,
    count(distinct e.employee_id) as employee_count,
    avg(sal.total_salary) as avg_salary,
    sum(sal.total_salary) as total_salary_cost
from "silver"."dbo"."silver_employee" e
left join "silver"."dbo"."silver_salary" sal
    on e.employee_id = sal.employee_id
group by
    e.department_id,
    e.department_name;
    ')

EXEC('IF OBJECT_ID(''dbo.gold_summary__dbt_tmp'', ''U'') IS NOT NULL
                EXEC(''DROP TABLE "gold"."dbo"."gold_summary__dbt_tmp"'');SELECT * INTO "gold"."dbo"."gold_summary__dbt_tmp" FROM "gold"."dbo"."gold_summary__dbt_tmp__dbt_tmp_vw" 
    OPTION (LABEL = ''dbt-sqlserver'');

        ')

    
    EXEC('DROP VIEW IF EXISTS "dbo"."gold_summary__dbt_tmp__dbt_tmp_vw"')



    
    use [gold];
    if EXISTS (
        SELECT *
        FROM sys.indexes with (nolock)
        WHERE name = 'dbo_gold_summary__dbt_tmp_cci'
        AND object_id=object_id('"dbo"."gold_summary__dbt_tmp"')
    )
    DROP index "dbo"."gold_summary__dbt_tmp".dbo_gold_summary__dbt_tmp_cci
    CREATE CLUSTERED COLUMNSTORE INDEX dbo_gold_summary__dbt_tmp_cci
    ON "dbo"."gold_summary__dbt_tmp"

   


  
[0m18:52:11.278101 [debug] [Thread-1 (]: SQL status: OK in 0.000 seconds
[0m18:52:11.285744 [debug] [Thread-1 (]: Using sqlserver connection "model.project_dbt.gold_summary"
[0m18:52:11.286321 [debug] [Thread-1 (]: On model.project_dbt.gold_summary: /* {"app": "dbt", "dbt_version": "1.12.3", "profile_name": "project_dbt", "target_name": "dev", "node_id": "model.project_dbt.gold_summary"} */
USE [gold];
      EXEC sp_rename 'dbo.gold_summary__dbt_tmp', 'gold_summary'
[0m18:52:12.364165 [debug] [Thread-1 (]: SQL status: OK in 1.000 seconds
[0m18:52:12.427371 [debug] [Thread-1 (]: On model.project_dbt.gold_summary: COMMIT
[0m18:52:12.429411 [debug] [Thread-1 (]: Applying DROP to: "gold"."dbo"."gold_summary__dbt_backup"
[0m18:52:12.430493 [debug] [Thread-1 (]: Using sqlserver connection "model.project_dbt.gold_summary"
[0m18:52:12.431189 [debug] [Thread-1 (]: On model.project_dbt.gold_summary: /* {"app": "dbt", "dbt_version": "1.12.3", "profile_name": "project_dbt", "target_name": "dev", "node_id": "model.project_dbt.gold_summary"} */

      
    USE [gold];
    EXEC('DROP table IF EXISTS "dbo"."gold_summary__dbt_backup";');

[0m18:52:12.433173 [debug] [Thread-1 (]: SQL status: OK in 0.000 seconds
[0m18:52:12.436806 [debug] [Thread-1 (]: On model.project_dbt.gold_summary: Close
[0m18:52:12.440515 [debug] [Thread-1 (]: Sending event: {'category': 'dbt', 'action': 'run_model', 'label': 'c2b2bc1f-f268-4f30-9297-6c8e534908a1', 'context': [<snowplow_tracker.self_describing_json.SelfDescribingJson object at 0x000001A1B8CD9090>]}
[0m18:52:12.441557 [info ] [Thread-1 (]: 1 of 1 OK created sql table model gold.dbo.gold_summary ........................ [[32mOK[0m in 1.45s]
[0m18:52:12.442808 [debug] [Thread-1 (]: Finished running node model.project_dbt.gold_summary
[0m18:52:12.445159 [debug] [MainThread]: On master: COMMIT
[0m18:52:12.446043 [debug] [MainThread]: Connection 'master' was properly closed.
[0m18:52:12.446749 [debug] [MainThread]: Connection 'list_gold' was properly closed.
[0m18:52:12.447433 [debug] [MainThread]: Connection 'list_sql_local_dbo' was properly closed.
[0m18:52:12.447979 [debug] [MainThread]: Connection 'list_silver_dbo' was properly closed.
[0m18:52:12.448331 [debug] [MainThread]: Connection 'list_gold_dbo' was properly closed.
[0m18:52:12.448656 [debug] [MainThread]: Connection 'model.project_dbt.gold_summary' was properly closed.
[0m18:52:12.449044 [info ] [MainThread]: 
[0m18:52:12.449704 [info ] [MainThread]: Finished running 1 table model in 0 hours 0 minutes and 2.50 seconds (2.50s).
[0m18:52:12.452046 [debug] [MainThread]: Command end result
[0m18:52:12.541540 [debug] [MainThread]: Wrote artifact WritableManifest to D:\Local Projects\DBT\target\manifest.json
[0m18:52:12.547454 [debug] [MainThread]: Wrote artifact SemanticManifest to D:\Local Projects\DBT\target\semantic_manifest.json
[0m18:52:12.554337 [debug] [MainThread]: Wrote artifact OsiDocument to D:\Local Projects\DBT\target\osi_document.json
[0m18:52:12.568259 [debug] [MainThread]: Wrote artifact RunExecutionResult to D:\Local Projects\DBT\target\run_results.json
[0m18:52:12.569031 [info ] [MainThread]: 
[0m18:52:12.570496 [info ] [MainThread]: [32mCompleted successfully[0m
[0m18:52:12.571675 [info ] [MainThread]: 
[0m18:52:12.572652 [info ] [MainThread]: Done. PASS=1 WARN=0 ERROR=0 SKIP=0 NO-OP=0 REUSED=0 TOTAL=1
[0m18:52:12.575110 [debug] [MainThread]: Command `dbt run` succeeded at 18:52:12.574513 after 4.31 seconds
[0m18:52:12.576308 [debug] [MainThread]: Sending event: {'category': 'dbt', 'action': 'invocation', 'label': 'end', 'context': [<snowplow_tracker.self_describing_json.SelfDescribingJson object at 0x000001A1B8832450>, <snowplow_tracker.self_describing_json.SelfDescribingJson object at 0x000001A1B8833ED0>, <snowplow_tracker.self_describing_json.SelfDescribingJson object at 0x000001A1B7F57310>]}
[0m18:52:12.577399 [debug] [MainThread]: Flushing usage events
[0m18:52:14.124764 [debug] [MainThread]: An error was encountered while trying to flush usage events
[0m19:04:48.034461 [debug] [MainThread]: Sending event: {'category': 'dbt', 'action': 'invocation', 'label': 'start', 'context': [<snowplow_tracker.self_describing_json.SelfDescribingJson object at 0x000001FA2F91E3C0>, <snowplow_tracker.self_describing_json.SelfDescribingJson object at 0x000001FA2D279090>, <snowplow_tracker.self_describing_json.SelfDescribingJson object at 0x000001FA32277890>]}


============================== 19:04:48.044893 | a2ef36f8-6775-489a-9f41-a67a0b4e1799 ==============================
[0m19:04:48.044893 [info ] [MainThread]: Running with dbt=1.12.3
[0m19:04:48.045804 [debug] [MainThread]: running dbt with arguments {'static_parser': 'True', 'no_print': 'None', 'maximum_seed_size_mib': '1', 'target_path': 'None', 'version_check': 'True', 'warn_error_options': 'WarnErrorOptionsV2(error=[], warn=[], silence=[])', 'printer_width': '80', 'write_json': 'True', 'empty': 'None', 'log_cache_events': 'False', 'introspect': 'True', 'cache_selected_only': 'False', 'fail_fast': 'False', 'debug': 'False', 'log_format': 'default', 'profiles_dir': 'C:\\Users\\Dell\\.dbt', 'send_anonymous_usage_stats': 'True', 'quiet': 'False', 'warn_error': 'None', 'partial_parse': 'True', 'use_colors': 'True', 'hints_enabled': 'True', 'indirect_selection': 'eager', 'use_experimental_parser': 'False', 'invocation_command': 'dbt docs generate', 'log_path': 'D:\\Local Projects\\DBT\\logs'}
[0m19:04:48.424186 [debug] [MainThread]: Sending event: {'category': 'dbt', 'action': 'project_id', 'label': 'a2ef36f8-6775-489a-9f41-a67a0b4e1799', 'context': [<snowplow_tracker.self_describing_json.SelfDescribingJson object at 0x000001FA32311810>]}
[0m19:04:48.501832 [debug] [MainThread]: Sending event: {'category': 'dbt', 'action': 'adapter_info', 'label': 'a2ef36f8-6775-489a-9f41-a67a0b4e1799', 'context': [<snowplow_tracker.self_describing_json.SelfDescribingJson object at 0x000001FA2DAFDF20>]}
[0m19:04:48.502748 [info ] [MainThread]: Registered adapter: sqlserver=1.11.1
[0m19:04:48.813754 [warn ] [MainThread]: [[33mWARNING[0m]: When True, uses SQL Server-native string type mappings: STRING -> VARCHAR(MAX), NCHAR -> NCHAR(1), NVARCHAR -> NVARCHAR(4000). When False (default), preserves legacy mappings: STRING and NVARCHAR -> VARCHAR(8000), NCHAR -> CHAR(1). The new behaviour is intended to become the default in a future release.
You may opt into the new behavior sooner by setting `flags.dbt_sqlserver_use_native_string_types` to `True` in `dbt_project.yml`.
Visit https://docs.getdbt.com/reference/global-configs/behavior-changes for more information.
[0m19:04:48.815597 [debug] [MainThread]: Sending event: {'category': 'dbt', 'action': 'BehaviorChangeEvent', 'label': 'a2ef36f8-6775-489a-9f41-a67a0b4e1799', 'context': [<snowplow_tracker.self_describing_json.SelfDescribingJson object at 0x000001FA32646050>]}
[0m19:04:48.816184 [warn ] [MainThread]: [[33mWARNING[0m]: When True, dbt transaction hooks (begin/commit) emit real T-SQL BEGIN TRANSACTION / COMMIT TRANSACTION statements. When False (default and legacy), begin/commit are no-ops and each statement is auto-committed by the driver. This means earlier successful statements are not rolled back if a later statement fails. This behavior is intended to become the default in a future release.
You may opt into the new behavior sooner by setting `flags.dbt_sqlserver_use_dbt_transactions` to `True` in `dbt_project.yml`.
Visit https://docs.getdbt.com/reference/global-configs/behavior-changes for more information.
[0m19:04:48.817215 [debug] [MainThread]: Sending event: {'category': 'dbt', 'action': 'BehaviorChangeEvent', 'label': 'a2ef36f8-6775-489a-9f41-a67a0b4e1799', 'context': [<snowplow_tracker.self_describing_json.SelfDescribingJson object at 0x000001FA329A58B0>]}
[0m19:04:48.828046 [debug] [MainThread]: checksum: 61fa0cb8ebbab08e6306b916b7eee9c1bd2f4ae870aa253f37d5f612939c7047, vars: {}, profile: project_dbt, target: dev, version: 1.12.3
[0m19:04:49.118024 [debug] [MainThread]: Partial parsing enabled: 0 files deleted, 0 files added, 0 files changed.
[0m19:04:49.118397 [debug] [MainThread]: Nothing changed, skipping partial parsing.
[0m19:04:49.118631 [debug] [MainThread]: Partial parsing enabled, no changes found, skipping parsing
[0m19:04:49.130706 [debug] [MainThread]: Sending event: {'category': 'dbt', 'action': 'load_project', 'label': 'a2ef36f8-6775-489a-9f41-a67a0b4e1799', 'context': [<snowplow_tracker.self_describing_json.SelfDescribingJson object at 0x000001FA32DFB310>]}
[0m19:04:49.204602 [debug] [MainThread]: Sending event: {'category': 'dbt', 'action': 'resource_counts', 'label': 'a2ef36f8-6775-489a-9f41-a67a0b4e1799', 'context': [<snowplow_tracker.self_describing_json.SelfDescribingJson object at 0x000001FA327DF040>]}
[0m19:04:49.205498 [info ] [MainThread]: Found 6 models, 7 data tests, 4 sources, 556 macros
[0m19:04:49.206695 [debug] [MainThread]: Sending event: {'category': 'dbt', 'action': 'runnable_timing', 'label': 'a2ef36f8-6775-489a-9f41-a67a0b4e1799', 'context': [<snowplow_tracker.self_describing_json.SelfDescribingJson object at 0x000001FA32DA6F90>]}
[0m19:04:49.209924 [info ] [MainThread]: 
[0m19:04:49.210814 [info ] [MainThread]: Concurrency: 3 threads (target='dev')
[0m19:04:49.211654 [info ] [MainThread]: 
[0m19:04:49.212985 [debug] [MainThread]: Acquiring new sqlserver connection 'master'
[0m19:04:49.221723 [debug] [ThreadPool]: Acquiring new sqlserver connection 'list_gold_dbo'
[0m19:04:49.241670 [debug] [ThreadPool]: Acquiring new sqlserver connection 'list_sql_local_dbo'
[0m19:04:49.269172 [debug] [ThreadPool]: dbt-sqlserver
[0m19:04:49.280704 [debug] [ThreadPool]: dbt-sqlserver
[0m19:04:49.286157 [debug] [ThreadPool]: Using sqlserver connection "list_gold_dbo"
[0m19:04:49.255491 [debug] [ThreadPool]: Acquiring new sqlserver connection 'list_silver_dbo'
[0m19:04:49.286938 [debug] [ThreadPool]: On list_gold_dbo: /* {"app": "dbt", "dbt_version": "1.12.3", "profile_name": "project_dbt", "target_name": "dev", "connection_name": "list_gold_dbo"} */
USE [gold];
    declare @schema_id int = schema_id('dbo');
    select
      DB_NAME() as [database],
      t.name as [name],
      'dbo' as [schema],
      'table' as table_type
    from sys.tables as t with (nolock)
    where t.schema_id = @schema_id
    union all
    select
      DB_NAME() as [database],
      v.name as [name],
      'dbo' as [schema],
      'view' as table_type
    from sys.views as v with (nolock)
    where v.schema_id = @schema_id
    
    OPTION (LABEL = 'dbt-sqlserver');

  
[0m19:04:49.284821 [debug] [ThreadPool]: Using sqlserver connection "list_sql_local_dbo"
[0m19:04:49.314773 [debug] [ThreadPool]: On list_sql_local_dbo: /* {"app": "dbt", "dbt_version": "1.12.3", "profile_name": "project_dbt", "target_name": "dev", "connection_name": "list_sql_local_dbo"} */
USE [sql_local];
    declare @schema_id int = schema_id('dbo');
    select
      DB_NAME() as [database],
      t.name as [name],
      'dbo' as [schema],
      'table' as table_type
    from sys.tables as t with (nolock)
    where t.schema_id = @schema_id
    union all
    select
      DB_NAME() as [database],
      v.name as [name],
      'dbo' as [schema],
      'view' as table_type
    from sys.views as v with (nolock)
    where v.schema_id = @schema_id
    
    OPTION (LABEL = 'dbt-sqlserver');

  
[0m19:04:49.315282 [debug] [ThreadPool]: Opening a new connection, currently in state init
[0m19:04:49.313489 [debug] [ThreadPool]: dbt-sqlserver
[0m19:04:49.316499 [debug] [ThreadPool]: Using sqlserver connection "list_silver_dbo"
[0m19:04:49.316955 [debug] [ThreadPool]: On list_silver_dbo: /* {"app": "dbt", "dbt_version": "1.12.3", "profile_name": "project_dbt", "target_name": "dev", "connection_name": "list_silver_dbo"} */
USE [silver];
    declare @schema_id int = schema_id('dbo');
    select
      DB_NAME() as [database],
      t.name as [name],
      'dbo' as [schema],
      'table' as table_type
    from sys.tables as t with (nolock)
    where t.schema_id = @schema_id
    union all
    select
      DB_NAME() as [database],
      v.name as [name],
      'dbo' as [schema],
      'view' as table_type
    from sys.views as v with (nolock)
    where v.schema_id = @schema_id
    
    OPTION (LABEL = 'dbt-sqlserver');

  
[0m19:04:49.314144 [debug] [ThreadPool]: Opening a new connection, currently in state init
[0m19:04:49.317518 [debug] [ThreadPool]: Opening a new connection, currently in state init
[0m19:04:49.326584 [debug] [ThreadPool]: sqlserver adapter: Using connection string: DRIVER={ODBC Driver 18 for SQL Server};SERVER=HONEY\SQLEXPRESS;Database=sql_local;UID=***;PWD=***;encrypt=Yes;TrustServerCertificate=Yes;APP=dbt-sqlserver/1.11.1;Pooling=true;SQL_ATTR_TRACE=SQL_OPT_TRACE_OFF;ConnectRetryCount=3;ConnectRetryInterval=10
[0m19:04:49.328819 [debug] [ThreadPool]: sqlserver adapter: Using connection string: DRIVER={ODBC Driver 18 for SQL Server};SERVER=HONEY\SQLEXPRESS;Database=sql_local;UID=***;PWD=***;encrypt=Yes;TrustServerCertificate=Yes;APP=dbt-sqlserver/1.11.1;Pooling=true;SQL_ATTR_TRACE=SQL_OPT_TRACE_OFF;ConnectRetryCount=3;ConnectRetryInterval=10
[0m19:04:49.329745 [debug] [ThreadPool]: sqlserver adapter: Using connection string: DRIVER={ODBC Driver 18 for SQL Server};SERVER=HONEY\SQLEXPRESS;Database=sql_local;UID=***;PWD=***;encrypt=Yes;TrustServerCertificate=Yes;APP=dbt-sqlserver/1.11.1;Pooling=true;SQL_ATTR_TRACE=SQL_OPT_TRACE_OFF;ConnectRetryCount=3;ConnectRetryInterval=10
[0m19:04:49.770775 [debug] [ThreadPool]: sqlserver adapter: Connected to db: sql_local
[0m19:04:49.771473 [debug] [ThreadPool]: sqlserver adapter: Connected to db: sql_local
[0m19:04:49.772359 [debug] [ThreadPool]: sqlserver adapter: Connected to db: sql_local
[0m19:04:49.860946 [debug] [ThreadPool]: SQL status: OK in 1.000 seconds
[0m19:04:49.863172 [debug] [ThreadPool]: On list_gold_dbo: ROLLBACK
[0m19:04:49.863923 [debug] [ThreadPool]: On list_gold_dbo: Close
[0m19:04:49.866475 [debug] [ThreadPool]: SQL status: OK in 1.000 seconds
[0m19:04:49.868112 [debug] [ThreadPool]: On list_sql_local_dbo: ROLLBACK
[0m19:04:49.868532 [debug] [ThreadPool]: On list_sql_local_dbo: Close
[0m19:04:50.002749 [debug] [ThreadPool]: SQL status: OK in 1.000 seconds
[0m19:04:50.005302 [debug] [ThreadPool]: On list_silver_dbo: ROLLBACK
[0m19:04:50.005963 [debug] [ThreadPool]: On list_silver_dbo: Close
[0m19:04:50.009083 [debug] [MainThread]: Sending event: {'category': 'dbt', 'action': 'runnable_timing', 'label': 'a2ef36f8-6775-489a-9f41-a67a0b4e1799', 'context': [<snowplow_tracker.self_describing_json.SelfDescribingJson object at 0x000001FA32710520>]}
[0m19:04:50.021250 [debug] [Thread-1 (]: Began running node model.project_dbt.employee_view
[0m19:04:50.023594 [debug] [Thread-1 (]: Acquiring new sqlserver connection 'model.project_dbt.employee_view'
[0m19:04:50.024030 [debug] [Thread-1 (]: Began compiling node model.project_dbt.employee_view
[0m19:04:50.022164 [debug] [Thread-2 (]: Began running node model.project_dbt.my_first_dbt_model
[0m19:04:50.032575 [debug] [Thread-2 (]: Acquiring new sqlserver connection 'model.project_dbt.my_first_dbt_model'
[0m19:04:50.022746 [debug] [Thread-3 (]: Began running node model.project_dbt.silver_employee
[0m19:04:50.034017 [debug] [Thread-3 (]: Acquiring new sqlserver connection 'model.project_dbt.silver_employee'
[0m19:04:50.031556 [debug] [Thread-1 (]: Writing injected SQL for node "model.project_dbt.employee_view"
[0m19:04:50.034614 [debug] [Thread-3 (]: Began compiling node model.project_dbt.silver_employee
[0m19:04:50.033064 [debug] [Thread-2 (]: Began compiling node model.project_dbt.my_first_dbt_model
[0m19:04:50.040375 [debug] [Thread-2 (]: Writing injected SQL for node "model.project_dbt.my_first_dbt_model"
[0m19:04:50.037353 [debug] [Thread-3 (]: Writing injected SQL for node "model.project_dbt.silver_employee"
[0m19:04:50.041921 [debug] [Thread-1 (]: Began executing node model.project_dbt.employee_view
[0m19:04:50.044732 [debug] [Thread-1 (]: Finished running node model.project_dbt.employee_view
[0m19:04:50.046223 [debug] [Thread-1 (]: Began running node model.project_dbt.silver_salary
[0m19:04:50.042879 [debug] [Thread-2 (]: Began executing node model.project_dbt.my_first_dbt_model
[0m19:04:50.048107 [debug] [Thread-2 (]: Finished running node model.project_dbt.my_first_dbt_model
[0m19:04:50.045383 [debug] [Thread-3 (]: Began executing node model.project_dbt.silver_employee
[0m19:04:50.046796 [debug] [Thread-1 (]: Re-using an available connection from the pool (formerly model.project_dbt.employee_view, now model.project_dbt.silver_salary)
[0m19:04:50.048658 [debug] [Thread-2 (]: Began running node test.project_dbt.test_basic
[0m19:04:50.049687 [debug] [Thread-3 (]: Finished running node model.project_dbt.silver_employee
[0m19:04:50.050436 [debug] [Thread-1 (]: Began compiling node model.project_dbt.silver_salary
[0m19:04:50.055114 [debug] [Thread-1 (]: Writing injected SQL for node "model.project_dbt.silver_salary"
[0m19:04:50.052166 [debug] [Thread-3 (]: Began running node test.project_dbt.not_null_employee_view_employee_id.5606307f8a
[0m19:04:50.051424 [debug] [Thread-2 (]: Re-using an available connection from the pool (formerly model.project_dbt.my_first_dbt_model, now test.project_dbt.test_basic)
[0m19:04:50.056840 [debug] [Thread-2 (]: Began compiling node test.project_dbt.test_basic
[0m19:04:50.058458 [debug] [Thread-2 (]: Writing injected SQL for node "test.project_dbt.test_basic"
[0m19:04:50.056193 [debug] [Thread-3 (]: Re-using an available connection from the pool (formerly model.project_dbt.silver_employee, now test.project_dbt.not_null_employee_view_employee_id.5606307f8a)
[0m19:04:50.060372 [debug] [Thread-3 (]: Began compiling node test.project_dbt.not_null_employee_view_employee_id.5606307f8a
[0m19:04:50.074175 [debug] [Thread-1 (]: Began executing node model.project_dbt.silver_salary
[0m19:04:50.059693 [debug] [Thread-2 (]: Began executing node test.project_dbt.test_basic
[0m19:04:50.075323 [debug] [Thread-1 (]: Finished running node model.project_dbt.silver_salary
[0m19:04:50.080838 [debug] [Thread-3 (]: Writing injected SQL for node "test.project_dbt.not_null_employee_view_employee_id.5606307f8a"
[0m19:04:50.081885 [debug] [Thread-2 (]: Finished running node test.project_dbt.test_basic
[0m19:04:50.083786 [debug] [Thread-2 (]: Began running node model.project_dbt.my_second_dbt_model
[0m19:04:50.084314 [debug] [Thread-2 (]: Re-using an available connection from the pool (formerly test.project_dbt.test_basic, now model.project_dbt.my_second_dbt_model)
[0m19:04:50.084755 [debug] [Thread-2 (]: Began compiling node model.project_dbt.my_second_dbt_model
[0m19:04:50.087276 [debug] [Thread-2 (]: Writing injected SQL for node "model.project_dbt.my_second_dbt_model"
[0m19:04:50.082556 [debug] [Thread-1 (]: Began running node test.project_dbt.unique_employee_view_employee_id.83206369be
[0m19:04:50.088197 [debug] [Thread-1 (]: Re-using an available connection from the pool (formerly model.project_dbt.silver_salary, now test.project_dbt.unique_employee_view_employee_id.83206369be)
[0m19:04:50.088820 [debug] [Thread-1 (]: Began compiling node test.project_dbt.unique_employee_view_employee_id.83206369be
[0m19:04:50.099742 [debug] [Thread-1 (]: Writing injected SQL for node "test.project_dbt.unique_employee_view_employee_id.83206369be"
[0m19:04:50.100923 [debug] [Thread-3 (]: Began executing node test.project_dbt.not_null_employee_view_employee_id.5606307f8a
[0m19:04:50.102009 [debug] [Thread-3 (]: Finished running node test.project_dbt.not_null_employee_view_employee_id.5606307f8a
[0m19:04:50.102689 [debug] [Thread-3 (]: Began running node test.project_dbt.not_null_my_first_dbt_model_id.5fb22c2710
[0m19:04:50.104325 [debug] [Thread-3 (]: Re-using an available connection from the pool (formerly test.project_dbt.not_null_employee_view_employee_id.5606307f8a, now test.project_dbt.not_null_my_first_dbt_model_id.5fb22c2710)
[0m19:04:50.106017 [debug] [Thread-3 (]: Began compiling node test.project_dbt.not_null_my_first_dbt_model_id.5fb22c2710
[0m19:04:50.105016 [debug] [Thread-2 (]: Began executing node model.project_dbt.my_second_dbt_model
[0m19:04:50.103421 [debug] [Thread-1 (]: Began executing node test.project_dbt.unique_employee_view_employee_id.83206369be
[0m19:04:50.114592 [debug] [Thread-3 (]: Writing injected SQL for node "test.project_dbt.not_null_my_first_dbt_model_id.5fb22c2710"
[0m19:04:50.115853 [debug] [Thread-2 (]: Finished running node model.project_dbt.my_second_dbt_model
[0m19:04:50.117652 [debug] [Thread-2 (]: Began running node test.project_dbt.unique_my_first_dbt_model_id.16e066b321
[0m19:04:50.118491 [debug] [Thread-2 (]: Re-using an available connection from the pool (formerly model.project_dbt.my_second_dbt_model, now test.project_dbt.unique_my_first_dbt_model_id.16e066b321)
[0m19:04:50.119036 [debug] [Thread-2 (]: Began compiling node test.project_dbt.unique_my_first_dbt_model_id.16e066b321
[0m19:04:50.127817 [debug] [Thread-2 (]: Writing injected SQL for node "test.project_dbt.unique_my_first_dbt_model_id.16e066b321"
[0m19:04:50.116877 [debug] [Thread-1 (]: Finished running node test.project_dbt.unique_employee_view_employee_id.83206369be
[0m19:04:50.129049 [debug] [Thread-1 (]: Began running node model.project_dbt.gold_summary
[0m19:04:50.129861 [debug] [Thread-1 (]: Re-using an available connection from the pool (formerly test.project_dbt.unique_employee_view_employee_id.83206369be, now model.project_dbt.gold_summary)
[0m19:04:50.130357 [debug] [Thread-1 (]: Began compiling node model.project_dbt.gold_summary
[0m19:04:50.132656 [debug] [Thread-1 (]: Writing injected SQL for node "model.project_dbt.gold_summary"
[0m19:04:50.134083 [debug] [Thread-2 (]: Began executing node test.project_dbt.unique_my_first_dbt_model_id.16e066b321
[0m19:04:50.136331 [debug] [Thread-2 (]: Finished running node test.project_dbt.unique_my_first_dbt_model_id.16e066b321
[0m19:04:50.136904 [debug] [Thread-2 (]: Began running node test.project_dbt.not_null_my_second_dbt_model_id.151b76d778
[0m19:04:50.135213 [debug] [Thread-3 (]: Began executing node test.project_dbt.not_null_my_first_dbt_model_id.5fb22c2710
[0m19:04:50.137792 [debug] [Thread-2 (]: Re-using an available connection from the pool (formerly test.project_dbt.unique_my_first_dbt_model_id.16e066b321, now test.project_dbt.not_null_my_second_dbt_model_id.151b76d778)
[0m19:04:50.138772 [debug] [Thread-1 (]: Began executing node model.project_dbt.gold_summary
[0m19:04:50.141484 [debug] [Thread-1 (]: Finished running node model.project_dbt.gold_summary
[0m19:04:50.141913 [debug] [Thread-1 (]: Began running node test.project_dbt.unique_my_second_dbt_model_id.57a0f8c493
[0m19:04:50.140634 [debug] [Thread-2 (]: Began compiling node test.project_dbt.not_null_my_second_dbt_model_id.151b76d778
[0m19:04:50.149107 [debug] [Thread-2 (]: Writing injected SQL for node "test.project_dbt.not_null_my_second_dbt_model_id.151b76d778"
[0m19:04:50.142305 [debug] [Thread-1 (]: Re-using an available connection from the pool (formerly model.project_dbt.gold_summary, now test.project_dbt.unique_my_second_dbt_model_id.57a0f8c493)
[0m19:04:50.149755 [debug] [Thread-1 (]: Began compiling node test.project_dbt.unique_my_second_dbt_model_id.57a0f8c493
[0m19:04:50.156404 [debug] [Thread-1 (]: Writing injected SQL for node "test.project_dbt.unique_my_second_dbt_model_id.57a0f8c493"
[0m19:04:50.140052 [debug] [Thread-3 (]: Finished running node test.project_dbt.not_null_my_first_dbt_model_id.5fb22c2710
[0m19:04:50.158031 [debug] [Thread-1 (]: Began executing node test.project_dbt.unique_my_second_dbt_model_id.57a0f8c493
[0m19:04:50.159751 [debug] [Thread-1 (]: Finished running node test.project_dbt.unique_my_second_dbt_model_id.57a0f8c493
[0m19:04:50.158745 [debug] [Thread-2 (]: Began executing node test.project_dbt.not_null_my_second_dbt_model_id.151b76d778
[0m19:04:50.160773 [debug] [Thread-2 (]: Finished running node test.project_dbt.not_null_my_second_dbt_model_id.151b76d778
[0m19:04:50.162429 [debug] [MainThread]: Connection 'master' was properly closed.
[0m19:04:50.162718 [debug] [MainThread]: Connection 'list_gold_dbo' was properly closed.
[0m19:04:50.162951 [debug] [MainThread]: Connection 'list_sql_local_dbo' was properly closed.
[0m19:04:50.163189 [debug] [MainThread]: Connection 'list_silver_dbo' was properly closed.
[0m19:04:50.163406 [debug] [MainThread]: Connection 'test.project_dbt.unique_my_second_dbt_model_id.57a0f8c493' was properly closed.
[0m19:04:50.163618 [debug] [MainThread]: Connection 'test.project_dbt.not_null_my_second_dbt_model_id.151b76d778' was properly closed.
[0m19:04:50.163827 [debug] [MainThread]: Connection 'test.project_dbt.not_null_my_first_dbt_model_id.5fb22c2710' was properly closed.
[0m19:04:50.166268 [debug] [MainThread]: Command end result
[0m19:04:50.309820 [debug] [MainThread]: Wrote artifact WritableManifest to D:\Local Projects\DBT\target\manifest.json
[0m19:04:50.317619 [debug] [MainThread]: Wrote artifact SemanticManifest to D:\Local Projects\DBT\target\semantic_manifest.json
[0m19:04:50.387302 [debug] [MainThread]: Wrote artifact OsiDocument to D:\Local Projects\DBT\target\osi_document.json
[0m19:04:50.397472 [debug] [MainThread]: Wrote artifact RunExecutionResult to D:\Local Projects\DBT\target\run_results.json
[0m19:04:50.781823 [debug] [MainThread]: Acquiring new sqlserver connection 'generate_catalog'
[0m19:04:50.782735 [info ] [MainThread]: Building catalog
[0m19:04:50.796416 [debug] [ThreadPool]: Acquiring new sqlserver connection 'bronze.information_schema'
[0m19:04:50.812950 [debug] [ThreadPool]: dbt-sqlserver
[0m19:04:50.814858 [debug] [ThreadPool]: Using sqlserver connection "bronze.information_schema"
[0m19:04:50.816722 [debug] [ThreadPool]: On bronze.information_schema: /* {"app": "dbt", "dbt_version": "1.12.3", "profile_name": "project_dbt", "target_name": "dev", "connection_name": "bronze.information_schema"} */
USE [bronze];
            with
            principals as (
                select
                    name as principal_name,
                    principal_id as principal_id
                from
                    sys.database_principals with (nolock)
            ),

            schemas as (
                select
                    name as schema_name,
                    schema_id as schema_id,
                    principal_id as principal_id
                from
                    sys.schemas with (nolock)
            ),

            tables as (
                select
                    t.object_id,
                    t.name as table_name,
                    t.schema_id as schema_id,
                    t.principal_id as principal_id,
                    'BASE TABLE' as table_type,
                    cast(ep.value as nvarchar(max)) as table_comment
                from
                    sys.tables as t with (nolock)
                left join sys.extended_properties as ep with (nolock)
                    on ep.class = 1
                   and ep.major_id = t.object_id
                   and ep.minor_id = 0
                   and ep.name = N'MS_Description'
            ),

            tables_with_metadata as (
                select
                    object_id,
                    table_name,
                    schema_name,
                    coalesce(tables.principal_id, schemas.principal_id) as owner_principal_id,
                    table_type,
                    table_comment
                from
                    tables
                join schemas on tables.schema_id = schemas.schema_id
            ),

            views as (
                select
                    v.object_id,
                    v.name as table_name,
                    v.schema_id as schema_id,
                    v.principal_id as principal_id,
                    'VIEW' as table_type,
                    cast(ep.value as nvarchar(max)) as table_comment
                from
                    sys.views as v with (nolock)
                left join sys.extended_properties as ep with (nolock)
                    on ep.class = 1
                   and ep.major_id = v.object_id
                   and ep.minor_id = 0
                   and ep.name = N'MS_Description'
            ),

            views_with_metadata as (
                select
                    object_id,
                    table_name,
                    schema_name,
                    coalesce(views.principal_id, schemas.principal_id) as owner_principal_id,
                    table_type,
                    table_comment
                from
                    views
                join schemas on views.schema_id = schemas.schema_id
            ),

            tables_and_views as (
                select
                    object_id,
                    table_name,
                    schema_name,
                    principal_name,
                    table_type,
                    table_comment
                from
                    tables_with_metadata
                join principals on tables_with_metadata.owner_principal_id = principals.principal_id
                union all
                select
                    object_id,
                    table_name,
                    schema_name,
                    principal_name,
                    table_type,
                    table_comment
                from
                    views_with_metadata
                join principals on views_with_metadata.owner_principal_id = principals.principal_id
            ),

            cols as (
                select
                    c.object_id,
                    c.name as column_name,
                    c.column_id as column_index,
                    t.name as column_type,
                    cast(ep.value as nvarchar(max)) as column_comment
                from sys.columns as c with (nolock)
                left join sys.types as t with (nolock)
                    on c.user_type_id = t.user_type_id
                left join sys.extended_properties as ep with (nolock)
                    on ep.class = 1
                and ep.major_id = c.object_id
                and ep.minor_id = c.column_id
                and ep.name = N'MS_Description'
            )

            select
                DB_NAME() as table_database,
                tv.schema_name as table_schema,
                tv.table_name,
                tv.table_type,
                tv.table_comment,
                tv.principal_name as table_owner,
                cols.column_name,
                cols.column_index,
                cols.column_type,
                cols.column_comment
            from tables_and_views tv
            join cols on tv.object_id = cols.object_id
            where (
                        (
                            upper(tv.schema_name) = upper('dbo')
                            and upper(tv.table_name) = upper('employees_raw')
                        )
                     or 
                        (
                            upper(tv.schema_name) = upper('dbo')
                            and upper(tv.table_name) = upper('department')
                        )
                     or 
                        (
                            upper(tv.schema_name) = upper('dbo')
                            and upper(tv.table_name) = upper('salary')
                        )
                    )

            order by column_index
            
    OPTION (LABEL = 'dbt-sqlserver');

[0m19:04:50.817367 [debug] [ThreadPool]: Opening a new connection, currently in state init
[0m19:04:50.817883 [debug] [ThreadPool]: sqlserver adapter: Using connection string: DRIVER={ODBC Driver 18 for SQL Server};SERVER=HONEY\SQLEXPRESS;Database=sql_local;UID=***;PWD=***;encrypt=Yes;TrustServerCertificate=Yes;APP=dbt-sqlserver/1.11.1;Pooling=true;SQL_ATTR_TRACE=SQL_OPT_TRACE_OFF;ConnectRetryCount=3;ConnectRetryInterval=10
[0m19:04:50.815873 [debug] [ThreadPool]: Acquiring new sqlserver connection 'sql_local.information_schema'
[0m19:04:50.820411 [debug] [ThreadPool]: dbt-sqlserver
[0m19:04:50.823416 [debug] [ThreadPool]: Using sqlserver connection "sql_local.information_schema"
[0m19:04:50.818844 [debug] [ThreadPool]: sqlserver adapter: Connected to db: sql_local
[0m19:04:50.821193 [debug] [ThreadPool]: Acquiring new sqlserver connection 'silver.information_schema'
[0m19:04:50.825905 [debug] [ThreadPool]: dbt-sqlserver
[0m19:04:50.827451 [debug] [ThreadPool]: Using sqlserver connection "silver.information_schema"
[0m19:04:50.827995 [debug] [ThreadPool]: On silver.information_schema: /* {"app": "dbt", "dbt_version": "1.12.3", "profile_name": "project_dbt", "target_name": "dev", "connection_name": "silver.information_schema"} */
USE [silver];
            with
            principals as (
                select
                    name as principal_name,
                    principal_id as principal_id
                from
                    sys.database_principals with (nolock)
            ),

            schemas as (
                select
                    name as schema_name,
                    schema_id as schema_id,
                    principal_id as principal_id
                from
                    sys.schemas with (nolock)
            ),

            tables as (
                select
                    t.object_id,
                    t.name as table_name,
                    t.schema_id as schema_id,
                    t.principal_id as principal_id,
                    'BASE TABLE' as table_type,
                    cast(ep.value as nvarchar(max)) as table_comment
                from
                    sys.tables as t with (nolock)
                left join sys.extended_properties as ep with (nolock)
                    on ep.class = 1
                   and ep.major_id = t.object_id
                   and ep.minor_id = 0
                   and ep.name = N'MS_Description'
            ),

            tables_with_metadata as (
                select
                    object_id,
                    table_name,
                    schema_name,
                    coalesce(tables.principal_id, schemas.principal_id) as owner_principal_id,
                    table_type,
                    table_comment
                from
                    tables
                join schemas on tables.schema_id = schemas.schema_id
            ),

            views as (
                select
                    v.object_id,
                    v.name as table_name,
                    v.schema_id as schema_id,
                    v.principal_id as principal_id,
                    'VIEW' as table_type,
                    cast(ep.value as nvarchar(max)) as table_comment
                from
                    sys.views as v with (nolock)
                left join sys.extended_properties as ep with (nolock)
                    on ep.class = 1
                   and ep.major_id = v.object_id
                   and ep.minor_id = 0
                   and ep.name = N'MS_Description'
            ),

            views_with_metadata as (
                select
                    object_id,
                    table_name,
                    schema_name,
                    coalesce(views.principal_id, schemas.principal_id) as owner_principal_id,
                    table_type,
                    table_comment
                from
                    views
                join schemas on views.schema_id = schemas.schema_id
            ),

            tables_and_views as (
                select
                    object_id,
                    table_name,
                    schema_name,
                    principal_name,
                    table_type,
                    table_comment
                from
                    tables_with_metadata
                join principals on tables_with_metadata.owner_principal_id = principals.principal_id
                union all
                select
                    object_id,
                    table_name,
                    schema_name,
                    principal_name,
                    table_type,
                    table_comment
                from
                    views_with_metadata
                join principals on views_with_metadata.owner_principal_id = principals.principal_id
            ),

            cols as (
                select
                    c.object_id,
                    c.name as column_name,
                    c.column_id as column_index,
                    t.name as column_type,
                    cast(ep.value as nvarchar(max)) as column_comment
                from sys.columns as c with (nolock)
                left join sys.types as t with (nolock)
                    on c.user_type_id = t.user_type_id
                left join sys.extended_properties as ep with (nolock)
                    on ep.class = 1
                and ep.major_id = c.object_id
                and ep.minor_id = c.column_id
                and ep.name = N'MS_Description'
            )

            select
                DB_NAME() as table_database,
                tv.schema_name as table_schema,
                tv.table_name,
                tv.table_type,
                tv.table_comment,
                tv.principal_name as table_owner,
                cols.column_name,
                cols.column_index,
                cols.column_type,
                cols.column_comment
            from tables_and_views tv
            join cols on tv.object_id = cols.object_id
            where (
                        (
                            upper(tv.schema_name) = upper('dbo')
                            and upper(tv.table_name) = upper('silver_salary')
                        )
                     or 
                        (
                            upper(tv.schema_name) = upper('dbo')
                            and upper(tv.table_name) = upper('silver_employee')
                        )
                    )

            order by column_index
            
    OPTION (LABEL = 'dbt-sqlserver');

[0m19:04:50.824047 [debug] [ThreadPool]: On sql_local.information_schema: /* {"app": "dbt", "dbt_version": "1.12.3", "profile_name": "project_dbt", "target_name": "dev", "connection_name": "sql_local.information_schema"} */
USE [sql_local];
            with
            principals as (
                select
                    name as principal_name,
                    principal_id as principal_id
                from
                    sys.database_principals with (nolock)
            ),

            schemas as (
                select
                    name as schema_name,
                    schema_id as schema_id,
                    principal_id as principal_id
                from
                    sys.schemas with (nolock)
            ),

            tables as (
                select
                    t.object_id,
                    t.name as table_name,
                    t.schema_id as schema_id,
                    t.principal_id as principal_id,
                    'BASE TABLE' as table_type,
                    cast(ep.value as nvarchar(max)) as table_comment
                from
                    sys.tables as t with (nolock)
                left join sys.extended_properties as ep with (nolock)
                    on ep.class = 1
                   and ep.major_id = t.object_id
                   and ep.minor_id = 0
                   and ep.name = N'MS_Description'
            ),

            tables_with_metadata as (
                select
                    object_id,
                    table_name,
                    schema_name,
                    coalesce(tables.principal_id, schemas.principal_id) as owner_principal_id,
                    table_type,
                    table_comment
                from
                    tables
                join schemas on tables.schema_id = schemas.schema_id
            ),

            views as (
                select
                    v.object_id,
                    v.name as table_name,
                    v.schema_id as schema_id,
                    v.principal_id as principal_id,
                    'VIEW' as table_type,
                    cast(ep.value as nvarchar(max)) as table_comment
                from
                    sys.views as v with (nolock)
                left join sys.extended_properties as ep with (nolock)
                    on ep.class = 1
                   and ep.major_id = v.object_id
                   and ep.minor_id = 0
                   and ep.name = N'MS_Description'
            ),

            views_with_metadata as (
                select
                    object_id,
                    table_name,
                    schema_name,
                    coalesce(views.principal_id, schemas.principal_id) as owner_principal_id,
                    table_type,
                    table_comment
                from
                    views
                join schemas on views.schema_id = schemas.schema_id
            ),

            tables_and_views as (
                select
                    object_id,
                    table_name,
                    schema_name,
                    principal_name,
                    table_type,
                    table_comment
                from
                    tables_with_metadata
                join principals on tables_with_metadata.owner_principal_id = principals.principal_id
                union all
                select
                    object_id,
                    table_name,
                    schema_name,
                    principal_name,
                    table_type,
                    table_comment
                from
                    views_with_metadata
                join principals on views_with_metadata.owner_principal_id = principals.principal_id
            ),

            cols as (
                select
                    c.object_id,
                    c.name as column_name,
                    c.column_id as column_index,
                    t.name as column_type,
                    cast(ep.value as nvarchar(max)) as column_comment
                from sys.columns as c with (nolock)
                left join sys.types as t with (nolock)
                    on c.user_type_id = t.user_type_id
                left join sys.extended_properties as ep with (nolock)
                    on ep.class = 1
                and ep.major_id = c.object_id
                and ep.minor_id = c.column_id
                and ep.name = N'MS_Description'
            )

            select
                DB_NAME() as table_database,
                tv.schema_name as table_schema,
                tv.table_name,
                tv.table_type,
                tv.table_comment,
                tv.principal_name as table_owner,
                cols.column_name,
                cols.column_index,
                cols.column_type,
                cols.column_comment
            from tables_and_views tv
            join cols on tv.object_id = cols.object_id
            where (
                        (
                            upper(tv.schema_name) = upper('dbo')
                            and upper(tv.table_name) = upper('my_second_dbt_model')
                        )
                     or 
                        (
                            upper(tv.schema_name) = upper('dbo')
                            and upper(tv.table_name) = upper('employee_view')
                        )
                     or 
                        (
                            upper(tv.schema_name) = upper('dbo')
                            and upper(tv.table_name) = upper('my_first_dbt_model')
                        )
                     or 
                        (
                            upper(tv.schema_name) = upper('dbo')
                            and upper(tv.table_name) = upper('employees')
                        )
                    )

            order by column_index
            
    OPTION (LABEL = 'dbt-sqlserver');

[0m19:04:50.829189 [debug] [ThreadPool]: Opening a new connection, currently in state init
[0m19:04:50.829759 [debug] [ThreadPool]: sqlserver adapter: Using connection string: DRIVER={ODBC Driver 18 for SQL Server};SERVER=HONEY\SQLEXPRESS;Database=sql_local;UID=***;PWD=***;encrypt=Yes;TrustServerCertificate=Yes;APP=dbt-sqlserver/1.11.1;Pooling=true;SQL_ATTR_TRACE=SQL_OPT_TRACE_OFF;ConnectRetryCount=3;ConnectRetryInterval=10
[0m19:04:50.828604 [debug] [ThreadPool]: Opening a new connection, currently in state init
[0m19:04:50.830321 [debug] [ThreadPool]: sqlserver adapter: Using connection string: DRIVER={ODBC Driver 18 for SQL Server};SERVER=HONEY\SQLEXPRESS;Database=sql_local;UID=***;PWD=***;encrypt=Yes;TrustServerCertificate=Yes;APP=dbt-sqlserver/1.11.1;Pooling=true;SQL_ATTR_TRACE=SQL_OPT_TRACE_OFF;ConnectRetryCount=3;ConnectRetryInterval=10
[0m19:04:51.315271 [debug] [ThreadPool]: sqlserver adapter: Connected to db: sql_local
[0m19:04:51.334067 [debug] [ThreadPool]: sqlserver adapter: Connected to db: sql_local
[0m19:04:51.335611 [debug] [ThreadPool]: SQL status: OK in 1.000 seconds
[0m19:04:51.338972 [debug] [ThreadPool]: On bronze.information_schema: ROLLBACK
[0m19:04:51.339465 [debug] [ThreadPool]: On bronze.information_schema: Close
[0m19:04:51.340121 [debug] [ThreadPool]: Re-using an available connection from the pool (formerly bronze.information_schema, now gold.information_schema)
[0m19:04:51.341696 [debug] [ThreadPool]: dbt-sqlserver
[0m19:04:51.343463 [debug] [ThreadPool]: Using sqlserver connection "gold.information_schema"
[0m19:04:51.344061 [debug] [ThreadPool]: On gold.information_schema: /* {"app": "dbt", "dbt_version": "1.12.3", "profile_name": "project_dbt", "target_name": "dev", "connection_name": "gold.information_schema"} */
USE [gold];
            with
            principals as (
                select
                    name as principal_name,
                    principal_id as principal_id
                from
                    sys.database_principals with (nolock)
            ),

            schemas as (
                select
                    name as schema_name,
                    schema_id as schema_id,
                    principal_id as principal_id
                from
                    sys.schemas with (nolock)
            ),

            tables as (
                select
                    t.object_id,
                    t.name as table_name,
                    t.schema_id as schema_id,
                    t.principal_id as principal_id,
                    'BASE TABLE' as table_type,
                    cast(ep.value as nvarchar(max)) as table_comment
                from
                    sys.tables as t with (nolock)
                left join sys.extended_properties as ep with (nolock)
                    on ep.class = 1
                   and ep.major_id = t.object_id
                   and ep.minor_id = 0
                   and ep.name = N'MS_Description'
            ),

            tables_with_metadata as (
                select
                    object_id,
                    table_name,
                    schema_name,
                    coalesce(tables.principal_id, schemas.principal_id) as owner_principal_id,
                    table_type,
                    table_comment
                from
                    tables
                join schemas on tables.schema_id = schemas.schema_id
            ),

            views as (
                select
                    v.object_id,
                    v.name as table_name,
                    v.schema_id as schema_id,
                    v.principal_id as principal_id,
                    'VIEW' as table_type,
                    cast(ep.value as nvarchar(max)) as table_comment
                from
                    sys.views as v with (nolock)
                left join sys.extended_properties as ep with (nolock)
                    on ep.class = 1
                   and ep.major_id = v.object_id
                   and ep.minor_id = 0
                   and ep.name = N'MS_Description'
            ),

            views_with_metadata as (
                select
                    object_id,
                    table_name,
                    schema_name,
                    coalesce(views.principal_id, schemas.principal_id) as owner_principal_id,
                    table_type,
                    table_comment
                from
                    views
                join schemas on views.schema_id = schemas.schema_id
            ),

            tables_and_views as (
                select
                    object_id,
                    table_name,
                    schema_name,
                    principal_name,
                    table_type,
                    table_comment
                from
                    tables_with_metadata
                join principals on tables_with_metadata.owner_principal_id = principals.principal_id
                union all
                select
                    object_id,
                    table_name,
                    schema_name,
                    principal_name,
                    table_type,
                    table_comment
                from
                    views_with_metadata
                join principals on views_with_metadata.owner_principal_id = principals.principal_id
            ),

            cols as (
                select
                    c.object_id,
                    c.name as column_name,
                    c.column_id as column_index,
                    t.name as column_type,
                    cast(ep.value as nvarchar(max)) as column_comment
                from sys.columns as c with (nolock)
                left join sys.types as t with (nolock)
                    on c.user_type_id = t.user_type_id
                left join sys.extended_properties as ep with (nolock)
                    on ep.class = 1
                and ep.major_id = c.object_id
                and ep.minor_id = c.column_id
                and ep.name = N'MS_Description'
            )

            select
                DB_NAME() as table_database,
                tv.schema_name as table_schema,
                tv.table_name,
                tv.table_type,
                tv.table_comment,
                tv.principal_name as table_owner,
                cols.column_name,
                cols.column_index,
                cols.column_type,
                cols.column_comment
            from tables_and_views tv
            join cols on tv.object_id = cols.object_id
            where (
                        (
                            upper(tv.schema_name) = upper('dbo')
                            and upper(tv.table_name) = upper('gold_summary')
                        )
                    )

            order by column_index
            
    OPTION (LABEL = 'dbt-sqlserver');

[0m19:04:51.344653 [debug] [ThreadPool]: Opening a new connection, currently in state closed
[0m19:04:51.345096 [debug] [ThreadPool]: sqlserver adapter: Using connection string: DRIVER={ODBC Driver 18 for SQL Server};SERVER=HONEY\SQLEXPRESS;Database=sql_local;UID=***;PWD=***;encrypt=Yes;TrustServerCertificate=Yes;APP=dbt-sqlserver/1.11.1;Pooling=true;SQL_ATTR_TRACE=SQL_OPT_TRACE_OFF;ConnectRetryCount=3;ConnectRetryInterval=10
[0m19:04:51.345669 [debug] [ThreadPool]: sqlserver adapter: Connected to db: sql_local
[0m19:04:51.668809 [debug] [ThreadPool]: SQL status: OK in 1.000 seconds
[0m19:04:51.674455 [debug] [ThreadPool]: On silver.information_schema: ROLLBACK
[0m19:04:51.675135 [debug] [ThreadPool]: On silver.information_schema: Close
[0m19:04:52.018748 [debug] [ThreadPool]: SQL status: OK in 1.000 seconds
[0m19:04:52.024126 [debug] [ThreadPool]: On sql_local.information_schema: ROLLBACK
[0m19:04:52.024630 [debug] [ThreadPool]: On sql_local.information_schema: Close
[0m19:04:52.304335 [debug] [ThreadPool]: SQL status: OK in 1.000 seconds
[0m19:04:52.307528 [debug] [ThreadPool]: On gold.information_schema: ROLLBACK
[0m19:04:52.307992 [debug] [ThreadPool]: On gold.information_schema: Close
[0m19:04:52.323826 [debug] [MainThread]: Wrote artifact CatalogArtifact to D:\Local Projects\DBT\target\catalog.json
[0m19:04:52.365184 [debug] [MainThread]: Wrote artifact WritableManifest to D:\Local Projects\DBT\target\manifest.json
[0m19:04:52.369639 [debug] [MainThread]: Wrote artifact SemanticManifest to D:\Local Projects\DBT\target\semantic_manifest.json
[0m19:04:52.374654 [debug] [MainThread]: Wrote artifact OsiDocument to D:\Local Projects\DBT\target\osi_document.json
[0m19:04:52.375125 [info ] [MainThread]: Catalog written to D:\Local Projects\DBT\target\catalog.json
[0m19:04:52.377444 [debug] [MainThread]: Command `dbt docs generate` succeeded at 19:04:52.377227 after 4.57 seconds
[0m19:04:52.378027 [debug] [MainThread]: Connection 'generate_catalog' was properly closed.
[0m19:04:52.378427 [debug] [MainThread]: Connection 'gold.information_schema' was properly closed.
[0m19:04:52.378807 [debug] [MainThread]: Connection 'sql_local.information_schema' was properly closed.
[0m19:04:52.379198 [debug] [MainThread]: Connection 'silver.information_schema' was properly closed.
[0m19:04:52.379853 [debug] [MainThread]: Sending event: {'category': 'dbt', 'action': 'invocation', 'label': 'end', 'context': [<snowplow_tracker.self_describing_json.SelfDescribingJson object at 0x000001FA32910AF0>, <snowplow_tracker.self_describing_json.SelfDescribingJson object at 0x000001FA335B2D50>, <snowplow_tracker.self_describing_json.SelfDescribingJson object at 0x000001FA32CCE350>]}
[0m19:04:52.380599 [debug] [MainThread]: Flushing usage events
[0m19:04:54.029254 [debug] [MainThread]: An error was encountered while trying to flush usage events
[0m19:07:30.572448 [debug] [MainThread]: Sending event: {'category': 'dbt', 'action': 'invocation', 'label': 'start', 'context': [<snowplow_tracker.self_describing_json.SelfDescribingJson object at 0x000001C78A87E3C0>, <snowplow_tracker.self_describing_json.SelfDescribingJson object at 0x000001C7881D9090>, <snowplow_tracker.self_describing_json.SelfDescribingJson object at 0x000001C78D173890>]}


============================== 19:07:30.580306 | 28e73aca-c01b-41c0-93bb-211ab349338b ==============================
[0m19:07:30.580306 [info ] [MainThread]: Running with dbt=1.12.3
[0m19:07:30.581652 [debug] [MainThread]: running dbt with arguments {'version_check': 'True', 'no_print': 'None', 'maximum_seed_size_mib': '1', 'warn_error_options': 'WarnErrorOptionsV2(error=[], warn=[], silence=[])', 'target_path': 'None', 'static_parser': 'True', 'printer_width': '80', 'write_json': 'True', 'introspect': 'True', 'log_cache_events': 'False', 'empty': 'None', 'cache_selected_only': 'False', 'log_format': 'default', 'debug': 'False', 'fail_fast': 'False', 'profiles_dir': 'C:\\Users\\Dell\\.dbt', 'send_anonymous_usage_stats': 'True', 'quiet': 'False', 'warn_error': 'None', 'partial_parse': 'True', 'use_colors': 'True', 'hints_enabled': 'True', 'indirect_selection': 'eager', 'use_experimental_parser': 'False', 'invocation_command': 'dbt docs serve --port 8081', 'log_path': 'D:\\Local Projects\\DBT\\logs'}
[0m19:07:31.000217 [debug] [MainThread]: Sending event: {'category': 'dbt', 'action': 'project_id', 'label': '28e73aca-c01b-41c0-93bb-211ab349338b', 'context': [<snowplow_tracker.self_describing_json.SelfDescribingJson object at 0x000001C78D1F0C30>]}
[0m19:07:31.089806 [debug] [MainThread]: Sending event: {'category': 'dbt', 'action': 'adapter_info', 'label': '28e73aca-c01b-41c0-93bb-211ab349338b', 'context': [<snowplow_tracker.self_describing_json.SelfDescribingJson object at 0x000001C78D51B8A0>]}
[0m19:07:31.423575 [error] [MainThread]: [[31mERROR[0m]: Encountered an error:
[WinError 10048] Only one usage of each socket address (protocol/network address/port) is normally permitted
[0m19:07:31.469188 [error] [MainThread]: Traceback (most recent call last):
  File "D:\Local Projects\DBT\.dbt_venv\Lib\site-packages\dbt\cli\requires.py", line 198, in wrapper
    result, success = func(*args, **kwargs)
                      ~~~~^^^^^^^^^^^^^^^^^
  File "D:\Local Projects\DBT\.dbt_venv\Lib\site-packages\dbt\cli\requires.py", line 144, in wrapper
    return func(*args, **kwargs)
  File "D:\Local Projects\DBT\.dbt_venv\Lib\site-packages\dbt\cli\requires.py", line 295, in wrapper
    return func(*args, **kwargs)
  File "D:\Local Projects\DBT\.dbt_venv\Lib\site-packages\dbt\cli\requires.py", line 340, in wrapper
    return func(*args, **kwargs)
  File "D:\Local Projects\DBT\.dbt_venv\Lib\site-packages\dbt\cli\requires.py", line 387, in wrapper
    return func(*args, **kwargs)
  File "D:\Local Projects\DBT\.dbt_venv\Lib\site-packages\dbt\cli\main.py", line 323, in docs_serve
    results = task.run()
  File "D:\Local Projects\DBT\.dbt_venv\Lib\site-packages\dbt\task\docs\serve.py", line 24, in run
    with socketserver.TCPServer((host, port), SimpleHTTPRequestHandler) as httpd:
         ~~~~~~~~~~~~~~~~~~~~~~^^^^^^^^^^^^^^^^^^^^^^^^^^^^^^^^^^^^^^^^
  File "D:\programs\Python\Lib\socketserver.py", line 457, in __init__
    self.server_bind()
    ~~~~~~~~~~~~~~~~^^
  File "D:\programs\Python\Lib\socketserver.py", line 478, in server_bind
    self.socket.bind(self.server_address)
    ~~~~~~~~~~~~~~~~^^^^^^^^^^^^^^^^^^^^^
OSError: [WinError 10048] Only one usage of each socket address (protocol/network address/port) is normally permitted

[0m19:07:31.471591 [debug] [MainThread]: Command `dbt docs serve` failed at 19:07:31.471208 after 1.12 seconds
[0m19:07:31.472164 [debug] [MainThread]: Sending event: {'category': 'dbt', 'action': 'invocation', 'label': 'end', 'context': [<snowplow_tracker.self_describing_json.SelfDescribingJson object at 0x000001C78D8F8E50>, <snowplow_tracker.self_describing_json.SelfDescribingJson object at 0x000001C78D8F8F50>, <snowplow_tracker.self_describing_json.SelfDescribingJson object at 0x000001C78D892F30>]}
[0m19:07:31.472912 [debug] [MainThread]: Flushing usage events
[0m19:07:33.080917 [debug] [MainThread]: An error was encountered while trying to flush usage events
[0m12:45:54.546847 [debug] [MainThread]: Sending event: {'category': 'dbt', 'action': 'invocation', 'label': 'start', 'context': [<snowplow_tracker.self_describing_json.SelfDescribingJson object at 0x000001463E56E3C0>, <snowplow_tracker.self_describing_json.SelfDescribingJson object at 0x000001463BEC0F50>, <snowplow_tracker.self_describing_json.SelfDescribingJson object at 0x0000014640E679D0>]}


============================== 12:45:54.553759 | 9108e71b-ce6e-492a-b3ec-d7eb0b5a3dfd ==============================
[0m12:45:54.553759 [info ] [MainThread]: Running with dbt=1.12.3
[0m12:45:54.554543 [debug] [MainThread]: running dbt with arguments {'static_parser': 'True', 'no_print': 'None', 'version_check': 'True', 'warn_error_options': 'WarnErrorOptionsV2(error=[], warn=[], silence=[])', 'maximum_seed_size_mib': '1', 'target_path': 'None', 'printer_width': '80', 'write_json': 'True', 'introspect': 'True', 'log_cache_events': 'False', 'empty': 'None', 'cache_selected_only': 'False', 'log_format': 'default', 'debug': 'False', 'fail_fast': 'False', 'partial_parse': 'True', 'send_anonymous_usage_stats': 'True', 'quiet': 'False', 'warn_error': 'None', 'profiles_dir': 'C:\\Users\\Dell\\.dbt', 'use_colors': 'True', 'hints_enabled': 'True', 'indirect_selection': 'eager', 'use_experimental_parser': 'False', 'invocation_command': 'dbt debug', 'log_path': 'D:\\Local Projects\\DBT\\logs'}
[0m12:45:54.601848 [info ] [MainThread]: dbt version: 1.12.3
[0m12:45:54.602398 [info ] [MainThread]: python version: 3.14.4
[0m12:45:54.602879 [info ] [MainThread]: python path: D:\Local Projects\DBT\.dbt_venv\Scripts\python.exe
[0m12:45:54.603693 [info ] [MainThread]: os info: Windows-10-10.0.19045-SP0
[0m12:45:58.307866 [info ] [MainThread]: Using profiles dir at C:\Users\Dell\.dbt
[0m12:45:58.308603 [info ] [MainThread]: Using profiles.yml file at C:\Users\Dell\.dbt\profiles.yml
[0m12:45:58.309422 [info ] [MainThread]: Using dbt_project.yml file at D:\Local Projects\DBT\dbt_project.yml
[0m12:45:58.310420 [info ] [MainThread]: adapter type: sqlserver
[0m12:45:58.311137 [info ] [MainThread]: adapter version: 1.11.1
[0m12:45:58.433242 [info ] [MainThread]: Configuration:
[0m12:45:58.433958 [info ] [MainThread]:   profiles.yml file [[32mOK found and valid[0m]
[0m12:45:58.434668 [info ] [MainThread]:   dbt_project.yml file [[32mOK found and valid[0m]
[0m12:45:58.435358 [info ] [MainThread]: Required dependencies:
[0m12:45:58.436477 [debug] [MainThread]: Executing "git --help"
[0m12:45:58.525251 [debug] [MainThread]: STDOUT: "b"usage: git [-v | --version] [-h | --help] [-C <path>] [-c <name>=<value>]\n           [--exec-path[=<path>]] [--html-path] [--man-path] [--info-path]\n           [-p | --paginate | -P | --no-pager] [--no-replace-objects] [--no-lazy-fetch]\n           [--no-optional-locks] [--no-advice] [--bare] [--git-dir=<path>]\n           [--work-tree=<path>] [--namespace=<name>] [--config-env=<name>=<envvar>]\n           <command> [<args>]\n\nThese are common Git commands used in various situations:\n\nstart a working area (see also: git help tutorial)\n   clone      Clone a repository into a new directory\n   init       Create an empty Git repository or reinitialize an existing one\n\nwork on the current change (see also: git help everyday)\n   add        Add file contents to the index\n   mv         Move or rename a file, a directory, or a symlink\n   restore    Restore working tree files\n   rm         Remove files from the working tree and from the index\n\nexamine the history and state (see also: git help revisions)\n   bisect     Use binary search to find the commit that introduced a bug\n   diff       Show changes between commits, commit and working tree, etc\n   grep       Print lines matching a pattern\n   log        Show commit logs\n   show       Show various types of objects\n   status     Show the working tree status\n\ngrow, mark and tweak your common history\n   backfill   Download missing objects in a partial clone\n   branch     List, create, or delete branches\n   commit     Record changes to the repository\n   history    EXPERIMENTAL: Rewrite history\n   merge      Join two or more development histories together\n   rebase     Reapply commits on top of another base tip\n   reset      Set `HEAD` or the index to a known state\n   switch     Switch branches\n   tag        Create, list, delete or verify tags\n\ncollaborate (see also: git help workflows)\n   fetch      Download objects and refs from another repository\n   pull       Fetch from and integrate with another repository or a local branch\n   push       Update remote refs along with associated objects\n\n'git help -a' and 'git help -g' list available subcommands and some\nconcept guides. See 'git help <command>' or 'git help <concept>'\nto read about a specific subcommand or concept.\nSee 'git help git' for an overview of the system.\n""
[0m12:45:58.526518 [debug] [MainThread]: STDERR: "b''"
[0m12:45:58.527354 [info ] [MainThread]:  - git [[32mOK found[0m]

[0m12:45:58.528092 [info ] [MainThread]: Connection:
[0m12:45:58.528997 [info ] [MainThread]:   driver: ODBC Driver 18 for SQL Server
[0m12:45:58.530018 [info ] [MainThread]:   server: HONEY\SQLEXPRESS
[0m12:45:58.531058 [info ] [MainThread]:   port: 1433
[0m12:45:58.532055 [info ] [MainThread]:   database: sql_local
[0m12:45:58.533361 [info ] [MainThread]:   schema: dbo
[0m12:45:58.534520 [info ] [MainThread]:   UID: dbt_harsh
[0m12:45:58.535347 [info ] [MainThread]:   authentication: sql
[0m12:45:58.536090 [info ] [MainThread]:   windows_login: False
[0m12:45:58.536729 [info ] [MainThread]:   retries: 3
[0m12:45:58.537331 [info ] [MainThread]:   login_timeout: 0
[0m12:45:58.538165 [info ] [MainThread]:   query_timeout: 0
[0m12:45:58.538867 [info ] [MainThread]:   trace_flag: False
[0m12:45:58.539529 [info ] [MainThread]:   encrypt: True
[0m12:45:58.540522 [info ] [MainThread]:   trust_cert: True
[0m12:45:58.541434 [info ] [MainThread]:   backend: pyodbc
[0m12:45:58.542083 [info ] [MainThread]:   xact_abort: True
[0m12:45:58.543147 [info ] [MainThread]: Registered adapter: sqlserver=1.11.1
[0m12:45:59.120484 [warn ] [MainThread]: [[33mWARNING[0m]: When True, uses SQL Server-native string type mappings: STRING -> VARCHAR(MAX), NCHAR -> NCHAR(1), NVARCHAR -> NVARCHAR(4000). When False (default), preserves legacy mappings: STRING and NVARCHAR -> VARCHAR(8000), NCHAR -> CHAR(1). The new behaviour is intended to become the default in a future release.
You may opt into the new behavior sooner by setting `flags.dbt_sqlserver_use_native_string_types` to `True` in `dbt_project.yml`.
Visit https://docs.getdbt.com/reference/global-configs/behavior-changes for more information.
[0m12:45:59.121455 [debug] [MainThread]: Sending event: {'category': 'dbt', 'action': 'BehaviorChangeEvent', 'label': '9108e71b-ce6e-492a-b3ec-d7eb0b5a3dfd', 'context': [<snowplow_tracker.self_describing_json.SelfDescribingJson object at 0x0000014640F8EB10>]}
[0m12:45:59.122024 [warn ] [MainThread]: [[33mWARNING[0m]: When True, dbt transaction hooks (begin/commit) emit real T-SQL BEGIN TRANSACTION / COMMIT TRANSACTION statements. When False (default and legacy), begin/commit are no-ops and each statement is auto-committed by the driver. This means earlier successful statements are not rolled back if a later statement fails. This behavior is intended to become the default in a future release.
You may opt into the new behavior sooner by setting `flags.dbt_sqlserver_use_dbt_transactions` to `True` in `dbt_project.yml`.
Visit https://docs.getdbt.com/reference/global-configs/behavior-changes for more information.
[0m12:45:59.123099 [debug] [MainThread]: Sending event: {'category': 'dbt', 'action': 'BehaviorChangeEvent', 'label': '9108e71b-ce6e-492a-b3ec-d7eb0b5a3dfd', 'context': [<snowplow_tracker.self_describing_json.SelfDescribingJson object at 0x00000146414A39B0>]}
[0m12:45:59.123606 [debug] [MainThread]: Acquiring new sqlserver connection 'debug'
[0m12:45:59.123895 [debug] [MainThread]: Using sqlserver connection "debug"
[0m12:45:59.124143 [debug] [MainThread]: On debug: select 1 as id
[0m12:45:59.124379 [debug] [MainThread]: Opening a new connection, currently in state init
[0m12:45:59.181907 [debug] [MainThread]: sqlserver adapter: Using connection string: DRIVER={ODBC Driver 18 for SQL Server};SERVER=HONEY\SQLEXPRESS;Database=sql_local;UID=***;PWD=***;encrypt=Yes;TrustServerCertificate=Yes;APP=dbt-sqlserver/1.11.1;Pooling=true;SQL_ATTR_TRACE=SQL_OPT_TRACE_OFF;ConnectRetryCount=3;ConnectRetryInterval=10
[0m12:45:59.770717 [debug] [MainThread]: sqlserver adapter: Connected to db: sql_local
[0m12:45:59.776491 [debug] [MainThread]: SQL status: OK in 1.000 seconds
[0m12:45:59.778154 [debug] [MainThread]: On debug: Close
[0m12:45:59.778688 [info ] [MainThread]:   Connection test: [[32mOK connection ok[0m]

[0m12:45:59.779490 [info ] [MainThread]: [32mAll checks passed![0m
[0m12:45:59.781325 [debug] [MainThread]: Command `dbt debug` succeeded at 12:45:59.781003 after 5.44 seconds
[0m12:45:59.782169 [debug] [MainThread]: Connection 'debug' was properly closed.
[0m12:45:59.783003 [debug] [MainThread]: Sending event: {'category': 'dbt', 'action': 'invocation', 'label': 'end', 'context': [<snowplow_tracker.self_describing_json.SelfDescribingJson object at 0x00000146415E8350>, <snowplow_tracker.self_describing_json.SelfDescribingJson object at 0x00000146415E8250>, <snowplow_tracker.self_describing_json.SelfDescribingJson object at 0x0000014641502120>]}
[0m12:45:59.783433 [debug] [MainThread]: Flushing usage events
[0m12:46:01.104346 [debug] [MainThread]: An error was encountered while trying to flush usage events
[0m14:45:03.962062 [debug] [MainThread]: Sending event: {'category': 'dbt', 'action': 'invocation', 'label': 'start', 'context': [<snowplow_tracker.self_describing_json.SelfDescribingJson object at 0x0000016889F2E3C0>, <snowplow_tracker.self_describing_json.SelfDescribingJson object at 0x0000016887889090>, <snowplow_tracker.self_describing_json.SelfDescribingJson object at 0x000001688C8279D0>]}


============================== 14:45:03.968432 | 99990c3b-7157-46c3-a3ea-37e96184a5e9 ==============================
[0m14:45:03.968432 [info ] [MainThread]: Running with dbt=1.12.3
[0m14:45:03.969280 [debug] [MainThread]: running dbt with arguments {'static_parser': 'True', 'no_print': 'None', 'version_check': 'True', 'target_path': 'None', 'maximum_seed_size_mib': '1', 'warn_error_options': 'WarnErrorOptionsV2(error=[], warn=[], silence=[])', 'printer_width': '80', 'write_json': 'True', 'introspect': 'True', 'log_cache_events': 'False', 'empty': 'None', 'cache_selected_only': 'False', 'fail_fast': 'False', 'debug': 'False', 'log_format': 'default', 'profiles_dir': 'C:\\Users\\Dell\\.dbt', 'send_anonymous_usage_stats': 'True', 'quiet': 'False', 'warn_error': 'None', 'partial_parse': 'True', 'use_colors': 'True', 'hints_enabled': 'True', 'indirect_selection': 'eager', 'use_experimental_parser': 'False', 'invocation_command': 'dbt debug', 'log_path': 'D:\\Local Projects\\DBT\\logs'}
[0m14:45:04.011723 [info ] [MainThread]: dbt version: 1.12.3
[0m14:45:04.012307 [info ] [MainThread]: python version: 3.14.4
[0m14:45:04.012814 [info ] [MainThread]: python path: D:\Local Projects\DBT\.dbt_venv\Scripts\python.exe
[0m14:45:04.013357 [info ] [MainThread]: os info: Windows-10-10.0.19045-SP0
[0m14:45:04.204547 [info ] [MainThread]: Using profiles dir at C:\Users\Dell\.dbt
[0m14:45:04.205730 [info ] [MainThread]: Using profiles.yml file at C:\Users\Dell\.dbt\profiles.yml
[0m14:45:04.206282 [info ] [MainThread]: Using dbt_project.yml file at D:\Local Projects\DBT\dbt_project.yml
[0m14:45:04.207115 [info ] [MainThread]: adapter type: sqlserver
[0m14:45:04.207939 [info ] [MainThread]: adapter version: 1.11.1
[0m14:45:04.328767 [info ] [MainThread]: Configuration:
[0m14:45:04.329527 [info ] [MainThread]:   profiles.yml file [[32mOK found and valid[0m]
[0m14:45:04.330243 [info ] [MainThread]:   dbt_project.yml file [[32mOK found and valid[0m]
[0m14:45:04.331037 [info ] [MainThread]: Required dependencies:
[0m14:45:04.331755 [debug] [MainThread]: Executing "git --help"
[0m14:45:04.380392 [debug] [MainThread]: STDOUT: "b"usage: git [-v | --version] [-h | --help] [-C <path>] [-c <name>=<value>]\n           [--exec-path[=<path>]] [--html-path] [--man-path] [--info-path]\n           [-p | --paginate | -P | --no-pager] [--no-replace-objects] [--no-lazy-fetch]\n           [--no-optional-locks] [--no-advice] [--bare] [--git-dir=<path>]\n           [--work-tree=<path>] [--namespace=<name>] [--config-env=<name>=<envvar>]\n           <command> [<args>]\n\nThese are common Git commands used in various situations:\n\nstart a working area (see also: git help tutorial)\n   clone      Clone a repository into a new directory\n   init       Create an empty Git repository or reinitialize an existing one\n\nwork on the current change (see also: git help everyday)\n   add        Add file contents to the index\n   mv         Move or rename a file, a directory, or a symlink\n   restore    Restore working tree files\n   rm         Remove files from the working tree and from the index\n\nexamine the history and state (see also: git help revisions)\n   bisect     Use binary search to find the commit that introduced a bug\n   diff       Show changes between commits, commit and working tree, etc\n   grep       Print lines matching a pattern\n   log        Show commit logs\n   show       Show various types of objects\n   status     Show the working tree status\n\ngrow, mark and tweak your common history\n   backfill   Download missing objects in a partial clone\n   branch     List, create, or delete branches\n   commit     Record changes to the repository\n   history    EXPERIMENTAL: Rewrite history\n   merge      Join two or more development histories together\n   rebase     Reapply commits on top of another base tip\n   reset      Set `HEAD` or the index to a known state\n   switch     Switch branches\n   tag        Create, list, delete or verify tags\n\ncollaborate (see also: git help workflows)\n   fetch      Download objects and refs from another repository\n   pull       Fetch from and integrate with another repository or a local branch\n   push       Update remote refs along with associated objects\n\n'git help -a' and 'git help -g' list available subcommands and some\nconcept guides. See 'git help <command>' or 'git help <concept>'\nto read about a specific subcommand or concept.\nSee 'git help git' for an overview of the system.\n""
[0m14:45:04.380828 [debug] [MainThread]: STDERR: "b''"
[0m14:45:04.381301 [info ] [MainThread]:  - git [[32mOK found[0m]

[0m14:45:04.381832 [info ] [MainThread]: Connection:
[0m14:45:04.382336 [info ] [MainThread]:   driver: ODBC Driver 18 for SQL Server
[0m14:45:04.382886 [info ] [MainThread]:   server: HONEY\SQLEXPRESS
[0m14:45:04.383391 [info ] [MainThread]:   port: 1433
[0m14:45:04.383896 [info ] [MainThread]:   database: dev
[0m14:45:04.384382 [info ] [MainThread]:   schema: dbo
[0m14:45:04.384869 [info ] [MainThread]:   UID: dbt_harsh
[0m14:45:04.385382 [info ] [MainThread]:   authentication: sql
[0m14:45:04.385874 [info ] [MainThread]:   windows_login: False
[0m14:45:04.386371 [info ] [MainThread]:   retries: 3
[0m14:45:04.386855 [info ] [MainThread]:   login_timeout: 0
[0m14:45:04.387374 [info ] [MainThread]:   query_timeout: 0
[0m14:45:04.388407 [info ] [MainThread]:   trace_flag: False
[0m14:45:04.389151 [info ] [MainThread]:   encrypt: True
[0m14:45:04.390275 [info ] [MainThread]:   trust_cert: True
[0m14:45:04.391596 [info ] [MainThread]:   backend: pyodbc
[0m14:45:04.392549 [info ] [MainThread]:   xact_abort: True
[0m14:45:04.394119 [info ] [MainThread]: Registered adapter: sqlserver=1.11.1
[0m14:45:04.752789 [warn ] [MainThread]: [[33mWARNING[0m]: When True, uses SQL Server-native string type mappings: STRING -> VARCHAR(MAX), NCHAR -> NCHAR(1), NVARCHAR -> NVARCHAR(4000). When False (default), preserves legacy mappings: STRING and NVARCHAR -> VARCHAR(8000), NCHAR -> CHAR(1). The new behaviour is intended to become the default in a future release.
You may opt into the new behavior sooner by setting `flags.dbt_sqlserver_use_native_string_types` to `True` in `dbt_project.yml`.
Visit https://docs.getdbt.com/reference/global-configs/behavior-changes for more information.
[0m14:45:04.753959 [debug] [MainThread]: Sending event: {'category': 'dbt', 'action': 'BehaviorChangeEvent', 'label': '99990c3b-7157-46c3-a3ea-37e96184a5e9', 'context': [<snowplow_tracker.self_describing_json.SelfDescribingJson object at 0x000001688C94EB10>]}
[0m14:45:04.754479 [warn ] [MainThread]: [[33mWARNING[0m]: When True, dbt transaction hooks (begin/commit) emit real T-SQL BEGIN TRANSACTION / COMMIT TRANSACTION statements. When False (default and legacy), begin/commit are no-ops and each statement is auto-committed by the driver. This means earlier successful statements are not rolled back if a later statement fails. This behavior is intended to become the default in a future release.
You may opt into the new behavior sooner by setting `flags.dbt_sqlserver_use_dbt_transactions` to `True` in `dbt_project.yml`.
Visit https://docs.getdbt.com/reference/global-configs/behavior-changes for more information.
[0m14:45:04.755211 [debug] [MainThread]: Sending event: {'category': 'dbt', 'action': 'BehaviorChangeEvent', 'label': '99990c3b-7157-46c3-a3ea-37e96184a5e9', 'context': [<snowplow_tracker.self_describing_json.SelfDescribingJson object at 0x000001688CE239B0>]}
[0m14:45:04.755777 [debug] [MainThread]: Acquiring new sqlserver connection 'debug'
[0m14:45:04.756142 [debug] [MainThread]: Using sqlserver connection "debug"
[0m14:45:04.756497 [debug] [MainThread]: On debug: select 1 as id
[0m14:45:04.756763 [debug] [MainThread]: Opening a new connection, currently in state init
[0m14:45:04.763598 [debug] [MainThread]: sqlserver adapter: Using connection string: DRIVER={ODBC Driver 18 for SQL Server};SERVER=HONEY\SQLEXPRESS;Database=dev;UID=***;PWD=***;encrypt=Yes;TrustServerCertificate=Yes;APP=dbt-sqlserver/1.11.1;Pooling=true;SQL_ATTR_TRACE=SQL_OPT_TRACE_OFF;ConnectRetryCount=3;ConnectRetryInterval=10
[0m14:45:05.272917 [debug] [MainThread]: sqlserver adapter: Connected to db: dev
[0m14:45:05.276190 [debug] [MainThread]: SQL status: OK in 1.000 seconds
[0m14:45:05.277353 [debug] [MainThread]: On debug: Close
[0m14:45:05.277657 [info ] [MainThread]:   Connection test: [[32mOK connection ok[0m]

[0m14:45:05.278289 [info ] [MainThread]: [32mAll checks passed![0m
[0m14:45:05.280065 [debug] [MainThread]: Command `dbt debug` succeeded at 14:45:05.279931 after 1.48 seconds
[0m14:45:05.280364 [debug] [MainThread]: Connection 'debug' was properly closed.
[0m14:45:05.280655 [debug] [MainThread]: Sending event: {'category': 'dbt', 'action': 'invocation', 'label': 'end', 'context': [<snowplow_tracker.self_describing_json.SelfDescribingJson object at 0x000001688CE18A50>, <snowplow_tracker.self_describing_json.SelfDescribingJson object at 0x000001688CE18650>, <snowplow_tracker.self_describing_json.SelfDescribingJson object at 0x000001688CE86210>]}
[0m14:45:05.280978 [debug] [MainThread]: Flushing usage events
[0m14:45:06.881040 [debug] [MainThread]: An error was encountered while trying to flush usage events
[0m15:13:48.790884 [debug] [MainThread]: Sending event: {'category': 'dbt', 'action': 'invocation', 'label': 'start', 'context': [<snowplow_tracker.self_describing_json.SelfDescribingJson object at 0x0000027FA4A5E3C0>, <snowplow_tracker.self_describing_json.SelfDescribingJson object at 0x0000027FA23C0F50>, <snowplow_tracker.self_describing_json.SelfDescribingJson object at 0x0000027FA73579D0>]}


============================== 15:13:48.796859 | 5e683a03-0f20-48d3-9aa2-a228f199bdcd ==============================
[0m15:13:48.796859 [info ] [MainThread]: Running with dbt=1.12.3
[0m15:13:48.797560 [debug] [MainThread]: running dbt with arguments {'version_check': 'True', 'no_print': 'None', 'maximum_seed_size_mib': '1', 'warn_error_options': 'WarnErrorOptionsV2(error=[], warn=[], silence=[])', 'target_path': 'None', 'static_parser': 'True', 'printer_width': '80', 'write_json': 'True', 'empty': 'None', 'log_cache_events': 'False', 'introspect': 'True', 'cache_selected_only': 'False', 'log_format': 'default', 'debug': 'False', 'fail_fast': 'False', 'partial_parse': 'True', 'send_anonymous_usage_stats': 'True', 'quiet': 'False', 'warn_error': 'None', 'profiles_dir': 'C:\\Users\\Dell\\.dbt', 'invocation_command': 'dbt debug', 'hints_enabled': 'True', 'use_colors': 'True', 'use_experimental_parser': 'False', 'indirect_selection': 'eager', 'log_path': 'D:\\Local Projects\\DBT\\logs'}
[0m15:13:48.831257 [info ] [MainThread]: dbt version: 1.12.3
[0m15:13:48.831933 [info ] [MainThread]: python version: 3.14.4
[0m15:13:48.832584 [info ] [MainThread]: python path: D:\Local Projects\DBT\.dbt_venv\Scripts\python.exe
[0m15:13:48.833104 [info ] [MainThread]: os info: Windows-10-10.0.19045-SP0
[0m15:13:49.018685 [info ] [MainThread]: Using profiles dir at C:\Users\Dell\.dbt
[0m15:13:49.019508 [info ] [MainThread]: Using profiles.yml file at C:\Users\Dell\.dbt\profiles.yml
[0m15:13:49.020053 [info ] [MainThread]: Using dbt_project.yml file at D:\Local Projects\DBT\dbt_project.yml
[0m15:13:49.020699 [info ] [MainThread]: adapter type: sqlserver
[0m15:13:49.021294 [info ] [MainThread]: adapter version: 1.11.1
[0m15:13:49.155781 [info ] [MainThread]: Configuration:
[0m15:13:49.156683 [info ] [MainThread]:   profiles.yml file [[32mOK found and valid[0m]
[0m15:13:49.157725 [info ] [MainThread]:   dbt_project.yml file [[32mOK found and valid[0m]
[0m15:13:49.158615 [info ] [MainThread]: Required dependencies:
[0m15:13:49.159364 [debug] [MainThread]: Executing "git --help"
[0m15:13:49.225035 [debug] [MainThread]: STDOUT: "b"usage: git [-v | --version] [-h | --help] [-C <path>] [-c <name>=<value>]\n           [--exec-path[=<path>]] [--html-path] [--man-path] [--info-path]\n           [-p | --paginate | -P | --no-pager] [--no-replace-objects] [--no-lazy-fetch]\n           [--no-optional-locks] [--no-advice] [--bare] [--git-dir=<path>]\n           [--work-tree=<path>] [--namespace=<name>] [--config-env=<name>=<envvar>]\n           <command> [<args>]\n\nThese are common Git commands used in various situations:\n\nstart a working area (see also: git help tutorial)\n   clone      Clone a repository into a new directory\n   init       Create an empty Git repository or reinitialize an existing one\n\nwork on the current change (see also: git help everyday)\n   add        Add file contents to the index\n   mv         Move or rename a file, a directory, or a symlink\n   restore    Restore working tree files\n   rm         Remove files from the working tree and from the index\n\nexamine the history and state (see also: git help revisions)\n   bisect     Use binary search to find the commit that introduced a bug\n   diff       Show changes between commits, commit and working tree, etc\n   grep       Print lines matching a pattern\n   log        Show commit logs\n   show       Show various types of objects\n   status     Show the working tree status\n\ngrow, mark and tweak your common history\n   backfill   Download missing objects in a partial clone\n   branch     List, create, or delete branches\n   commit     Record changes to the repository\n   history    EXPERIMENTAL: Rewrite history\n   merge      Join two or more development histories together\n   rebase     Reapply commits on top of another base tip\n   reset      Set `HEAD` or the index to a known state\n   switch     Switch branches\n   tag        Create, list, delete or verify tags\n\ncollaborate (see also: git help workflows)\n   fetch      Download objects and refs from another repository\n   pull       Fetch from and integrate with another repository or a local branch\n   push       Update remote refs along with associated objects\n\n'git help -a' and 'git help -g' list available subcommands and some\nconcept guides. See 'git help <command>' or 'git help <concept>'\nto read about a specific subcommand or concept.\nSee 'git help git' for an overview of the system.\n""
[0m15:13:49.225917 [debug] [MainThread]: STDERR: "b''"
[0m15:13:49.226746 [info ] [MainThread]:  - git [[32mOK found[0m]

[0m15:13:49.227498 [info ] [MainThread]: Connection:
[0m15:13:49.228521 [info ] [MainThread]:   driver: ODBC Driver 18 for SQL Server
[0m15:13:49.229288 [info ] [MainThread]:   server: HONEY\SQLEXPRESS
[0m15:13:49.230062 [info ] [MainThread]:   port: 1433
[0m15:13:49.230554 [info ] [MainThread]:   database: dev
[0m15:13:49.231157 [info ] [MainThread]:   schema: dbo
[0m15:13:49.231657 [info ] [MainThread]:   UID: dbt_harsh
[0m15:13:49.232271 [info ] [MainThread]:   authentication: sql
[0m15:13:49.232762 [info ] [MainThread]:   windows_login: False
[0m15:13:49.233409 [info ] [MainThread]:   retries: 3
[0m15:13:49.234037 [info ] [MainThread]:   login_timeout: 0
[0m15:13:49.234648 [info ] [MainThread]:   query_timeout: 0
[0m15:13:49.235153 [info ] [MainThread]:   trace_flag: False
[0m15:13:49.235957 [info ] [MainThread]:   encrypt: True
[0m15:13:49.236871 [info ] [MainThread]:   trust_cert: True
[0m15:13:49.237798 [info ] [MainThread]:   backend: pyodbc
[0m15:13:49.238316 [info ] [MainThread]:   xact_abort: True
[0m15:13:49.239268 [info ] [MainThread]: Registered adapter: sqlserver=1.11.1
[0m15:13:49.528771 [warn ] [MainThread]: [[33mWARNING[0m]: When True, uses SQL Server-native string type mappings: STRING -> VARCHAR(MAX), NCHAR -> NCHAR(1), NVARCHAR -> NVARCHAR(4000). When False (default), preserves legacy mappings: STRING and NVARCHAR -> VARCHAR(8000), NCHAR -> CHAR(1). The new behaviour is intended to become the default in a future release.
You may opt into the new behavior sooner by setting `flags.dbt_sqlserver_use_native_string_types` to `True` in `dbt_project.yml`.
Visit https://docs.getdbt.com/reference/global-configs/behavior-changes for more information.
[0m15:13:49.529669 [debug] [MainThread]: Sending event: {'category': 'dbt', 'action': 'BehaviorChangeEvent', 'label': '5e683a03-0f20-48d3-9aa2-a228f199bdcd', 'context': [<snowplow_tracker.self_describing_json.SelfDescribingJson object at 0x0000027FA747EB10>]}
[0m15:13:49.530333 [warn ] [MainThread]: [[33mWARNING[0m]: When True, dbt transaction hooks (begin/commit) emit real T-SQL BEGIN TRANSACTION / COMMIT TRANSACTION statements. When False (default and legacy), begin/commit are no-ops and each statement is auto-committed by the driver. This means earlier successful statements are not rolled back if a later statement fails. This behavior is intended to become the default in a future release.
You may opt into the new behavior sooner by setting `flags.dbt_sqlserver_use_dbt_transactions` to `True` in `dbt_project.yml`.
Visit https://docs.getdbt.com/reference/global-configs/behavior-changes for more information.
[0m15:13:49.531156 [debug] [MainThread]: Sending event: {'category': 'dbt', 'action': 'BehaviorChangeEvent', 'label': '5e683a03-0f20-48d3-9aa2-a228f199bdcd', 'context': [<snowplow_tracker.self_describing_json.SelfDescribingJson object at 0x0000027FA79C39B0>]}
[0m15:13:49.531736 [debug] [MainThread]: Acquiring new sqlserver connection 'debug'
[0m15:13:49.532022 [debug] [MainThread]: Using sqlserver connection "debug"
[0m15:13:49.532275 [debug] [MainThread]: On debug: select 1 as id
[0m15:13:49.532506 [debug] [MainThread]: Opening a new connection, currently in state init
[0m15:13:49.540768 [debug] [MainThread]: sqlserver adapter: Using connection string: DRIVER={ODBC Driver 18 for SQL Server};SERVER=HONEY\SQLEXPRESS;Database=dev;UID=***;PWD=***;encrypt=Yes;TrustServerCertificate=Yes;APP=dbt-sqlserver/1.11.1;Pooling=true;SQL_ATTR_TRACE=SQL_OPT_TRACE_OFF;ConnectRetryCount=3;ConnectRetryInterval=10
[0m15:13:49.970166 [debug] [MainThread]: sqlserver adapter: Connected to db: dev
[0m15:13:49.971909 [debug] [MainThread]: SQL status: OK in 0.000 seconds
[0m15:13:49.973008 [debug] [MainThread]: On debug: Close
[0m15:13:49.973461 [info ] [MainThread]:   Connection test: [[32mOK connection ok[0m]

[0m15:13:49.974338 [info ] [MainThread]: [32mAll checks passed![0m
[0m15:13:49.976564 [debug] [MainThread]: Command `dbt debug` succeeded at 15:13:49.976102 after 1.36 seconds
[0m15:13:49.977002 [debug] [MainThread]: Connection 'debug' was properly closed.
[0m15:13:49.977406 [debug] [MainThread]: Sending event: {'category': 'dbt', 'action': 'invocation', 'label': 'end', 'context': [<snowplow_tracker.self_describing_json.SelfDescribingJson object at 0x0000027FA79B8A50>, <snowplow_tracker.self_describing_json.SelfDescribingJson object at 0x0000027FA79B8650>, <snowplow_tracker.self_describing_json.SelfDescribingJson object at 0x0000027FA7A26210>]}
[0m15:13:49.977838 [debug] [MainThread]: Flushing usage events
[0m15:13:51.445777 [debug] [MainThread]: An error was encountered while trying to flush usage events
[0m15:14:36.015632 [debug] [MainThread]: Sending event: {'category': 'dbt', 'action': 'invocation', 'label': 'start', 'context': [<snowplow_tracker.self_describing_json.SelfDescribingJson object at 0x000001E66FCDE3C0>, <snowplow_tracker.self_describing_json.SelfDescribingJson object at 0x000001E66D639090>, <snowplow_tracker.self_describing_json.SelfDescribingJson object at 0x000001E6726339D0>]}


============================== 15:14:36.020747 | 411c2834-e4f9-45ff-a73d-4d37f92d98f3 ==============================
[0m15:14:36.020747 [info ] [MainThread]: Running with dbt=1.12.3
[0m15:14:36.021657 [debug] [MainThread]: running dbt with arguments {'version_check': 'True', 'no_print': 'None', 'static_parser': 'True', 'warn_error_options': 'WarnErrorOptionsV2(error=[], warn=[], silence=[])', 'target_path': 'None', 'maximum_seed_size_mib': '1', 'printer_width': '80', 'write_json': 'True', 'empty': 'False', 'log_cache_events': 'False', 'introspect': 'True', 'cache_selected_only': 'False', 'fail_fast': 'False', 'debug': 'False', 'log_format': 'default', 'profiles_dir': 'C:\\Users\\Dell\\.dbt', 'send_anonymous_usage_stats': 'True', 'quiet': 'False', 'warn_error': 'None', 'partial_parse': 'True', 'indirect_selection': 'eager', 'hints_enabled': 'True', 'use_colors': 'True', 'use_experimental_parser': 'False', 'invocation_command': 'dbt run --select silver+', 'log_path': 'D:\\Local Projects\\DBT\\logs'}
[0m15:14:36.393128 [debug] [MainThread]: Sending event: {'category': 'dbt', 'action': 'project_id', 'label': '411c2834-e4f9-45ff-a73d-4d37f92d98f3', 'context': [<snowplow_tracker.self_describing_json.SelfDescribingJson object at 0x000001E6726B16E0>]}
[0m15:14:36.468678 [debug] [MainThread]: Sending event: {'category': 'dbt', 'action': 'adapter_info', 'label': '411c2834-e4f9-45ff-a73d-4d37f92d98f3', 'context': [<snowplow_tracker.self_describing_json.SelfDescribingJson object at 0x000001E66DEBDF20>]}
[0m15:14:36.469553 [info ] [MainThread]: Registered adapter: sqlserver=1.11.1
[0m15:14:36.833861 [warn ] [MainThread]: [[33mWARNING[0m]: When True, uses SQL Server-native string type mappings: STRING -> VARCHAR(MAX), NCHAR -> NCHAR(1), NVARCHAR -> NVARCHAR(4000). When False (default), preserves legacy mappings: STRING and NVARCHAR -> VARCHAR(8000), NCHAR -> CHAR(1). The new behaviour is intended to become the default in a future release.
You may opt into the new behavior sooner by setting `flags.dbt_sqlserver_use_native_string_types` to `True` in `dbt_project.yml`.
Visit https://docs.getdbt.com/reference/global-configs/behavior-changes for more information.
[0m15:14:36.834984 [debug] [MainThread]: Sending event: {'category': 'dbt', 'action': 'BehaviorChangeEvent', 'label': '411c2834-e4f9-45ff-a73d-4d37f92d98f3', 'context': [<snowplow_tracker.self_describing_json.SelfDescribingJson object at 0x000001E6729CA750>]}
[0m15:14:36.835499 [warn ] [MainThread]: [[33mWARNING[0m]: When True, dbt transaction hooks (begin/commit) emit real T-SQL BEGIN TRANSACTION / COMMIT TRANSACTION statements. When False (default and legacy), begin/commit are no-ops and each statement is auto-committed by the driver. This means earlier successful statements are not rolled back if a later statement fails. This behavior is intended to become the default in a future release.
You may opt into the new behavior sooner by setting `flags.dbt_sqlserver_use_dbt_transactions` to `True` in `dbt_project.yml`.
Visit https://docs.getdbt.com/reference/global-configs/behavior-changes for more information.
[0m15:14:36.836514 [debug] [MainThread]: Sending event: {'category': 'dbt', 'action': 'BehaviorChangeEvent', 'label': '411c2834-e4f9-45ff-a73d-4d37f92d98f3', 'context': [<snowplow_tracker.self_describing_json.SelfDescribingJson object at 0x000001E672D297C0>]}
[0m15:14:36.885343 [debug] [MainThread]: checksum: 61fa0cb8ebbab08e6306b916b7eee9c1bd2f4ae870aa253f37d5f612939c7047, vars: {}, profile: project_dbt, target: dev, version: 1.12.3
[0m15:14:37.075222 [info ] [MainThread]: Unable to do partial parsing because profile has changed
[0m15:14:37.076088 [info ] [MainThread]: Unable to do partial parsing because a project config has changed
[0m15:14:37.076725 [debug] [MainThread]: Sending event: {'category': 'dbt', 'action': 'partial_parser', 'label': '411c2834-e4f9-45ff-a73d-4d37f92d98f3', 'context': [<snowplow_tracker.self_describing_json.SelfDescribingJson object at 0x000001E67317B230>]}
[0m15:14:42.229997 [warn ] [MainThread]: [[33mWARNING[0m]: When True, uses dbt-core's standard schema concatenation (`target.schema` + `_` + `custom_schema_name`). When False (default), uses legacy adapter behaviour: `custom_schema_name` is used directly without prefixing `target.schema`. For a permanent solution, override the `sqlserver__generate_schema_name` macro in your project instead.
You may opt into the new behavior sooner by setting `flags.dbt_sqlserver_use_default_schema_concat` to `True` in `dbt_project.yml`.
Visit https://docs.getdbt.com/reference/global-configs/behavior-changes for more information.
[0m15:14:42.230932 [debug] [MainThread]: Sending event: {'category': 'dbt', 'action': 'BehaviorChangeEvent', 'label': '411c2834-e4f9-45ff-a73d-4d37f92d98f3', 'context': [<snowplow_tracker.self_describing_json.SelfDescribingJson object at 0x000001E674770E20>]}
[0m15:14:42.574935 [warn ] [MainThread]: [[33mWARNING[0m]: Did not find matching node for patch with name 'employee_view' in the 'models' section of file 'project_dbt/models\schema.yml'
[0m15:14:42.799715 [warn ] [MainThread]: [[33mWARNING[0m]: Test 'test.project_dbt.unique_employee_view_employee_id.83206369be' (project_dbt/models\schema.yml) depends on a node named 'employee_view' in package '' which was not found
[0m15:14:42.800724 [warn ] [MainThread]: [[33mWARNING[0m]: Test 'test.project_dbt.not_null_employee_view_employee_id.5606307f8a' (project_dbt/models\schema.yml) depends on a node named 'employee_view' in package '' which was not found
[0m15:14:42.912867 [debug] [MainThread]: Sending event: {'category': 'dbt', 'action': 'load_project', 'label': '411c2834-e4f9-45ff-a73d-4d37f92d98f3', 'context': [<snowplow_tracker.self_describing_json.SelfDescribingJson object at 0x000001E674BA5C10>]}
[0m15:14:43.031924 [debug] [MainThread]: Wrote artifact WritableManifest to D:\Local Projects\DBT\target\manifest.json
[0m15:14:43.058119 [debug] [MainThread]: Wrote artifact SemanticManifest to D:\Local Projects\DBT\target\semantic_manifest.json
[0m15:14:43.125516 [debug] [MainThread]: Wrote artifact OsiDocument to D:\Local Projects\DBT\target\osi_document.json
[0m15:14:43.149354 [debug] [MainThread]: Sending event: {'category': 'dbt', 'action': 'resource_counts', 'label': '411c2834-e4f9-45ff-a73d-4d37f92d98f3', 'context': [<snowplow_tracker.self_describing_json.SelfDescribingJson object at 0x000001E675051F40>]}
[0m15:14:43.150168 [info ] [MainThread]: Found 5 models, 5 data tests, 3 sources, 556 macros
[0m15:14:43.150890 [debug] [MainThread]: Sending event: {'category': 'dbt', 'action': 'runnable_timing', 'label': '411c2834-e4f9-45ff-a73d-4d37f92d98f3', 'context': [<snowplow_tracker.self_describing_json.SelfDescribingJson object at 0x000001E6750B53B0>]}
[0m15:14:43.153621 [info ] [MainThread]: 
[0m15:14:43.154466 [info ] [MainThread]: Concurrency: 3 threads (target='dev')
[0m15:14:43.155100 [info ] [MainThread]: 
[0m15:14:43.156167 [debug] [MainThread]: Acquiring new sqlserver connection 'master'
[0m15:14:43.164912 [debug] [ThreadPool]: Acquiring new sqlserver connection 'list_dev'
[0m15:14:43.183465 [debug] [ThreadPool]: Acquiring new sqlserver connection 'list_dev'
[0m15:14:43.192270 [debug] [ThreadPool]: dbt-sqlserver
[0m15:14:43.196449 [debug] [ThreadPool]: Using sqlserver connection "list_dev"
[0m15:14:43.190733 [debug] [ThreadPool]: dbt-sqlserver
[0m15:14:43.198885 [debug] [ThreadPool]: Using sqlserver connection "list_dev"
[0m15:14:43.197465 [debug] [ThreadPool]: On list_dev: /* {"app": "dbt", "dbt_version": "1.12.3", "profile_name": "project_dbt", "target_name": "dev", "connection_name": "list_dev"} */
USE [dev];
    select  name as [schema]
    from sys.schemas with (nolock) 
    OPTION (LABEL = 'dbt-sqlserver');

  
[0m15:14:43.200132 [debug] [ThreadPool]: Opening a new connection, currently in state init
[0m15:14:43.199483 [debug] [ThreadPool]: On list_dev: /* {"app": "dbt", "dbt_version": "1.12.3", "profile_name": "project_dbt", "target_name": "dev", "connection_name": "list_dev"} */
USE [dev];
    select  name as [schema]
    from sys.schemas with (nolock) 
    OPTION (LABEL = 'dbt-sqlserver');

  
[0m15:14:43.200918 [debug] [ThreadPool]: Opening a new connection, currently in state init
[0m15:14:43.204277 [debug] [ThreadPool]: sqlserver adapter: Using connection string: DRIVER={ODBC Driver 18 for SQL Server};SERVER=HONEY\SQLEXPRESS;Database=dev;UID=***;PWD=***;encrypt=Yes;TrustServerCertificate=Yes;APP=dbt-sqlserver/1.11.1;Pooling=true;SQL_ATTR_TRACE=SQL_OPT_TRACE_OFF;ConnectRetryCount=3;ConnectRetryInterval=10
[0m15:14:43.205329 [debug] [ThreadPool]: sqlserver adapter: Using connection string: DRIVER={ODBC Driver 18 for SQL Server};SERVER=HONEY\SQLEXPRESS;Database=dev;UID=***;PWD=***;encrypt=Yes;TrustServerCertificate=Yes;APP=dbt-sqlserver/1.11.1;Pooling=true;SQL_ATTR_TRACE=SQL_OPT_TRACE_OFF;ConnectRetryCount=3;ConnectRetryInterval=10
[0m15:14:43.703369 [debug] [ThreadPool]: sqlserver adapter: Connected to db: dev
[0m15:14:43.707535 [debug] [ThreadPool]: sqlserver adapter: Connected to db: dev
[0m15:14:43.731321 [debug] [ThreadPool]: SQL status: OK in 1.000 seconds
[0m15:14:43.734029 [debug] [ThreadPool]: On list_dev: Close
[0m15:14:43.736562 [debug] [ThreadPool]: SQL status: OK in 1.000 seconds
[0m15:14:43.737863 [debug] [ThreadPool]: On list_dev: Close
[0m15:14:43.740459 [debug] [ThreadPool]: Acquiring new sqlserver connection 'list_dev_gold'
[0m15:14:43.747543 [debug] [ThreadPool]: dbt-sqlserver
[0m15:14:43.749280 [debug] [ThreadPool]: Using sqlserver connection "list_dev_gold"
[0m15:14:43.750037 [debug] [ThreadPool]: On list_dev_gold: /* {"app": "dbt", "dbt_version": "1.12.3", "profile_name": "project_dbt", "target_name": "dev", "connection_name": "list_dev_gold"} */
USE [dev];
    declare @schema_id int = schema_id('gold');
    select
      DB_NAME() as [database],
      t.name as [name],
      'gold' as [schema],
      'table' as table_type
    from sys.tables as t with (nolock)
    where t.schema_id = @schema_id
    union all
    select
      DB_NAME() as [database],
      v.name as [name],
      'gold' as [schema],
      'view' as table_type
    from sys.views as v with (nolock)
    where v.schema_id = @schema_id
    
    OPTION (LABEL = 'dbt-sqlserver');

  
[0m15:14:43.748298 [debug] [ThreadPool]: Acquiring new sqlserver connection 'list_dev_dbo'
[0m15:14:43.752876 [debug] [ThreadPool]: dbt-sqlserver
[0m15:14:43.751176 [debug] [ThreadPool]: Acquiring new sqlserver connection 'list_dev_silver'
[0m15:14:43.755600 [debug] [ThreadPool]: dbt-sqlserver
[0m15:14:43.750532 [debug] [ThreadPool]: Opening a new connection, currently in state init
[0m15:14:43.757019 [debug] [ThreadPool]: sqlserver adapter: Using connection string: DRIVER={ODBC Driver 18 for SQL Server};SERVER=HONEY\SQLEXPRESS;Database=dev;UID=***;PWD=***;encrypt=Yes;TrustServerCertificate=Yes;APP=dbt-sqlserver/1.11.1;Pooling=true;SQL_ATTR_TRACE=SQL_OPT_TRACE_OFF;ConnectRetryCount=3;ConnectRetryInterval=10
[0m15:14:43.753855 [debug] [ThreadPool]: Using sqlserver connection "list_dev_dbo"
[0m15:14:43.757506 [debug] [ThreadPool]: On list_dev_dbo: /* {"app": "dbt", "dbt_version": "1.12.3", "profile_name": "project_dbt", "target_name": "dev", "connection_name": "list_dev_dbo"} */
USE [dev];
    declare @schema_id int = schema_id('dbo');
    select
      DB_NAME() as [database],
      t.name as [name],
      'dbo' as [schema],
      'table' as table_type
    from sys.tables as t with (nolock)
    where t.schema_id = @schema_id
    union all
    select
      DB_NAME() as [database],
      v.name as [name],
      'dbo' as [schema],
      'view' as table_type
    from sys.views as v with (nolock)
    where v.schema_id = @schema_id
    
    OPTION (LABEL = 'dbt-sqlserver');

  
[0m15:14:43.757858 [debug] [ThreadPool]: Opening a new connection, currently in state init
[0m15:14:43.758698 [debug] [ThreadPool]: sqlserver adapter: Using connection string: DRIVER={ODBC Driver 18 for SQL Server};SERVER=HONEY\SQLEXPRESS;Database=dev;UID=***;PWD=***;encrypt=Yes;TrustServerCertificate=Yes;APP=dbt-sqlserver/1.11.1;Pooling=true;SQL_ATTR_TRACE=SQL_OPT_TRACE_OFF;ConnectRetryCount=3;ConnectRetryInterval=10
[0m15:14:43.756267 [debug] [ThreadPool]: Using sqlserver connection "list_dev_silver"
[0m15:14:43.759317 [debug] [ThreadPool]: On list_dev_silver: /* {"app": "dbt", "dbt_version": "1.12.3", "profile_name": "project_dbt", "target_name": "dev", "connection_name": "list_dev_silver"} */
USE [dev];
    declare @schema_id int = schema_id('silver');
    select
      DB_NAME() as [database],
      t.name as [name],
      'silver' as [schema],
      'table' as table_type
    from sys.tables as t with (nolock)
    where t.schema_id = @schema_id
    union all
    select
      DB_NAME() as [database],
      v.name as [name],
      'silver' as [schema],
      'view' as table_type
    from sys.views as v with (nolock)
    where v.schema_id = @schema_id
    
    OPTION (LABEL = 'dbt-sqlserver');

  
[0m15:14:43.758278 [debug] [ThreadPool]: sqlserver adapter: Connected to db: dev
[0m15:14:43.759719 [debug] [ThreadPool]: Opening a new connection, currently in state init
[0m15:14:43.760575 [debug] [ThreadPool]: sqlserver adapter: Using connection string: DRIVER={ODBC Driver 18 for SQL Server};SERVER=HONEY\SQLEXPRESS;Database=dev;UID=***;PWD=***;encrypt=Yes;TrustServerCertificate=Yes;APP=dbt-sqlserver/1.11.1;Pooling=true;SQL_ATTR_TRACE=SQL_OPT_TRACE_OFF;ConnectRetryCount=3;ConnectRetryInterval=10
[0m15:14:43.761204 [debug] [ThreadPool]: sqlserver adapter: Connected to db: dev
[0m15:14:43.840962 [debug] [ThreadPool]: SQL status: OK in 0.000 seconds
[0m15:14:43.842204 [debug] [ThreadPool]: On list_dev_gold: ROLLBACK
[0m15:14:43.843025 [debug] [ThreadPool]: On list_dev_gold: Close
[0m15:14:43.847745 [debug] [ThreadPool]: SQL status: OK in 0.000 seconds
[0m15:14:43.848992 [debug] [ThreadPool]: On list_dev_silver: ROLLBACK
[0m15:14:43.849279 [debug] [ThreadPool]: On list_dev_silver: Close
[0m15:14:43.994276 [debug] [ThreadPool]: sqlserver adapter: Connected to db: dev
[0m15:14:44.043639 [debug] [ThreadPool]: SQL status: OK in 0.000 seconds
[0m15:14:44.045768 [debug] [ThreadPool]: On list_dev_dbo: ROLLBACK
[0m15:14:44.046389 [debug] [ThreadPool]: On list_dev_dbo: Close
[0m15:14:44.047973 [debug] [MainThread]: Sending event: {'category': 'dbt', 'action': 'runnable_timing', 'label': '411c2834-e4f9-45ff-a73d-4d37f92d98f3', 'context': [<snowplow_tracker.self_describing_json.SelfDescribingJson object at 0x000001E674F8F0D0>]}
[0m15:14:44.048994 [debug] [MainThread]: On master: COMMIT
[0m15:14:44.058988 [debug] [Thread-1 (]: Began running node model.project_dbt.silver_employee
[0m15:14:44.060090 [debug] [Thread-2 (]: Began running node model.project_dbt.silver_salary
[0m15:14:44.059648 [info ] [Thread-1 (]: 1 of 3 START sql table model silver.silver_employee ............................ [RUN]
[0m15:14:44.061745 [debug] [Thread-1 (]: Acquiring new sqlserver connection 'model.project_dbt.silver_employee'
[0m15:14:44.062235 [debug] [Thread-1 (]: Began compiling node model.project_dbt.silver_employee
[0m15:14:44.069469 [debug] [Thread-1 (]: Writing injected SQL for node "model.project_dbt.silver_employee"
[0m15:14:44.060804 [info ] [Thread-2 (]: 2 of 3 START sql table model silver.silver_salary .............................. [RUN]
[0m15:14:44.070975 [debug] [Thread-2 (]: Acquiring new sqlserver connection 'model.project_dbt.silver_salary'
[0m15:14:44.071716 [debug] [Thread-2 (]: Began compiling node model.project_dbt.silver_salary
[0m15:14:44.074903 [debug] [Thread-2 (]: Writing injected SQL for node "model.project_dbt.silver_salary"
[0m15:14:44.076951 [debug] [Thread-1 (]: Began executing node model.project_dbt.silver_employee
[0m15:14:44.111269 [debug] [Thread-2 (]: Began executing node model.project_dbt.silver_salary
[0m15:14:44.138584 [debug] [Thread-2 (]: dbt-sqlserver
[0m15:14:44.145730 [debug] [Thread-2 (]: Applying DROP to: "dev"."silver"."silver_salary__dbt_tmp__dbt_tmp_vw"
[0m15:14:44.152667 [debug] [Thread-2 (]: dbt-sqlserver
[0m15:14:44.153267 [debug] [Thread-2 (]: Using sqlserver connection "model.project_dbt.silver_salary"
[0m15:14:44.153608 [debug] [Thread-2 (]: On model.project_dbt.silver_salary: /* {"app": "dbt", "dbt_version": "1.12.3", "profile_name": "project_dbt", "target_name": "dev", "node_id": "model.project_dbt.silver_salary"} */

        USE [dev];
        select
            sch.name as schema_name,
            obj.name as view_name
        from sys.sql_expression_dependencies refs with (nolock)
        inner join sys.objects obj with (nolock)
        on refs.referencing_id = obj.object_id
        inner join sys.schemas sch with (nolock)
        on obj.schema_id = sch.schema_id
        where refs.referenced_database_name = 'dev'
        and refs.referenced_schema_name = 'silver'
        and refs.referenced_entity_name = 'silver_salary__dbt_tmp__dbt_tmp_vw'
        and obj.type = 'V'
        
    OPTION (LABEL = 'dbt-sqlserver');

      
[0m15:14:44.153934 [debug] [Thread-2 (]: Opening a new connection, currently in state init
[0m15:14:44.154325 [debug] [Thread-2 (]: sqlserver adapter: Using connection string: DRIVER={ODBC Driver 18 for SQL Server};SERVER=HONEY\SQLEXPRESS;Database=dev;UID=***;PWD=***;encrypt=Yes;TrustServerCertificate=Yes;APP=dbt-sqlserver/1.11.1;Pooling=true;SQL_ATTR_TRACE=SQL_OPT_TRACE_OFF;ConnectRetryCount=3;ConnectRetryInterval=10
[0m15:14:44.157391 [debug] [Thread-1 (]: dbt-sqlserver
[0m15:14:44.160317 [debug] [Thread-1 (]: Applying DROP to: "dev"."silver"."silver_employee__dbt_tmp__dbt_tmp_vw"
[0m15:14:44.163168 [debug] [Thread-1 (]: dbt-sqlserver
[0m15:14:44.164130 [debug] [Thread-1 (]: Using sqlserver connection "model.project_dbt.silver_employee"
[0m15:14:44.164492 [debug] [Thread-1 (]: On model.project_dbt.silver_employee: /* {"app": "dbt", "dbt_version": "1.12.3", "profile_name": "project_dbt", "target_name": "dev", "node_id": "model.project_dbt.silver_employee"} */

        USE [dev];
        select
            sch.name as schema_name,
            obj.name as view_name
        from sys.sql_expression_dependencies refs with (nolock)
        inner join sys.objects obj with (nolock)
        on refs.referencing_id = obj.object_id
        inner join sys.schemas sch with (nolock)
        on obj.schema_id = sch.schema_id
        where refs.referenced_database_name = 'dev'
        and refs.referenced_schema_name = 'silver'
        and refs.referenced_entity_name = 'silver_employee__dbt_tmp__dbt_tmp_vw'
        and obj.type = 'V'
        
    OPTION (LABEL = 'dbt-sqlserver');

      
[0m15:14:44.164831 [debug] [Thread-1 (]: Opening a new connection, currently in state init
[0m15:14:44.165242 [debug] [Thread-1 (]: sqlserver adapter: Using connection string: DRIVER={ODBC Driver 18 for SQL Server};SERVER=HONEY\SQLEXPRESS;Database=dev;UID=***;PWD=***;encrypt=Yes;TrustServerCertificate=Yes;APP=dbt-sqlserver/1.11.1;Pooling=true;SQL_ATTR_TRACE=SQL_OPT_TRACE_OFF;ConnectRetryCount=3;ConnectRetryInterval=10
[0m15:14:44.161094 [debug] [Thread-2 (]: sqlserver adapter: Connected to db: dev
[0m15:14:44.165630 [debug] [Thread-1 (]: sqlserver adapter: Connected to db: dev
[0m15:14:44.236137 [debug] [Thread-1 (]: SQL status: OK in 0.000 seconds
[0m15:14:44.237193 [debug] [Thread-2 (]: SQL status: OK in 0.000 seconds
[0m15:14:44.238904 [debug] [Thread-2 (]: Using sqlserver connection "model.project_dbt.silver_salary"
[0m15:14:44.239537 [debug] [Thread-2 (]: On model.project_dbt.silver_salary: /* {"app": "dbt", "dbt_version": "1.12.3", "profile_name": "project_dbt", "target_name": "dev", "node_id": "model.project_dbt.silver_salary"} */

      
      
    
    USE [dev];
    EXEC('DROP view IF EXISTS "silver"."silver_salary__dbt_tmp__dbt_tmp_vw";');

[0m15:14:44.241475 [debug] [Thread-1 (]: Using sqlserver connection "model.project_dbt.silver_employee"
[0m15:14:44.242015 [debug] [Thread-1 (]: On model.project_dbt.silver_employee: /* {"app": "dbt", "dbt_version": "1.12.3", "profile_name": "project_dbt", "target_name": "dev", "node_id": "model.project_dbt.silver_employee"} */

      
      
    
    USE [dev];
    EXEC('DROP view IF EXISTS "silver"."silver_employee__dbt_tmp__dbt_tmp_vw";');

[0m15:14:44.244344 [debug] [Thread-2 (]: SQL status: OK in 0.000 seconds
[0m15:14:44.244889 [debug] [Thread-1 (]: SQL status: OK in 0.000 seconds
[0m15:14:44.264269 [debug] [Thread-1 (]: Writing runtime sql for node "model.project_dbt.silver_employee"
[0m15:14:44.261663 [debug] [Thread-2 (]: Writing runtime sql for node "model.project_dbt.silver_salary"
[0m15:14:44.266407 [debug] [Thread-2 (]: Using sqlserver connection "model.project_dbt.silver_salary"
[0m15:14:44.266924 [debug] [Thread-2 (]: On model.project_dbt.silver_salary: /* {"app": "dbt", "dbt_version": "1.12.3", "profile_name": "project_dbt", "target_name": "dev", "node_id": "model.project_dbt.silver_salary"} */

  
    USE [dev];
    USE [dev];
    
    

    

    USE [dev];
    EXEC('
        CREATE OR ALTER VIEW "silver"."silver_salary__dbt_tmp__dbt_tmp_vw" AS select
    s.salary_id,
    s.employee_id,
    s.base_salary,
    s.bonus,
    (s.base_salary + isnull(s.bonus, 0)) as total_salary,
    s.effective_date
from "dev"."bronze"."salary" s;
    ')

EXEC('IF OBJECT_ID(''silver.silver_salary__dbt_tmp'', ''U'') IS NOT NULL
                EXEC(''DROP TABLE "dev"."silver"."silver_salary__dbt_tmp"'');SELECT * INTO "dev"."silver"."silver_salary__dbt_tmp" FROM "dev"."silver"."silver_salary__dbt_tmp__dbt_tmp_vw" 
    OPTION (LABEL = ''dbt-sqlserver'');

        ')

    
    EXEC('DROP VIEW IF EXISTS "silver"."silver_salary__dbt_tmp__dbt_tmp_vw"')



    
    use [dev];
    if EXISTS (
        SELECT *
        FROM sys.indexes with (nolock)
        WHERE name = 'silver_silver_salary__dbt_tmp_cci'
        AND object_id=object_id('"silver"."silver_salary__dbt_tmp"')
    )
    DROP index "silver"."silver_salary__dbt_tmp".silver_silver_salary__dbt_tmp_cci
    CREATE CLUSTERED COLUMNSTORE INDEX silver_silver_salary__dbt_tmp_cci
    ON "silver"."silver_salary__dbt_tmp"

   


  
[0m15:14:44.267489 [debug] [Thread-1 (]: Using sqlserver connection "model.project_dbt.silver_employee"
[0m15:14:44.267944 [debug] [Thread-1 (]: On model.project_dbt.silver_employee: /* {"app": "dbt", "dbt_version": "1.12.3", "profile_name": "project_dbt", "target_name": "dev", "node_id": "model.project_dbt.silver_employee"} */

  
    USE [dev];
    USE [dev];
    
    

    

    USE [dev];
    EXEC('
        CREATE OR ALTER VIEW "silver"."silver_employee__dbt_tmp__dbt_tmp_vw" AS select
    e.employee_id,
    e.first_name,
    e.last_name,
    e.email,
    e.department_id,
    d.department_name,
    e.hire_date
from "dev"."bronze"."employees_raw" e
left join "dev"."bronze"."department" d
    on e.department_id = d.department_id;
    ')

EXEC('IF OBJECT_ID(''silver.silver_employee__dbt_tmp'', ''U'') IS NOT NULL
                EXEC(''DROP TABLE "dev"."silver"."silver_employee__dbt_tmp"'');SELECT * INTO "dev"."silver"."silver_employee__dbt_tmp" FROM "dev"."silver"."silver_employee__dbt_tmp__dbt_tmp_vw" 
    OPTION (LABEL = ''dbt-sqlserver'');

        ')

    
    EXEC('DROP VIEW IF EXISTS "silver"."silver_employee__dbt_tmp__dbt_tmp_vw"')



    
    use [dev];
    if EXISTS (
        SELECT *
        FROM sys.indexes with (nolock)
        WHERE name = 'silver_silver_employee__dbt_tmp_cci'
        AND object_id=object_id('"silver"."silver_employee__dbt_tmp"')
    )
    DROP index "silver"."silver_employee__dbt_tmp".silver_silver_employee__dbt_tmp_cci
    CREATE CLUSTERED COLUMNSTORE INDEX silver_silver_employee__dbt_tmp_cci
    ON "silver"."silver_employee__dbt_tmp"

   


  
[0m15:14:44.503873 [debug] [Thread-2 (]: SQL status: OK in 0.000 seconds
[0m15:14:44.512611 [debug] [Thread-2 (]: Using sqlserver connection "model.project_dbt.silver_salary"
[0m15:14:44.513131 [debug] [Thread-2 (]: On model.project_dbt.silver_salary: /* {"app": "dbt", "dbt_version": "1.12.3", "profile_name": "project_dbt", "target_name": "dev", "node_id": "model.project_dbt.silver_salary"} */
USE [dev];
      EXEC sp_rename 'silver.silver_salary__dbt_tmp', 'silver_salary'
[0m15:14:44.521237 [debug] [Thread-1 (]: SQL status: OK in 0.000 seconds
[0m15:14:44.523752 [debug] [Thread-1 (]: Using sqlserver connection "model.project_dbt.silver_employee"
[0m15:14:44.524119 [debug] [Thread-1 (]: On model.project_dbt.silver_employee: /* {"app": "dbt", "dbt_version": "1.12.3", "profile_name": "project_dbt", "target_name": "dev", "node_id": "model.project_dbt.silver_employee"} */
USE [dev];
      EXEC sp_rename 'silver.silver_employee__dbt_tmp', 'silver_employee'
[0m15:14:45.291846 [debug] [Thread-2 (]: SQL status: OK in 1.000 seconds
[0m15:14:45.293403 [debug] [Thread-1 (]: SQL status: OK in 1.000 seconds
[0m15:14:45.335340 [debug] [Thread-1 (]: On model.project_dbt.silver_employee: COMMIT
[0m15:14:45.337064 [debug] [Thread-1 (]: Applying DROP to: "dev"."silver"."silver_employee__dbt_backup"
[0m15:14:45.337824 [debug] [Thread-1 (]: Using sqlserver connection "model.project_dbt.silver_employee"
[0m15:14:45.338159 [debug] [Thread-1 (]: On model.project_dbt.silver_employee: /* {"app": "dbt", "dbt_version": "1.12.3", "profile_name": "project_dbt", "target_name": "dev", "node_id": "model.project_dbt.silver_employee"} */

      
    USE [dev];
    EXEC('DROP table IF EXISTS "silver"."silver_employee__dbt_backup";');

[0m15:14:45.340018 [debug] [Thread-2 (]: On model.project_dbt.silver_salary: COMMIT
[0m15:14:45.341536 [debug] [Thread-2 (]: Applying DROP to: "dev"."silver"."silver_salary__dbt_backup"
[0m15:14:45.342229 [debug] [Thread-2 (]: Using sqlserver connection "model.project_dbt.silver_salary"
[0m15:14:45.342552 [debug] [Thread-2 (]: On model.project_dbt.silver_salary: /* {"app": "dbt", "dbt_version": "1.12.3", "profile_name": "project_dbt", "target_name": "dev", "node_id": "model.project_dbt.silver_salary"} */

      
    USE [dev];
    EXEC('DROP table IF EXISTS "silver"."silver_salary__dbt_backup";');

[0m15:14:45.343116 [debug] [Thread-1 (]: SQL status: OK in 0.000 seconds
[0m15:14:45.346119 [debug] [Thread-1 (]: On model.project_dbt.silver_employee: Close
[0m15:14:45.346596 [debug] [Thread-2 (]: SQL status: OK in 0.000 seconds
[0m15:14:45.347854 [debug] [Thread-2 (]: On model.project_dbt.silver_salary: Close
[0m15:14:45.350676 [debug] [Thread-2 (]: Sending event: {'category': 'dbt', 'action': 'run_model', 'label': '411c2834-e4f9-45ff-a73d-4d37f92d98f3', 'context': [<snowplow_tracker.self_describing_json.SelfDescribingJson object at 0x000001E6750CABA0>]}
[0m15:14:45.352143 [debug] [Thread-1 (]: Sending event: {'category': 'dbt', 'action': 'run_model', 'label': '411c2834-e4f9-45ff-a73d-4d37f92d98f3', 'context': [<snowplow_tracker.self_describing_json.SelfDescribingJson object at 0x000001E675102810>]}
[0m15:14:45.351396 [info ] [Thread-2 (]: 2 of 3 OK created sql table model silver.silver_salary ......................... [[32mOK[0m in 1.28s]
[0m15:14:45.354532 [debug] [Thread-2 (]: Finished running node model.project_dbt.silver_salary
[0m15:14:45.353474 [info ] [Thread-1 (]: 1 of 3 OK created sql table model silver.silver_employee ....................... [[32mOK[0m in 1.29s]
[0m15:14:45.355315 [debug] [Thread-1 (]: Finished running node model.project_dbt.silver_employee
[0m15:14:45.356518 [debug] [Thread-3 (]: Began running node model.project_dbt.gold_summary
[0m15:14:45.357004 [info ] [Thread-3 (]: 3 of 3 START sql table model gold.gold_summary ................................. [RUN]
[0m15:14:45.357930 [debug] [Thread-3 (]: Acquiring new sqlserver connection 'model.project_dbt.gold_summary'
[0m15:14:45.358626 [debug] [Thread-3 (]: Began compiling node model.project_dbt.gold_summary
[0m15:14:45.361891 [debug] [Thread-3 (]: Writing injected SQL for node "model.project_dbt.gold_summary"
[0m15:14:45.363052 [debug] [Thread-3 (]: Began executing node model.project_dbt.gold_summary
[0m15:14:45.366144 [debug] [Thread-3 (]: dbt-sqlserver
[0m15:14:45.368060 [debug] [Thread-3 (]: Applying DROP to: "dev"."gold"."gold_summary__dbt_tmp__dbt_tmp_vw"
[0m15:14:45.369656 [debug] [Thread-3 (]: dbt-sqlserver
[0m15:14:45.370266 [debug] [Thread-3 (]: Using sqlserver connection "model.project_dbt.gold_summary"
[0m15:14:45.370593 [debug] [Thread-3 (]: On model.project_dbt.gold_summary: /* {"app": "dbt", "dbt_version": "1.12.3", "profile_name": "project_dbt", "target_name": "dev", "node_id": "model.project_dbt.gold_summary"} */

        USE [dev];
        select
            sch.name as schema_name,
            obj.name as view_name
        from sys.sql_expression_dependencies refs with (nolock)
        inner join sys.objects obj with (nolock)
        on refs.referencing_id = obj.object_id
        inner join sys.schemas sch with (nolock)
        on obj.schema_id = sch.schema_id
        where refs.referenced_database_name = 'dev'
        and refs.referenced_schema_name = 'gold'
        and refs.referenced_entity_name = 'gold_summary__dbt_tmp__dbt_tmp_vw'
        and obj.type = 'V'
        
    OPTION (LABEL = 'dbt-sqlserver');

      
[0m15:14:45.370899 [debug] [Thread-3 (]: Opening a new connection, currently in state init
[0m15:14:45.371279 [debug] [Thread-3 (]: sqlserver adapter: Using connection string: DRIVER={ODBC Driver 18 for SQL Server};SERVER=HONEY\SQLEXPRESS;Database=dev;UID=***;PWD=***;encrypt=Yes;TrustServerCertificate=Yes;APP=dbt-sqlserver/1.11.1;Pooling=true;SQL_ATTR_TRACE=SQL_OPT_TRACE_OFF;ConnectRetryCount=3;ConnectRetryInterval=10
[0m15:14:45.371651 [debug] [Thread-3 (]: sqlserver adapter: Connected to db: dev
[0m15:14:45.410470 [debug] [Thread-3 (]: SQL status: OK in 0.000 seconds
[0m15:14:45.413319 [debug] [Thread-3 (]: Using sqlserver connection "model.project_dbt.gold_summary"
[0m15:14:45.413728 [debug] [Thread-3 (]: On model.project_dbt.gold_summary: /* {"app": "dbt", "dbt_version": "1.12.3", "profile_name": "project_dbt", "target_name": "dev", "node_id": "model.project_dbt.gold_summary"} */

      
      
    
    USE [dev];
    EXEC('DROP view IF EXISTS "gold"."gold_summary__dbt_tmp__dbt_tmp_vw";');

[0m15:14:45.415797 [debug] [Thread-3 (]: SQL status: OK in 0.000 seconds
[0m15:14:45.418378 [debug] [Thread-3 (]: Writing runtime sql for node "model.project_dbt.gold_summary"
[0m15:14:45.419568 [debug] [Thread-3 (]: Using sqlserver connection "model.project_dbt.gold_summary"
[0m15:14:45.420180 [debug] [Thread-3 (]: On model.project_dbt.gold_summary: /* {"app": "dbt", "dbt_version": "1.12.3", "profile_name": "project_dbt", "target_name": "dev", "node_id": "model.project_dbt.gold_summary"} */

  
    USE [dev];
    USE [dev];
    
    

    

    USE [dev];
    EXEC('
        CREATE OR ALTER VIEW "gold"."gold_summary__dbt_tmp__dbt_tmp_vw" AS select
    e.department_id,
    e.department_name,
    count(distinct e.employee_id) as employee_count,
    avg(sal.total_salary) as avg_salary,
    sum(sal.total_salary) as total_salary_cost
from "dev"."silver"."silver_employee" e
left join "dev"."silver"."silver_salary" sal
    on e.employee_id = sal.employee_id
group by
    e.department_id,
    e.department_name;
    ')

EXEC('IF OBJECT_ID(''gold.gold_summary__dbt_tmp'', ''U'') IS NOT NULL
                EXEC(''DROP TABLE "dev"."gold"."gold_summary__dbt_tmp"'');SELECT * INTO "dev"."gold"."gold_summary__dbt_tmp" FROM "dev"."gold"."gold_summary__dbt_tmp__dbt_tmp_vw" 
    OPTION (LABEL = ''dbt-sqlserver'');

        ')

    
    EXEC('DROP VIEW IF EXISTS "gold"."gold_summary__dbt_tmp__dbt_tmp_vw"')



    
    use [dev];
    if EXISTS (
        SELECT *
        FROM sys.indexes with (nolock)
        WHERE name = 'gold_gold_summary__dbt_tmp_cci'
        AND object_id=object_id('"gold"."gold_summary__dbt_tmp"')
    )
    DROP index "gold"."gold_summary__dbt_tmp".gold_gold_summary__dbt_tmp_cci
    CREATE CLUSTERED COLUMNSTORE INDEX gold_gold_summary__dbt_tmp_cci
    ON "gold"."gold_summary__dbt_tmp"

   


  
[0m15:14:45.567687 [debug] [Thread-3 (]: SQL status: OK in 0.000 seconds
[0m15:14:45.569844 [debug] [Thread-3 (]: Using sqlserver connection "model.project_dbt.gold_summary"
[0m15:14:45.570217 [debug] [Thread-3 (]: On model.project_dbt.gold_summary: /* {"app": "dbt", "dbt_version": "1.12.3", "profile_name": "project_dbt", "target_name": "dev", "node_id": "model.project_dbt.gold_summary"} */
USE [dev];
      EXEC sp_rename 'gold.gold_summary__dbt_tmp', 'gold_summary'
[0m15:14:45.574920 [debug] [Thread-3 (]: SQL status: OK in 0.000 seconds
[0m15:14:45.576956 [debug] [Thread-3 (]: On model.project_dbt.gold_summary: COMMIT
[0m15:14:45.578383 [debug] [Thread-3 (]: Applying DROP to: "dev"."gold"."gold_summary__dbt_backup"
[0m15:14:45.579079 [debug] [Thread-3 (]: Using sqlserver connection "model.project_dbt.gold_summary"
[0m15:14:45.579382 [debug] [Thread-3 (]: On model.project_dbt.gold_summary: /* {"app": "dbt", "dbt_version": "1.12.3", "profile_name": "project_dbt", "target_name": "dev", "node_id": "model.project_dbt.gold_summary"} */

      
    USE [dev];
    EXEC('DROP table IF EXISTS "gold"."gold_summary__dbt_backup";');

[0m15:14:45.580966 [debug] [Thread-3 (]: SQL status: OK in 0.000 seconds
[0m15:14:45.582248 [debug] [Thread-3 (]: On model.project_dbt.gold_summary: Close
[0m15:14:45.582734 [debug] [Thread-3 (]: Sending event: {'category': 'dbt', 'action': 'run_model', 'label': '411c2834-e4f9-45ff-a73d-4d37f92d98f3', 'context': [<snowplow_tracker.self_describing_json.SelfDescribingJson object at 0x000001E6757D0950>]}
[0m15:14:45.583260 [info ] [Thread-3 (]: 3 of 3 OK created sql table model gold.gold_summary ............................ [[32mOK[0m in 0.22s]
[0m15:14:45.584399 [debug] [Thread-3 (]: Finished running node model.project_dbt.gold_summary
[0m15:14:45.586288 [debug] [MainThread]: On master: COMMIT
[0m15:14:45.586690 [debug] [MainThread]: Connection 'master' was properly closed.
[0m15:14:45.586943 [debug] [MainThread]: Connection 'list_dev' was properly closed.
[0m15:14:45.587167 [debug] [MainThread]: Connection 'list_dev' was properly closed.
[0m15:14:45.587382 [debug] [MainThread]: Connection 'list_dev_gold' was properly closed.
[0m15:14:45.587587 [debug] [MainThread]: Connection 'list_dev_dbo' was properly closed.
[0m15:14:45.587792 [debug] [MainThread]: Connection 'list_dev_silver' was properly closed.
[0m15:14:45.588005 [debug] [MainThread]: Connection 'model.project_dbt.silver_employee' was properly closed.
[0m15:14:45.588287 [debug] [MainThread]: Connection 'model.project_dbt.silver_salary' was properly closed.
[0m15:14:45.588505 [debug] [MainThread]: Connection 'model.project_dbt.gold_summary' was properly closed.
[0m15:14:45.588787 [info ] [MainThread]: 
[0m15:14:45.589373 [info ] [MainThread]: Finished running 3 table models in 0 hours 0 minutes and 2.43 seconds (2.43s).
[0m15:14:45.591398 [debug] [MainThread]: Command end result
[0m15:14:45.694923 [debug] [MainThread]: Wrote artifact WritableManifest to D:\Local Projects\DBT\target\manifest.json
[0m15:14:45.699022 [debug] [MainThread]: Wrote artifact SemanticManifest to D:\Local Projects\DBT\target\semantic_manifest.json
[0m15:14:45.703513 [debug] [MainThread]: Wrote artifact OsiDocument to D:\Local Projects\DBT\target\osi_document.json
[0m15:14:45.711738 [debug] [MainThread]: Wrote artifact RunExecutionResult to D:\Local Projects\DBT\target\run_results.json
[0m15:14:45.712353 [info ] [MainThread]: 
[0m15:14:45.713229 [info ] [MainThread]: [32mCompleted successfully[0m
[0m15:14:45.714197 [info ] [MainThread]: 
[0m15:14:45.715133 [info ] [MainThread]: Done. PASS=3 WARN=0 ERROR=0 SKIP=0 NO-OP=0 REUSED=0 TOTAL=3
[0m15:14:45.716640 [debug] [MainThread]: Command `dbt run` succeeded at 15:14:45.716500 after 9.85 seconds
[0m15:14:45.716998 [debug] [MainThread]: Sending event: {'category': 'dbt', 'action': 'invocation', 'label': 'end', 'context': [<snowplow_tracker.self_describing_json.SelfDescribingJson object at 0x000001E675750B30>, <snowplow_tracker.self_describing_json.SelfDescribingJson object at 0x000001E675753A70>, <snowplow_tracker.self_describing_json.SelfDescribingJson object at 0x000001E675752090>]}
[0m15:14:45.717319 [debug] [MainThread]: Flushing usage events
[0m15:14:47.595309 [debug] [MainThread]: An error was encountered while trying to flush usage events
